item_id	label	comment
K01	background	цитата о 7.14 не видна в усечённой заметке; источник содержит её, но связь со сном Татьяны неясна
K02	background	пример книжного восприятия Татьяной, а не параллель; тот же текст Онегина
K03	not_by_text	цитата о Толстом-Американце, в Горе от ума её нет
K04	background	пример из 1.32 в заметке о ножках; та же книга, иллюстрация
K05	source	Давыдов содержит фразу, приведена как параллель к выражению; возможно просто иллюстрация словоупотребления
K06	source	
K07	background	фраза есть в 5.17 (сам Онегин), но заметка ссылается на Жениха/Разина
K08	not_by_text	цитата не из Горя от ума
K09	source	
K10	not_by_text	цитата Раевского, у Грибоедова нет
K11	not_by_text	цитата из Онегина, в Горе от ума нет
K12	source	Ср. строфа XXVIII
K13	not_by_text	цитата Булгарина/Пушкина, не Грибоедов
K14	background	цитата из 5.7 присутствует, но заметка о Финляндке, связь с параллелью неясна
K15	not_by_text	цитата из Онегина, не Грибоедов
K16	source	Горе от ума д.III явл.12 (текст в items усечён)
K17	source	черновой вариант в 1.9, приведён как свидетельство
K18	background	пример сценария Ленского; тот же Онегин
K19	source	перевод из Ариосто
K20	background	фраза есть в 2.9, но связь с заметкой о пропуске неясна
K21	background	реплика Татьяны, иллюстрация словоупотребления; тот же текст
K22	not_by_text	цитата не из Горя от ума
K23	source	Горе от ума д.III явл.21, текст в items усечён
K24	source	Ср. 7.55
K25	source	Разин
K26	background	цитата есть в 3.5, связь с заметкой о снах неясна
K27	source	Горе от ума, текст в items усечён
K28	background	иллюстрация/противопоставление в той же заметке
K29	background	пример банальных образов из 1.32
K30	not_by_text	цитата из Онегина, не из Горя от ума
K31	source	перекрёстная ссылка на Онегина 5.43-44
K32	not_by_text	цитата Брусилова, не Грибоедов
K33	background	пример употребления слова идеал
K34	source	Ср. строфа XXI 2 гл.
K35	not_by_text	цитата Пестеля, не Грибоедов
K36	background	противопоставление напиткам соседей
K37	source	черновой вариант 1.9 в заметке
K38	background	пример сценария Ленского; тот же Онегин
K39	background	цитата Разина; найденная единица 5.17 другая
K40	background	фраза есть в 3.26, но не параллель к заметке о Финляндке
