note	place	book	line	ref_text	verse_first	verse_last	status	note_head	evidence
1:PP.1.p101.t0.1	PP.1.p101	1	101	Matt. 12:31	b.MAT.12.31	b.MAT.12.31	ok	the right hand, saying, "All manner of sin and blasphemies shall be forgiven unto men."	терпимый разбор скобки [Matt. 12:31, Mark 3:28]
1:PP.1.p101.t0.2	PP.1.p101	1	101	Mark 3:28	b.MAR.3.28	b.MAR.3.28	ok	the right hand, saying, "All manner of sin and blasphemies shall be forgiven unto men."	терпимый разбор скобки [Matt. 12:31, Mark 3:28]
1:PP.1.p191.t0.2	PP.1.p191	1	191	1 Thes. 4:16	b.1TH.4.16	b.1TH.4.16	ok	were exceeding glad, and looked upward; and some sought to hide themselves under the mountains.	терпимый разбор скобки [1 Cor. 15:52; 1 Thes. 4:16; Jude 14; John 5:28,29; 2 Thes. 1:7,8; Rev.]
1:PP.1.p191.t0.3	PP.1.p191	1	191	Jude 1:14	b.JUD.1.14	b.JUD.1.14	ok	were exceeding glad, and looked upward; and some sought to hide themselves under the mountains.	терпимый разбор скобки [1 Cor. 15:52; 1 Thes. 4:16; Jude 14; John 5:28,29; 2 Thes. 1:7,8; Rev.]
1:PP.1.p191.t0.6	PP.1.p191	1	191	2 Thes. 1:7	b.2TH.1.7	b.2TH.1.7	ok	were exceeding glad, and looked upward; and some sought to hide themselves under the mountains.	терпимый разбор скобки [1 Cor. 15:52; 1 Thes. 4:16; Jude 14; John 5:28,29; 2 Thes. 1:7,8; Rev.]
1:PP.1.p191.t0.7	PP.1.p191	1	191	2 Thes. 1:8	b.2TH.1.8	b.2TH.1.8	ok	were exceeding glad, and looked upward; and some sought to hide themselves under the mountains.	терпимый разбор скобки [1 Cor. 15:52; 1 Thes. 4:16; Jude 14; John 5:28,29; 2 Thes. 1:7,8; Rev.]
1:PP.1.p191.t4.1	PP.1.p191	1	191	1 Thes. 4:16	b.1TH.4.16	b.1TH.4.16	ok	saw many catched up and carried away into the clouds, but I was left behind.	терпимый разбор скобки [1 Thes. 4:16,17]
1:PP.1.p191.t4.2	PP.1.p191	1	191	1 Thes. 4:17	b.1TH.4.17	b.1TH.4.17	ok	saw many catched up and carried away into the clouds, but I was left behind.	терпимый разбор скобки [1 Thes. 4:16,17]
1:PP.1.p226.t0.2	PP.1.p226	1	226	1 Thes. 5:7	b.1TH.5.7	b.1TH.5.7	ok	sorrow the more, by bringing again, even afresh, his evil of sleeping into his mind.	терпимый разбор скобки [Rev. 2:5; 1 Thes. 5:7,8]
1:PP.1.p226.t0.3	PP.1.p226	1	226	1 Thes. 5:8	b.1TH.5.8	b.1TH.5.8	ok	sorrow the more, by bringing again, even afresh, his evil of sleeping into his mind.	терпимый разбор скобки [Rev. 2:5; 1 Thes. 5:7,8]
1:PP.1.p228.t0.1	PP.1.p228	1	228	1 Thes. 5:6	b.1TH.5.6	b.1TH.5.6	ok	and I must hear the noise of the doleful creatures, because of my sinful sleep.	терпимый разбор скобки [1 Thes. 5:6,7]
1:PP.1.p228.t0.2	PP.1.p228	1	228	1 Thes. 5:7	b.1TH.5.7	b.1TH.5.7	ok	and I must hear the noise of the doleful creatures, because of my sinful sleep.	терпимый разбор скобки [1 Thes. 5:6,7]
1:PP.1.p473.t0.1	PP.1.p473	1	473	James 1:27	b.JAM.1.27	b.JAM.1.27	ok	the fatherless and widows in their affliction, and to keep himself unspotted from the world."	терпимый разбор скобки [James 1:27; see vv. 22-26]
1:PP.1.p473.t1.2	PP.1.p473	1	473	Matt. 13:25	b.MAT.13.25	b.MAT.13.25	ok	ourselves, that at the day of doom men shall be judged according to their fruits.	терпимый разбор скобки [Matt. 13, 25]
1:PP.1.p498.t0.1	PP.1.p498	1	498	John 16:8	b.JOH.16.8	b.JOH.16.8	ok	be damned, if he findeth not mercy at God's hand, by faith in Jesus Christ	терпимый разбор скобки [John 16:8, Rom. 7:24, John 16:9, Mark 16:16]
1:PP.1.p498.t0.2	PP.1.p498	1	498	Rom. 7:24	b.ROM.7.24	b.ROM.7.24	ok	be damned, if he findeth not mercy at God's hand, by faith in Jesus Christ	терпимый разбор скобки [John 16:8, Rom. 7:24, John 16:9, Mark 16:16]
1:PP.1.p498.t0.3	PP.1.p498	1	498	John 16:9	b.JOH.16.9	b.JOH.16.9	ok	be damned, if he findeth not mercy at God's hand, by faith in Jesus Christ	терпимый разбор скобки [John 16:8, Rom. 7:24, John 16:9, Mark 16:16]
1:PP.1.p498.t0.4	PP.1.p498	1	498	Mark 16:16	b.MAR.16.16	b.MAR.16.16	ok	be damned, if he findeth not mercy at God's hand, by faith in Jesus Christ	терпимый разбор скобки [John 16:8, Rom. 7:24, John 16:9, Mark 16:16]
1:PP.1.p498.t1.1	PP.1.p498	1	498	Ps. 38:18	b.PSA.38.18	b.PSA.38.18	ok	he findeth hungerings and thirstings after him; to which hungerings, &c., the promise is made.	терпимый разбор скобки [Ps. 38:18, Jer. 31:19, Gal. 2:16, Acts 4:12, Matt. 5:6, Rev. 21:6]
1:PP.1.p498.t1.2	PP.1.p498	1	498	Jer. 31:19	b.JER.31.19	b.JER.31.19	ok	he findeth hungerings and thirstings after him; to which hungerings, &c., the promise is made.	терпимый разбор скобки [Ps. 38:18, Jer. 31:19, Gal. 2:16, Acts 4:12, Matt. 5:6, Rev. 21:6]
1:PP.1.p498.t1.3	PP.1.p498	1	498	Gal. 2:16	b.GAL.2.16	b.GAL.2.16	ok	he findeth hungerings and thirstings after him; to which hungerings, &c., the promise is made.	терпимый разбор скобки [Ps. 38:18, Jer. 31:19, Gal. 2:16, Acts 4:12, Matt. 5:6, Rev. 21:6]
1:PP.1.p498.t1.4	PP.1.p498	1	498	Acts 4:12	b.ACT.4.12	b.ACT.4.12	ok	he findeth hungerings and thirstings after him; to which hungerings, &c., the promise is made.	терпимый разбор скобки [Ps. 38:18, Jer. 31:19, Gal. 2:16, Acts 4:12, Matt. 5:6, Rev. 21:6]
1:PP.1.p498.t1.5	PP.1.p498	1	498	Matt. 5:6	b.MAT.5.6	b.MAT.5.6	ok	he findeth hungerings and thirstings after him; to which hungerings, &c., the promise is made.	терпимый разбор скобки [Ps. 38:18, Jer. 31:19, Gal. 2:16, Acts 4:12, Matt. 5:6, Rev. 21:6]
1:PP.1.p498.t1.6	PP.1.p498	1	498	Rev. 21:6	b.REV.21.6	b.REV.21.6	ok	he findeth hungerings and thirstings after him; to which hungerings, &c., the promise is made.	терпимый разбор скобки [Ps. 38:18, Jer. 31:19, Gal. 2:16, Acts 4:12, Matt. 5:6, Rev. 21:6]
1:PP.1.p500.t0.1	PP.1.p500	1	500	Rom. 10:10	b.ROM.10.10	b.ROM.10.10	ok	1. By an experimental confession of his faith in Christ.	терпимый разбор скобки [Rom. 10:10, Phil. 1:27, Matt. 5:19]
1:PP.1.p500.t0.2	PP.1.p500	1	500	Phil. 1:27	b.PHI.1.27	b.PHI.1.27	ok	1. By an experimental confession of his faith in Christ.	терпимый разбор скобки [Rom. 10:10, Phil. 1:27, Matt. 5:19]
1:PP.1.p500.t0.3	PP.1.p500	1	500	Matt. 5:19	b.MAT.5.19	b.MAT.5.19	ok	1. By an experimental confession of his faith in Christ.	терпимый разбор скобки [Rom. 10:10, Phil. 1:27, Matt. 5:19]
1:PP.1.p501.t0.1	PP.1.p501	1	501	John 14:15	b.JOH.14.15	b.JOH.14.15	ok	but by a practical subjection, in faith and love, to the power of the Word.	терпимый разбор скобки [John 14:15, Ps. 50:23, Job 42:5-6, Eze. 20:43]
1:PP.1.p501.t0.2	PP.1.p501	1	501	Ps. 50:23	b.PSA.50.23	b.PSA.50.23	ok	but by a practical subjection, in faith and love, to the power of the Word.	терпимый разбор скобки [John 14:15, Ps. 50:23, Job 42:5-6, Eze. 20:43]
1:PP.1.p501.t0.3	PP.1.p501	1	501	Job 42:5-6	b.JOB.42.5	b.JOB.42.6	ok	but by a practical subjection, in faith and love, to the power of the Word.	терпимый разбор скобки [John 14:15, Ps. 50:23, Job 42:5-6, Eze. 20:43]
1:PP.1.p501.t0.4	PP.1.p501	1	501	Eze. 20:43	b.EZE.20.43	b.EZE.20.43	ok	but by a practical subjection, in faith and love, to the power of the Word.	терпимый разбор скобки [John 14:15, Ps. 50:23, Job 42:5-6, Eze. 20:43]
1:PP.1.p521.t0.1	PP.1.p521	1	521	John 4:36	b.JOH.4.36	b.JOH.4.36	ok	if you hold out: "for in due season ye shall reap, if ye faint not."	терпимый разбор скобки [John 4:36, Gal. 6:9]
1:PP.1.p521.t0.2	PP.1.p521	1	521	Gal. 6:9	b.GAL.6.9	b.GAL.6.9	ok	if you hold out: "for in due season ye shall reap, if ye faint not."	терпимый разбор скобки [John 4:36, Gal. 6:9]
1:PP.1.p531.t1.1	PP.1.p531	1	531	Matt. 4:8	b.MAT.4.8	b.MAT.4.8	ok	the fair, would he but have done him reverence as he went through the town.	терпимый разбор скобки [Matt. 4:8, Luke 4:5-7]
1:PP.1.p531.t1.2	PP.1.p531	1	531	Luke 4:5-7	b.LUK.4.5	b.LUK.4.7	ok	the fair, would he but have done him reverence as he went through the town.	терпимый разбор скобки [Matt. 4:8, Luke 4:5-7]
1:PP.1.p535.t0.1	PP.1.p535	1	535	Ps. 119:37	b.PSA.119.37	b.PSA.119.37	ok	from beholding vanity, and look upwards, signifying that their trade and traffic was in heaven.	терпимый разбор скобки [Ps. 119:37, Phil. 3:19-20]
1:PP.1.p535.t0.2	PP.1.p535	1	535	Phil. 3:19-20	b.PHI.3.19	b.PHI.3.20	ok	from beholding vanity, and look upwards, signifying that their trade and traffic was in heaven.	терпимый разбор скобки [Ps. 119:37, Phil. 3:19-20]
1:PP.1.p564.t0.1	PP.1.p564	1	564	Exo. 1:22	b.EXO.1.22	b.EXO.1.22	ok	multiply and grow too strong for him, their males should be thrown into the river.	терпимый разбор скобки [Exo. 1:22]
1:PP.1.p640.t0.1	PP.1.p640	1	640	2 Kings 5:20	b.2KI.5.20	b.2KI.5.20	ok	Gehazi was your great-grandfather, and Judas your father; and you have trod in their steps.	терпимый разбор скобки [2 Kings 5:20, Matt. 26:14,15, 27:1-5]
1:PP.1.p640.t0.2	PP.1.p640	1	640	Matt. 26:14	b.MAT.26.14	b.MAT.26.14	ok	Gehazi was your great-grandfather, and Judas your father; and you have trod in their steps.	терпимый разбор скобки [2 Kings 5:20, Matt. 26:14,15, 27:1-5]
1:PP.1.p640.t0.3	PP.1.p640	1	640	Matt. 26:15	b.MAT.26.15	b.MAT.26.15	ok	Gehazi was your great-grandfather, and Judas your father; and you have trod in their steps.	терпимый разбор скобки [2 Kings 5:20, Matt. 26:14,15, 27:1-5]
1:PP.1.p640.t0.4	PP.1.p640	1	640	Matt. 27:1-5	b.MAT.27.1	b.MAT.27.5	ok	Gehazi was your great-grandfather, and Judas your father; and you have trod in their steps.	терпимый разбор скобки [2 Kings 5:20, Matt. 26:14,15, 27:1-5]
1:PP.1.p650.t0.1	PP.1.p650	1	650	Ps. 65:9	b.PSA.65.9	b.PSA.65.9	ok	king called "the river of God", but John, "the river of the water of life".	терпимый разбор скобки [Ps. 65:9, Rev. 22, Ezek. 47]
1:PP.1.p650.t1.1	PP.1.p650	1	650	Ps. 23:2	b.PSA.23.2	b.PSA.23.2	ok	drank again of the water of the river, and then lay down again to sleep.	терпимый разбор скобки [Ps. 23:2, Isa. 14:30]
1:PP.1.p650.t1.2	PP.1.p650	1	650	Isa. 14:30	b.ISA.14.30	b.ISA.14.30	ok	drank again of the water of the river, and then lay down again to sleep.	терпимый разбор скобки [Ps. 23:2, Isa. 14:30]
1:PP.1.p699.t0.1	PP.1.p699	1	699	Pro. 21:16	b.PRO.21.16	b.PRO.21.16	ok	wandereth out of the way of understanding, shall remain in the congregation of the dead."	терпимый разбор скобки [Pro. 21:16]
1:PP.1.p721.t0.1	PP.1.p721	1	721	Matt. 12:45	b.MAT.12.45	b.MAT.12.45	ok	of him back to the door that they saw on the side of the hill.	терпимый разбор скобки [Matt. 12:45, Prov. 5:22]
1:PP.1.p721.t0.2	PP.1.p721	1	721	Prov. 5:22	b.PRO.5.22	b.PRO.5.22	ok	of him back to the door that they saw on the side of the hill.	терпимый разбор скобки [Matt. 12:45, Prov. 5:22]
1:PP.1.p751.t0.1	PP.1.p751	1	751	Exo. 33:15	b.EXO.33.15	b.EXO.33.15	ok	was rather for dying where he stood, than to go one step without his God.	терпимый разбор скобки [Exo. 33:15]
1:PP.1.p756.t1.1	PP.1.p756	1	756	Prov. 29:5	b.PRO.29.5	b.PRO.29.5	ok	It is Flatterer, a false apostle, that hath transformed himself into an angel of light.	терпимый разбор скобки [Prov. 29:5, Dan. 11:32, 2 Cor. 11:13,14]
1:PP.1.p756.t1.2	PP.1.p756	1	756	Dan. 11:32	b.DAN.11.32	b.DAN.11.32	ok	It is Flatterer, a false apostle, that hath transformed himself into an angel of light.	терпимый разбор скобки [Prov. 29:5, Dan. 11:32, 2 Cor. 11:13,14]
1:PP.1.p756.t1.3	PP.1.p756	1	756	2 Cor. 11:13	b.2CO.11.13	b.2CO.11.13	ok	It is Flatterer, a false apostle, that hath transformed himself into an angel of light.	терпимый разбор скобки [Prov. 29:5, Dan. 11:32, 2 Cor. 11:13,14]
1:PP.1.p756.t1.4	PP.1.p756	1	756	2 Cor. 11:14	b.2CO.11.14	b.2CO.11.14	ok	It is Flatterer, a false apostle, that hath transformed himself into an angel of light.	терпимый разбор скобки [Prov. 29:5, Dan. 11:32, 2 Cor. 11:13,14]
1:PP.1.p757.t1.1	PP.1.p757	1	757	2 Chron. 6:26	b.2CH.6.26	b.2CH.6.26	ok	said, "As many as I love, I rebuke and chasten; be zealous, therefore, and repent."	терпимый разбор скобки [2 Chron. 6:26,27, Rev. 3:19]
1:PP.1.p757.t1.2	PP.1.p757	1	757	2 Chron. 6:27	b.2CH.6.27	b.2CH.6.27	ok	said, "As many as I love, I rebuke and chasten; be zealous, therefore, and repent."	терпимый разбор скобки [2 Chron. 6:26,27, Rev. 3:19]
1:PP.1.p757.t1.3	PP.1.p757	1	757	Rev. 3:19	b.REV.3.19	b.REV.3.19	ok	said, "As many as I love, I rebuke and chasten; be zealous, therefore, and repent."	терпимый разбор скобки [2 Chron. 6:26,27, Rev. 3:19]
1:PP.1.p768.t0.1	PP.1.p768	1	768	Jer. 22:12	b.JER.22.12	b.JER.22.12	ok	but find no more of it than I did the first day I set out.	терпимый разбор скобки [Jer. 22:12, Eccl. 10:15]
1:PP.1.p768.t0.2	PP.1.p768	1	768	Eccl. 10:15	b.ECC.10.15	b.ECC.10.15	ok	but find no more of it than I did the first day I set out.	терпимый разбор скобки [Jer. 22:12, Eccl. 10:15]
1:PP.1.p835.t2.1	PP.1.p835	1	835	Ps. 95:6	b.PSA.95.6	b.PSA.95.6	ok	my knees, with all my heart and soul, the Father to reveal him to me.	терпимый разбор скобки [Ps. 95:6, Dan. 6:10, Jer. 29:12,13]
1:PP.1.p835.t2.2	PP.1.p835	1	835	Dan. 6:10	b.DAN.6.10	b.DAN.6.10	ok	my knees, with all my heart and soul, the Father to reveal him to me.	терпимый разбор скобки [Ps. 95:6, Dan. 6:10, Jer. 29:12,13]
1:PP.1.p835.t2.3	PP.1.p835	1	835	Jer. 29:12	b.JER.29.12	b.JER.29.12	ok	my knees, with all my heart and soul, the Father to reveal him to me.	терпимый разбор скобки [Ps. 95:6, Dan. 6:10, Jer. 29:12,13]
1:PP.1.p835.t2.4	PP.1.p835	1	835	Jer. 29:13	b.JER.29.13	b.JER.29.13	ok	my knees, with all my heart and soul, the Father to reveal him to me.	терпимый разбор скобки [Ps. 95:6, Dan. 6:10, Jer. 29:12,13]
1:PP.1.p835.t3.1	PP.1.p835	1	835	Exo. 25:22	b.EXO.25.22	b.EXO.25.22	ok	magnify thy grace in the salvation of my soul, through thy Son Jesus Christ. Amen.	терпимый разбор скобки [Exo. 25:22, Lev. 16:2, Num. 7:89, Heb. 4:16]
1:PP.1.p835.t3.2	PP.1.p835	1	835	Lev. 16:2	b.LEV.16.2	b.LEV.16.2	ok	magnify thy grace in the salvation of my soul, through thy Son Jesus Christ. Amen.	терпимый разбор скобки [Exo. 25:22, Lev. 16:2, Num. 7:89, Heb. 4:16]
1:PP.1.p835.t3.3	PP.1.p835	1	835	Num. 7:89	b.NUM.7.89	b.NUM.7.89	ok	magnify thy grace in the salvation of my soul, through thy Son Jesus Christ. Amen.	терпимый разбор скобки [Exo. 25:22, Lev. 16:2, Num. 7:89, Heb. 4:16]
1:PP.1.p835.t3.4	PP.1.p835	1	835	Heb. 4:16	b.HEB.4.16	b.HEB.4.16	ok	magnify thy grace in the salvation of my soul, through thy Son Jesus Christ. Amen.	терпимый разбор скобки [Exo. 25:22, Lev. 16:2, Num. 7:89, Heb. 4:16]
1:PP.1.p848.t0.1	PP.1.p848	1	848	2 Cor. 12:9	b.2CO.12.9	b.2CO.12.9	ok	a great, a very great sinner. And he answered, "My grace is sufficient for thee."	терпимый разбор скобки [2 Cor.12:9]
1:PP.1.p889.t0.1	PP.1.p889	1	889	Ps. 125:5	b.PSA.125.5	b.PSA.125.5	ok	the Word of God saith that man's ways are crooked ways; not good, but perverse.	терпимый разбор скобки [Ps. 125:5, Prov. 2:15]
1:PP.1.p889.t0.2	PP.1.p889	1	889	Prov. 2:15	b.PRO.2.15	b.PRO.2.15	ok	the Word of God saith that man's ways are crooked ways; not good, but perverse.	терпимый разбор скобки [Ps. 125:5, Prov. 2:15]
1:PP.1.p910.t1.1	PP.1.p910	1	910	1 Cor. 12:3	b.1CO.12.3	b.1CO.12.3	ok	mighty power; the working of which faith, I perceive, poor Ignorance, thou art ignorant of.	терпимый разбор скобки [1 Cor. 12:3, Eph. 1:18,19]
1:PP.1.p910.t1.2	PP.1.p910	1	910	Eph. 1:18	b.EPH.1.18	b.EPH.1.18	ok	mighty power; the working of which faith, I perceive, poor Ignorance, thou art ignorant of.	терпимый разбор скобки [1 Cor. 12:3, Eph. 1:18,19]
1:PP.1.p910.t1.3	PP.1.p910	1	910	Eph. 1:19	b.EPH.1.19	b.EPH.1.19	ok	mighty power; the working of which faith, I perceive, poor Ignorance, thou art ignorant of.	терпимый разбор скобки [1 Cor. 12:3, Eph. 1:18,19]
1:PP.1.p922.t0.1	PP.1.p922	1	922	Prov. 1:7	b.PRO.1.7	b.PRO.1.7	ok	for so says the Word, "The fear of the Lord is the beginning of wisdom."	терпимый разбор скобки [Prov. 1:7, 9:10, Job 28:28, Ps. 111:10]
1:PP.1.p922.t0.2	PP.1.p922	1	922	Prov. 9:10	b.PRO.9.10	b.PRO.9.10	ok	for so says the Word, "The fear of the Lord is the beginning of wisdom."	терпимый разбор скобки [Prov. 1:7, 9:10, Job 28:28, Ps. 111:10]
1:PP.1.p922.t0.3	PP.1.p922	1	922	Job 28:28	b.JOB.28.28	b.JOB.28.28	ok	for so says the Word, "The fear of the Lord is the beginning of wisdom."	терпимый разбор скобки [Prov. 1:7, 9:10, Job 28:28, Ps. 111:10]
1:PP.1.p922.t0.4	PP.1.p922	1	922	Ps. 111:10	b.PSA.111.10	b.PSA.111.10	ok	for so says the Word, "The fear of the Lord is the beginning of wisdom."	терпимый разбор скобки [Prov. 1:7, 9:10, Job 28:28, Ps. 111:10]
1:PP.1.p964.t0.1	PP.1.p964	1	964	Isa. 62:4	b.ISA.62.4	b.ISA.62.4	ok	flowers appear on the earth, and heard the voice of the turtle in the land.	терпимый разбор скобки [Isa. 62:4, Song of Solomon 2:10-12]
1:PP.1.p964.t0.2	PP.1.p964	1	964	Song 2:10-12	b.SON.2.10	b.SON.2.12	ok	flowers appear on the earth, and heard the voice of the turtle in the land.	терпимый разбор скобки [Isa. 62:4, Song of Solomon 2:10-12]
1:PP.1.p968.t0.1	PP.1.p968	1	968	Rev. 21:18	b.REV.21.18	b.REV.21.18	ok	two men, in raiment that shone like gold; also their faces shone as the light.	терпимый разбор скобки [Rev. 21:18, 2 Cor. 3:18]
1:PP.1.p968.t0.2	PP.1.p968	1	968	2 Cor. 3:18	b.2CO.3.18	b.2CO.3.18	ok	two men, in raiment that shone like gold; also their faces shone as the light.	терпимый разбор скобки [Rev. 21:18, 2 Cor. 3:18]
1:PP.1.p980.t5.1	PP.1.p980	1	980	1 Thes. 4:13-16	b.1TH.4.13	b.1TH.4.16	ok	also shall have a voice in that judgment, because they were his and your enemies.	терпимый разбор скобки [1 Thes. 4:13-16, Jude 1:14, Dan. 7:9,10, 1 Cor. 6:2,3]
1:PP.1.p980.t5.2	PP.1.p980	1	980	Jude 1:14	b.JUD.1.14	b.JUD.1.14	ok	also shall have a voice in that judgment, because they were his and your enemies.	терпимый разбор скобки [1 Thes. 4:13-16, Jude 1:14, Dan. 7:9,10, 1 Cor. 6:2,3]
1:PP.1.p980.t5.3	PP.1.p980	1	980	Dan. 7:9	b.DAN.7.9	b.DAN.7.9	ok	also shall have a voice in that judgment, because they were his and your enemies.	терпимый разбор скобки [1 Thes. 4:13-16, Jude 1:14, Dan. 7:9,10, 1 Cor. 6:2,3]
1:PP.1.p980.t5.4	PP.1.p980	1	980	Dan. 7:10	b.DAN.7.10	b.DAN.7.10	ok	also shall have a voice in that judgment, because they were his and your enemies.	терпимый разбор скобки [1 Thes. 4:13-16, Jude 1:14, Dan. 7:9,10, 1 Cor. 6:2,3]
1:PP.1.p980.t5.5	PP.1.p980	1	980	1 Cor. 6:2	b.1CO.6.2	b.1CO.6.2	ok	also shall have a voice in that judgment, because they were his and your enemies.	терпимый разбор скобки [1 Thes. 4:13-16, Jude 1:14, Dan. 7:9,10, 1 Cor. 6:2,3]
1:PP.1.p980.t5.6	PP.1.p980	1	980	1 Cor. 6:3	b.1CO.6.3	b.1CO.6.3	ok	also shall have a voice in that judgment, because they were his and your enemies.	терпимый разбор скобки [1 Thes. 4:13-16, Jude 1:14, Dan. 7:9,10, 1 Cor. 6:2,3]
