note	place	book	line	ref_text	source_unit	status	note_head	cov_head_par	quote	flags
1:woe	PL.1.p001	1	3	Aeneid book 4	Aeneid.4	ok	Death into the World, and all our woe. This locution echoes fairly closely Virgil's narrative voice in Aeneid book 4, announcing that death 	1.00		
1:iliad	PL.1.p002	1	27	Iliad 2.484-85	Iliad.2	ok	Say first. Compare this with Homer's invocations to the muse in the Iliad 2.484-85. See also Virgil's Aeneid 1.8 .	1.00		
1:iliad	PL.1.p002	1	27	Aeneid 1.8	Aeneid.1	ok	Say first. Compare this with Homer's invocations to the muse in the Iliad 2.484-85. See also Virgil's Aeneid 1.8 .	1.00		
1:adamantine	PL.1.p002	1	48	Aeneid 6.548	Aeneid.6	ok	Adamantine.  Unbreakable, rocklike. See Virgil's Aeneid 6.548 where we hear about an underworld gate "and pillars of solid adamant."	1.00		
1:servitude	PL.1.p008	1	263	Odyssey 11.489-91	Odyssey.11	ok	serve in Heav'n.  But see Abdiel's (chronologically) prior warning to Satan: 6. 178-88.  Homer's Odysseus says that when he interviewed Achi	1.00		
1:ethereal	PL.1.p010	1	285	Aeneid 8.626-29	Aeneid.8	ok	Ethereal temper.  Tempered in ethereal (heavenly) fire.  Aeneas's shield was said to have been forged in the netherworld by Vulcan and was b	1.00		
1:leaves	PL.1.p010	1	302	Aeneid 6.307-14	Aeneid.6	ok	Autumnal Leaves. A common simile for the dead in classical epic; see Virgil's Aeneid 6.307-14, Homer's Iliad 6.145-50 and Dante's Inferno 3.	1.00		
1:leaves	PL.1.p010	1	302	Iliad 6.145-50	Iliad.6	ok	Autumnal Leaves. A common simile for the dead in classical epic; see Virgil's Aeneid 6.307-14, Homer's Iliad 6.145-50 and Dante's Inferno 3.	1.00		
1:orion	PL.1.p010	1	305	Aeneid 1. 535	Aeneid.1	ok	Orion.  A "stormy" constellation in Aeneid 1. 535.	1.00		
1:cranes	PL.1.p011	1	576	Iliad 3. 1-5	Iliad.3	ok	Warr'd on by Cranes.  In Iliad 3. 1-5, Homer compares the cries of the Trojans to the sound made by cranes in their annual rush to the sea, 	1.00		
1:phlegra	PL.1.p011	1	577	Metamorphoses 10. 318	Metamorphoses.10	ok	Phlegra.  In Ovid's Metamorphoses 10. 318, the giants battle the gods on the plain of Phlegra in Macedonia.	1.00		
1:relate	PL.1.p014	1	746	Iliad 1. 591-5	Iliad.1	ok	they relate.  Homer, in Iliad 1. 591-5 tells the story of Hephaistos's fall.	1.00		
1:Bees	PL.1.p014	1	768	Iliad 2. 87-90	Iliad.2	ok	Bees.  Homer describes the Achaean assembly (Iliad 2. 87-90) and Virgil the Carthaginians (Aeneid 1.430-36) as busy bees.	1.00		
1:Bees	PL.1.p014	1	768	Aeneid 1.430-36	Aeneid.1	ok	Bees.  Homer describes the Achaean assembly (Iliad 2. 87-90) and Virgil the Carthaginians (Aeneid 1.430-36) as busy bees.	1.00		
2:ascentiseasy	PL.2.p004	2	81	Aeneid 6. 126-129	Aeneid.6	ok	Th' ascent is easie.    Contrast with the sybil's warning to Aeneas about the difficulty of returning from Hades. (Aeneid 6. 126-129). Also 	1.00		
2:line245	PL.2.p008	2	245	Iliad 4. 3-4	Iliad.4	ok	Ambrosial Flowers.    In the Iliad 4. 3-4,  Hebe pours ambrosia, or nectar, for the gods. Thus ambrosia was thought to be the proper food of	1.00		
2:oath	PL.2.p010	2	352	Iliad 1. 530	Iliad.1	ok	by an Oath.    Milton combines biblical representations of God taking an oath by himself "because he could swear by no greater" (Hebrews 6: 	1.00		
2:lines434-436	PL.2.p013	2	434	Aeneid 6.438	Aeneid.6	ok	convex of Fire.    Convex refers to the spherical area around Hell; "ninefold" refers to the nine circles of the Styx around the underworld 	1.00		
2:line530	PL.2.p014	2	530	Aeneid 5.604	Aeneid.5	ok	th' Olympian Games or Pythian fields.    This alludes to the annual games of remembrance in Aeneid 5.604, and the games at the tomb of Patro	1.00		
2:line530	PL.2.p014	2	530	Iliad 23. 800	Iliad.23	ok	th' Olympian Games or Pythian fields.    This alludes to the annual games of remembrance in Aeneid 5.604, and the games at the tomb of Patro	1.00		
2:oechalia	PL.2.p014	2	542	Metamorphoses 9. 134	Metamorphoses.9	ok	Oechalia.   Misprinted as Oealia in 1667.  See Seneca's Hercules Furens, Sophocles's Trachiniae, and Ovid's Metamorphoses 9. 134.	1.00		
2:lines542-546	PL.2.p014	2	545	Metamorphoses 9. 134	Metamorphoses.9	ok	Lichas  from the top of Oeta.    Returning victorious from Oechalia, in Laconia, Hercules was brought a gift of the cloak of the centaur Nes	1.00		
2:ravishment	PL.2.p014	2	554	Odyssey book 10	Odyssey.10	ok	took with ravishment.    The devils' song charms the senses as the cup of Circe charms her captives to their ruin in Homer's Odyssey book 10	1.00		
2:harpy-footedFuries	PL.2.p014	2	596	Aeneid 3.211-217	Aeneid.3	ok	harpy-footed Furies.    The harpies, who attacked Aeneas and his men, had the faces and breasts of young women, the wings and bodies of bird	1.00		
2:smalldrop	PL.2.p014	2	607	Odyssey 11.582	Odyssey.11	ok	one small drop.    An echo of the story of Tantalus in Odyssey 11.582. 	1.00		
2:Medusa	PL.2.p014	2	611	Odyssey 11.627	Odyssey.11	ok	Medusa.    Gorgon who had snakes for hair and whose appearance turned men into stones. See Odyssey 11.627.	1.00		
2:Tantalus	PL.2.p014	2	614	Odyssey 11.582	Odyssey.11	ok	Tantalus.    Tantalus was condemned in Hell to suffer intense thirst in a pool whose water rose just below the reach of his lips. See Odysse	1.00		
2:gorgons	PL.2.p014	2	628	Aeneid 6	Aeneid.6	ok	Gorgons and Hydra's, and Chimera's.    The hydra was a nine-headed dragon, the chimera breathed fire, and for the gorgons, see line 611 and 	1.00		
2:lines649-660	PL.2.p015	2	650	Metamorphoses 14	Metamorphoses.14	ok	seem'd Woman.  Sin owes her serpentine nether parts to conceptions like Spenser's Error: Halfe like a serpent horribly displaide, But th'oth	1.00		
2:Cerberian	PL.2.p015	2	655	Iliad 8.365	Iliad.8	ok	Cerberian.  Like the legendary "hound of Hell," Cerberus.  See Homer's Iliad 8.365.	1.00		
2:waist	PL.2.p015	2	660	Metamorphoses 14	Metamorphoses.14	ok	Scylla.  For the story of Scylla's vexation, see Ovid's Metamorphoses 14.	1.00		
2:lines895-897	PL.2.p025	2	896	Metamorphoses 1.5-20	Metamorphoses.1	ok	Eternal Anarchie.    See Ovid's Metamorphoses 1.5-20. 	1.00		
2:goldenChain	PL.2.p027	2	1005	Iliad 8. 15-24	Iliad.8	ok	golden Chain.    See Iliad 8. 15-24 for the legend of the golden chain linking the earth and the heavens. 	1.00		
2:Charybdis	PL.2.p028	2	1020	Odyssey 12. 234-259	Odyssey.12	ok	Charybdis.    Whirlpool opposite Scylla, the more treacherous whirlpool. See Odyssey 12. 234-259.	1.00		
3:orphean	PL.3.p001	3	17	Metamorphoses 10	Metamorphoses.10	ok	Orphean.  The legendary orator, poet and musician, Orpheus, travelled to Hades to plead for the release of his young wife, Eurydice. See Ovi	1.00		
3:thamyris	PL.3.p001	3	35	Iliad 2.591-4	Iliad.2	ok	Thamyris.  Homer mentions this blind Thracian in the Iliad 2.591-4.	1.00		
3:hesperian	PL.3.p013	3	568	Metamorphoses 4. 632-40	Metamorphoses.4	ok	Hesperian Gardens.  As in A Mask 981-982, this refers to the Hesperides, a legendary orchard at the edge of the world where golden fruit gre	1.00		
4:fable	PL.4.p004	4	250	Metamorphoses 4. 632-680	Metamorphoses.4	ok	Hesperian Fables.  Referring to the stories of Hesperian gardens, a legendary orchard at the edge of the world where golden fruit grew, as d	1.00		
4:milt	PL.4.p004	4	269	Metamorphoses 5	Metamorphoses.5	ok	Proserpin.  Milton refers to the stories of Proserpina in Ovid's Metamorphoses 5 and the Homeric Hymn to Demeter. Proserpina, daughter of Ze	1.00		
4:dap	PL.4.p004	4	273	Metamorphoses 1.452-68	Metamorphoses.1	ok	Daphne.  The gardens of Daphne on the river Orontes in Syria were known for their magnificent cypress and laurel trees, which were watered b	1.00		
4:lok	PL.4.p004	4	301	Metamorphoses 10.163-219	Metamorphoses.10	ok	Hyacinthin Locks.  The poem  compares Adam to Hyacinthus, the boy beloved of Apollo in Orpheus's song from Ovid's Metamorphoses 10.163-219 (	1.00		
4:lok	PL.4.p004	4	301	Odyssey 6. 231	Odyssey.6	ok	Hyacinthin Locks.  The poem  compares Adam to Hyacinthus, the boy beloved of Apollo in Orpheus's song from Ovid's Metamorphoses 10.163-219 (	1.00		
4:lok	PL.4.p004	4	301	Aeneid 1.590-91	Aeneid.1	ok	Hyacinthin Locks.  The poem  compares Adam to Hyacinthus, the boy beloved of Apollo in Orpheus's song from Ovid's Metamorphoses 10.163-219 (	1.00		
4:met	PL.4.p008	4	461	Metamorphoses 3.402-510	Metamorphoses.3	ok	A Shape.  Milton echoes here in Eve's actions the myth of Narcissus in Ovid's Metamorphoses 3.402-510. For further discussion of Eve's narci	1.00		
4:juno	PL.4.p009	4	500	Iliad 14.346-51	Iliad.14	ok	Juno.  Jupiter's queen, and, allegorically, the air.  John Leonard (Introduction to PL xxxvi-xxxvii) hears an echo here of the story of Hera	1.00		
4:lov	PL.4.p020	4	763	Metamorphoses 1. 468	Metamorphoses.1	ok	Love.  Milton's description of "Love" is similar to Ovid's representation of Cupid, son of Venus. See Metamorphoses 1. 468.  See also the st	1.00		
4:asz	PL.4.p038	4	997	Iliad 8. 69-72	Iliad.8	ok	Scales.  Milton remembered the golden scales in which Zeus weighed and compared the destinies of the Greeks and Trojans Iliad 8. 69-72, and 	1.00		
4:asz	PL.4.p038	4	997	Iliad 22. 209	Iliad.22	ok	Scales.  Milton remembered the golden scales in which Zeus weighed and compared the destinies of the Greeks and Trojans Iliad 8. 69-72, and 	1.00		
4:asz	PL.4.p038	4	997	Aeneid 12. 725-727	Aeneid.12	ok	Scales.  Milton remembered the golden scales in which Zeus weighed and compared the destinies of the Greeks and Trojans Iliad 8. 69-72, and 	1.00		
5:rosie	PL.5.p001	5	1	Odyssey 2.1	Odyssey.2	ok	rosie steps.  Milton echoes Homer's "rosy-fingered dawn" (Odyssey 2.1).  Does this invite us to compare Homer's Odysseus with Milton's Adam,	1.00		
5:bird	PL.5.p003	5	40	Metamorphoses 6.440-670	Metamorphoses.6	ok	night-warbling Bird.  The nightingale.  Mention of the nightingale cannot help but evoke memory of Ovid's story of the rape of Philomela in 	1.00		
5:fairest	PL.5.p007	5	166	Iliad 22. 315	Iliad.22	ok	Fairest of Starrs.  The morning star called Lucifer (light-bringer) by  day and Hesperus by night.  It is the brightest star in Homer's Ilia	1.00		
5:maia	PL.5.p010	5	285	Odyssey 10.275	Odyssey.10	ok	Maia's son. In classical mythology the heavenly messenger was Hermes or Mercury.  Maia, daughter of Atlas, bore Hermes to Zeus (see Pseudo-A	1.00		
5:maia	PL.5.p010	5	285	Aeneid 4.219-278	Aeneid.4	ok	Maia's son. In classical mythology the heavenly messenger was Hermes or Mercury.  Maia, daughter of Atlas, bore Hermes to Zeus (see Pseudo-A	1.00		
5:alcinous	PL.5.p013	5	341	Odyssey 7.115-34	Odyssey.7	ok	Alcinous.  He is the king of Phaiakia in Homer's Odyssey 7.115-34.   Odysseus visits his paradisal garden of perpetual harvest. 	1.00		
5:reveal	PL.5.p025	5	570	Odyssey 9	Odyssey.9	ok	to reveal.  Classical epics often included large sections of reported action.  Here Raphael tells Adam of Satan's original rebellion; in sub	1.00		
6:rosie	PL.6.p001	6	3	Odyssey 2.1	Odyssey.2	ok	with rosie hand.  As at the opening of book 5, Milton echoes Homer's image of the "rosy fingered dawn" (Odyssey 2.1).	1.00		
6:undaunted	PL.6.p003	6	113	Iliad 22.98	Iliad.22	ok	undaunted heart explores.  The phrase recalls Homer's introduction of Hector's speech before his battle with Achilles in Iliad 22.98. 	1.00		
6:humor	PL.6.p012	6	332	Iliad 5.334-417	Iliad.5	ok	Nectarous humor.   This passage echoes one in the Iliad 5.334-417, which also describes a celestial battle. Aphrodite's hand is pierced and 	1.00		
6:Raphael	PL.6.p013	6	363	Odyssey 9	Odyssey.9	ok	Raphael.   Raphael speaks of himself in the third person; he has not introduced himself to Adam by name, nor does he ever.  Thus, he is in s	1.00		
6:chariot	PL.6.p025	6	711	Metamorphoses 2.42	Metamorphoses.2	ok	Ascend my Chariot.  The image alludes to the legend of Phaeton who stole his father Phoebus' (Apollo's) chariot (the sun) and wrecked it, de	1.00		
7:thracianbard	PL.7.p001	7	34	Metamorphoses 11	Metamorphoses.11	ok	Thracian Bard. Orpheus, from Thrace,  was torn to pieces by followers of Bacchus after he offended the Bacchantes. (Metamorphoses 11 and "Ly	1.00		
7:invoke	PL.7.p002	7	40	Iliad 1.1	Iliad.1	ok	Say Goddess. Homer invokes his muse in a similar way. See his Iliad 1.1.	1.00		
7:interpreter	PL.7.p003	7	72	Aeneid 4. 378	Aeneid.4	ok	Divine interpreter. This title recalls Virgil's nickname for Mercury — interpres divum (messenger of heaven):  Aeneid 4. 378.	1.00		
7:balanced	PL.7.p010	7	242	Metamorphoses 1. 18	Metamorphoses.1	ok	Earth self-balanc't.  Milton echoes much that is found in Ovid's account of creation (Metamorphoses 1. 18), even though Ovid's description a	0.67		
7:prolific	PL.7.p013	7	280	Metamorphoses 1. 150	Metamorphoses.1	ok	Prolific humour. Fertile fluid.  The images of prolific humor and embryon waters are more Ovidian than biblical (Metamorphoses 1. 150)  They	1.00		
7:ovid	PL.7.p016	7	463	Metamorphoses 1	Metamorphoses.1	ok	now half appeer'd.  These images are very reminiscent of the autochthonous creation in Ovid's Metamorphoses 1.    	1.00		
7:master	PL.7.p016	7	505	Metamorphoses 1.76-82	Metamorphoses.1	ok	Master work.  This idea is similar to that articulated in Ovid's Metamorphoses 1.76-82. 	1.00		
8:line561-570	PL.8.p015	8	570	Odyssey 10.275	Odyssey.10	ok	Not thy subjection.   See God's rebuke to Adam in   10.145-56.  Unlike Hermes' warning to Odysseus to beware of Circe's charms (Odyssey 10.2	1.00		
8:line561-570	PL.8.p015	8	570	Aeneid 4.238-48	Aeneid.4	ok	Not thy subjection.   See God's rebuke to Adam in   10.145-56.  Unlike Hermes' warning to Odysseus to beware of Circe's charms (Odyssey 10.2	1.00		
9:worldofwoe	PL.9.p001	9	11	Aeneid book 4	Aeneid.4	ok	into this World a world of woe. This line echoes the early lines of book 1, which in turn echo fairly closely Virgil's narrative voice in Ae	1.00		
9:line15a	PL.9.p001	9	15	Iliad 22	Iliad.22	ok	his Foe.   Hector: Achilles pursued Hector around the walls of Troy (Iliad 22).	1.00		
9:line17	PL.9.p001	9	17	Aeneid 7	Aeneid.7	ok	Turnus for Lavinia.   A secondary theme of Virgil's Aeneid is the rage of Turnus for the loss to Aeneas of his beloved Lavinia (Aeneid 7).	1.00		
9:line19	PL.9.p001	9	19	Odyssey 1.19-20	Odyssey.1	ok	the Greek.   Odysseus; his wandering at sea was caused by Neptune's (Poseidon's) anger (Odyssey 1.19-20).	1.00		
9:line19a	PL.9.p001	9	19	Aeneid 1	Aeneid.1	ok	Cytherea's son.   Aeneas; Milton alludes to two classical heroes persecuted by Gods — Odysseus by Neptune and Aeneas by Juno (Aeneid 1). 	1.00		
9:foodoflove	PL.9.p006	9	240	Metamorphoses 9.749	Metamorphoses.9	ok	of Love the food.   For Ovid, hope is the food of love (Metamorphoses 9.749); for Shakespeare's Orsino, it is music (Twelfth Night 1.1.1); f	1.00		
9:begone	PL.9.p012	9	372	Aeneid 4.381	Aeneid.4	ok	Go.   James Nohrnberg pointed out that Adam's imperative "Go," here echoes Dido's "I, sequere Italiam ventis" (Go! Seek out Italy through th			
9:line394	PL.9.p014	9	394	Metamorphoses 14.628	Metamorphoses.14	ok	Pomona.   Goddess of orchards or fruit: Ovid tells the story of Pomona being wooed by Vertumnus who eventually succeeds (Metamorphoses 14.62	1.00		
9:line395	PL.9.p014	9	395	Metamorphoses 5.341	Metamorphoses.5	ok	Ceres.   Ovid says that Ceres was the first to teach men to use the plow before the birth of Proserpina (Metamorphoses 5.341). 	1.00		
9:line441	PL.9.p014	9	441	Odyssey 7	Odyssey.7	ok	Laertes son.  Odysseus, who visited the Garden of Alcinous in Odyssey 7.	1.00		
9:line505	PL.9.p016	9	505	Metamorphoses 4.563-603	Metamorphoses.4	ok	chang'd.   The narrator alludes to Ovid's story of the metamorphosis of Cadmus and Harmonia into serpents (Metamorphoses 4.563-603).	1.00		
9:line506	PL.9.p016	9	506	Metamorphoses 15.669-74	Metamorphoses.15	ok	the God.   Æsculapius, the god of healing,  appeared in his temple in Epidaurus in the body of a serpent (Metamorphoses 15.669-74).	1.00		
9:line522	PL.9.p016	9	522	Odyssey 10.238	Odyssey.10	ok	Herd disguis'd.   A reference to Circe's victims (See Odyssey 10.238), whom she turned into groveling swine. 	1.00		
9:line953	PL.9.p038	9	953	Aeneid 4.554	Aeneid.4	ok	Certain.   Resolved.  The phrase ironically echoes Aeneas's opposite declaration, certus eundi, announcing his intention to leave Carthage a	1.00		
9:line1037	PL.9.p042	9	1045	Iliad 14.292-353	Iliad.14	ok	Lines 1037-1045.   Similar to the scene between Zeus and Hera in Iliad 14.292-353.	0.00		HEAD_NOT_IN_PARAGRAPH
10:line533	PL.10.p027	10	514	Metamorphoses  4. 575-89	Metamorphoses.4	ok	monstrous Serpent.   See Ovid's Metamorphoses  4. 575-89 for the story of Cadmus turning into a serpent. See also Dante's Inferno Canto 25.	1.00		
10:line531	PL.10.p027	10	531	Metamorphoses  1. 421-40	Metamorphoses.1	ok	Python.   Snakes once were  thought  spontaneously to generate from an interaction of sun on the mud flats.  See Ovid's Metamorphoses  1. 42	1.00		
10:dungeon	PL.10.p033	10	697	Aeneid 1. 56-123	Aeneid.1	ok	Dungeon.   According to Virgil's Aeneid 1. 56-123, Aeolus kept the winds in a cave covered with mountains until he needed them.	1.00		
11:pair	PL.11.p001	11	10	Metamorphoses 1.314-449	Metamorphoses.1	ok	th' ancient Pair.  See the story of Deucalion and Pyrrha in Ovid's Metamorphoses 1.314-449. The ancient couple were the sole survivors of a 	1.00		
11:Argus	PL.11.p007	11	131	Metamorphoses 1.673-715	Metamorphoses.1	ok	Argus.  For the story of how Hermes outwitted Argos when Argos was guarding Io from Zeus's lust, see Ovid's Metamorphoses 1.673-715.	1.00		
11:rosie	PL.11.p009	11	175	Odyssey 2	Odyssey.2	ok	rosie progress.  Milton echoes Homer's favorite epic description of sunrise, the "rosy-fingered Dawn"; see, for example, Odyssey 2.	1.00		
11:film	PL.11.p021	11	412	Iliad 5.127	Iliad.5	ok	Filme remov'd.  Many epic heroes underwent ritualistic eye-cleaning.  See Homer's Iliad 5.127, Virgil's Aeneid 2.604, Tasso's Jerusalem Deli	1.00		
11:film	PL.11.p021	11	412	Aeneid 2.604	Aeneid.2	ok	Filme remov'd.  Many epic heroes underwent ritualistic eye-cleaning.  See Homer's Iliad 5.127, Virgil's Aeneid 2.604, Tasso's Jerusalem Deli	1.00		
11:behold	PL.11.p022	11	423	Aeneid 6:680-686	Aeneid.6	ok	behold.  Aeneas and his father, Anchises, also behold a vision of the future in Virgil's Aeneid 6:680-686, 756. 	1.00		
11:cave	PL.11.p027	11	469	Aeneid 6.237	Aeneid.6	ok	his grim Cave.  In Virgil's Aeneid 6.237, Avernus, the underworld river, runs in a deep, deep cave.	1.00		
11:wind	PL.11.p041	11	738	Metamorphoses 1.264-226	Metamorphoses.1	ok	Southwind.  The description of the southwind recalls Ovid's narration of the Deucalion and Pyrrha story in Metamorphoses 1.264-226.	1.00		
11:North-winde	PL.11.p043	11	842	Metamorphoses 1.328	Metamorphoses.1	ok	North-winde.  Again, echoing Metamorphoses 1.328.	1.00		
12:seaven	PL.12.p004	12	158	Aeneid 6. 800	Aeneid.6	ok	seaven mouthes.  Virgil's Aeneid 6. 800 speaks of the Nile as seven-mouthed.	1.00		
