note	place	book	line	ref_text	source_unit	verse_last	status	note_head	quote	cov_head_par	quote	quote_run	flags
1:2:n4.q0	ON.1.p002	1	2	Онегин 7.55	ON.7.p050	ON.7.p050	ok	Без предисловий, сей же час... — Упоминание отказа от «предисловия» имеет демонстративный характер. Ср. ироническое: «Хоть поздно, а вступле	Хоть поздно, а вступленье есть	1.00	Хоть поздно, а вступленье есть	4/4	
1:4:n11.q0	ON.1.p004	1	4	Александр Грибоедов: Горе от ума. Действие 4	P00033	P00033	ok	— В 1812 г., когда Онегин оказался «на свободе» (см. с. 481—482), французская прическа à la Titus 24 сменилась английской короткой стрижкой 	Вся английская складка <...> И так же коротко обстрижен для порядка	0.60	Вся английская складка <...> И так же коротко обстрижен для порядка	6/9	
1:4:n13.q7	ON.1.p004	1	4	Онегин 1.21	ON.1.p022	ON.1.p022	ok	Он по-французски совершенно... И кланялся непринужденно... — Перечислены признаки, по которым светская элита отграничивала людей своего круг	С мужчинами со всех сторон / Раскланялся...	1.00	С мужчинами со всех сторон / Раскланялся...	5/5	
1:4:n13.q7	ON.1.p004	1	4	Александр Грибоедов: Горе от ума. Действие 3	P00032	P00032	ok	Он по-французски совершенно... И кланялся непринужденно... — Перечислены признаки, по которым светская элита отграничивала людей своего круг	С мужчинами со всех сторон / Раскланялся...	1.00	С мужчинами со всех сторон / Раскланялся...	3/5	
1:4:n13.q7	ON.1.p004	1	4	Александр Грибоедов: Горе от ума. Действие 1	P00030	P00030	ok	Он по-французски совершенно... И кланялся непринужденно... — Перечислены признаки, по которым светская элита отграничивала людей своего круг	С мужчинами со всех сторон / Раскланялся...	1.00	С мужчинами со всех сторон / Раскланялся...	2/5	QUOTE_NO_VERBATIM_RUN
1:6:n16.q1	ON.1.p006	1	6	Александр Грибоедов: Горе от ума. Действие 2	P00031	P00031	ok	Латынь из моды вышла ныне... Из Энеиды два стиха . — Знание латыни, обычное в среде воспитанников духовных семинарий, не входило в круг свет	Ты де што за человек <...> говори со мною по латыне	1.00	Ты де што за человек <...> говори со мною по латыне	2/10	QUOTE_NO_VERBATIM_RUN
1:6:n16.q1	ON.1.p006	1	6	Александр Грибоедов: Горе от ума. Действие 4	P00033	P00033	ok	Латынь из моды вышла ныне... Из Энеиды два стиха . — Знание латыни, обычное в среде воспитанников духовных семинарий, не входило в круг свет	Ты де што за человек <...> говори со мною по латыне	1.00	Ты де што за человек <...> говори со мною по латыне	3/10	
1:6:n16.q1	ON.1.p006	1	6	Александр Грибоедов: Горе от ума. Действие 1	P00030	P00030	ok	Латынь из моды вышла ныне... Из Энеиды два стиха . — Знание латыни, обычное в среде воспитанников духовных семинарий, не входило в круг свет	Ты де што за человек <...> говори со мною по латыне	1.00	Ты де што за человек <...> говори со мною по латыне	2/10	QUOTE_NO_VERBATIM_RUN
1:6:n16.q3	ON.1.p006	1	6	Александр Грибоедов: Горе от ума. Действие 2	P00031	P00031	ok	Латынь из моды вышла ныне... Из Энеиды два стиха . — Знание латыни, обычное в среде воспитанников духовных семинарий, не входило в круг свет	Не мог он Тацита <читать>	1.00	Не мог он Тацита <читать>	3/5	
1:6:n16.q3	ON.1.p006	1	6	Александр Грибоедов: Горе от ума. Действие 3	P00032	P00032	ok	Латынь из моды вышла ныне... Из Энеиды два стиха . — Знание латыни, обычное в среде воспитанников духовных семинарий, не входило в круг свет	Не мог он Тацита <читать>	1.00	Не мог он Тацита <читать>	2/5	QUOTE_NO_VERBATIM_RUN
1:6:n16.q3	ON.1.p006	1	6	Александр Грибоедов: Горе от ума. Действие 4	P00033	P00033	ok	Латынь из моды вышла ныне... Из Энеиды два стиха . — Знание латыни, обычное в среде воспитанников духовных семинарий, не входило в круг свет	Не мог он Тацита <читать>	1.00	Не мог он Тацита <читать>	2/5	QUOTE_NO_VERBATIM_RUN
1:7:n21.q2	ON.1.p007	1	7	Александр Грибоедов: Горе от ума. Действие 1	P00030	P00030	ok	Высокой страсти не имея... Как мы ни бились , отличить . — Если в кругу карамзинистов было распространено представление о поэзии как мериле 	Я стихов терпеть не могу!	1.00	Я стихов терпеть не могу!	2/4	QUOTE_NO_VERBATIM_RUN
1:8:n25.q1	ON.1.p008	1	8	Онегин 1.9	ON.1.p010	ON.1.p010	ok	... наука страсти нежной, / Которую воспел Назон... — Овидий Назон — римский поэт (43 г. до н. э. — 16 г. н. э.), автор «Метаморфоз» и элеги	Любви нас не природа учит А первый пакостный роман... (VI, 226)	1.00	Любви нас не природа учит А первый пакостный роман... (VI, 226)	8/8	
1:8:n25.q2	ON.1.p008	1	8	Онегин 1.9	ON.1.p010	ON.1.p010	ok	... наука страсти нежной, / Которую воспел Назон... — Овидий Назон — римский поэт (43 г. до н. э. — 16 г. н. э.), автор «Метаморфоз» и элеги	Нас пыл сердечный рано мучит. Очаровательный обман, Любви нас не природа учит Мы алчем жизнь узнать 	1.00	Нас пыл сердечный рано мучит. Очаровательный обман, Любви нас не природа учит Мы алчем жизнь узнать 	5/16	
1:12:n26.q0	ON.1.p013	1	12	Александр Грибоедов: Горе от ума. Действие 2	P00031	P00031	ok	Сердца кокеток записных! — Записной «завзятый, отъявленный, общепризнанный» (Словарь языка П  2. С. 84). «Кокетка записная» — выражение, име	Кокетства в ней ни капли нет — / Его не терпит высший свет	0.00	Кокетства в ней ни капли нет — / Его не терпит высший свет	2/10	HEAD_NOT_IN_PARAGRAPH,QUOTE_NO_VERBATIM_RUN
1:12:n26.q4	ON.1.p013	1	12	Онегин 1.13	ON.1.p014	ON.1.p014	ok	Сердца кокеток записных! — Записной «завзятый, отъявленный, общепризнанный» (Словарь языка П  2. С. 84). «Кокетка записная» — выражение, име	Как он умел вдовы смиренной Привлечь благочестивый взор И с нею скромный и смятенный Начать краснея 	0.00	Как он умел вдовы смиренной Привлечь благочестивый взор И с нею скромный и смятенный Начать краснея 	13/13	HEAD_NOT_IN_PARAGRAPH
1:12:n26.q5	ON.1.p013	1	12	Онегин 1.14	ON.1.p015	ON.1.p015	ok	Сердца кокеток записных! — Записной «завзятый, отъявленный, общепризнанный» (Словарь языка П  2. С. 84). «Кокетка записная» — выражение, име	Анбара страж усатый кот За мышью крадется с лежанки Полузажмурясь, [подступает] Расширит когти хитры	0.00	Анбара страж усатый кот За мышью крадется с лежанки Полузажмурясь, [подступает] Расширит когти хитры	8/13	HEAD_NOT_IN_PARAGRAPH
1:25:n56.q0	ON.1.p026	1	25	Онегин 1.7	ON.1.p007	ON.1.p007	ok	Второй Чадаев, мой Евгений... — До этой строфы П «Не мог он ямба от хорея, / Как мы ни бились, отличить» ( 1, VII, 3—4 ); «...уверен, / Что 	Не мог он ямба от хорея, / Как мы ни бились, отличить	0.25	Не мог он ямба от хорея, / Как мы ни бились, отличить	11/11	HEAD_NOT_IN_PARAGRAPH
1:26:n58.q0	ON.1.p027	1	26	Александр Грибоедов: Горе от ума. Действие 3	P00032	P00032	ok	Но , фрак , жилет , / Всех этих слов на русском нет... «европейской одежды» П мог слышать в кругу «архаистов». Ср. в «Горе от ума» о фраке:	Что касается до красоты одежды, то русское платье может служить тому примером	0.00	Что касается до красоты одежды, то русское платье может служить тому примером	2/12	HEAD_NOT_IN_PARAGRAPH,QUOTE_NO_VERBATIM_RUN
1:30:n68.q0	ON.1.p031	1	30	Онегин 1.32	ON.1.p033	ON.1.p033	ok	Люблю их ножки; только вряд... — Об источниках символики «ножки» см.: Томашевский Б. В. Маленькая ножка // Пушкин и его современники. Вып. X	Дианы грудь, ланиты Флоры	0.60	Дианы грудь, ланиты Флоры	4/4	
1:30:n68.q1	ON.1.p031	1	30	Онегин 1.32	ON.1.p033	ON.1.p033	ok	Люблю их ножки; только вряд... — Об источниках символики «ножки» см.: Томашевский Б. В. Маленькая ножка // Пушкин и его современники. Вып. X	У моря на граните скал	0.60	У моря на граните скал	4/4	
1:48:n82.q0	ON.1.p046	1	48	Александр Грибоедов: Горе от ума. Действие 2	P00031	P00031	ok	Как описал себя Пиит. — Пиит здесь: Муравьев Михаил Никитич (1757—1807) (см.: VI, 192) — поэт, один из основоположников русского сентиментал	Понятно тем, кому должно быть понятно	0.00	Понятно тем, кому должно быть понятно	2/6	HEAD_NOT_IN_PARAGRAPH,QUOTE_NO_VERBATIM_RUN
1:48:n82.q0	ON.1.p046	1	48	Кондратий Рылеев: Смерть Ермака	P00657	P00657	ok	Как описал себя Пиит. — Пиит здесь: Муравьев Михаил Никитич (1757—1807) (см.: VI, 192) — поэт, один из основоположников русского сентиментал	Понятно тем, кому должно быть понятно	0.00	Понятно тем, кому должно быть понятно	2/6	HEAD_NOT_IN_PARAGRAPH,QUOTE_NO_VERBATIM_RUN
2:5:n108.q0	ON.2.p005	2	5	Онегин 4.45	ON.4.p041	ON.4.p041	ok	Он фармазон; он пьет одно / Стаканом красное вино... — Фармазон «вольнодумец». См. в «Горе от ума»:	вдовы Клико или Моэта Благословенное вино	0.83	вдовы Клико или Моэта Благословенное вино	6/6	
2:5:n108.q1	ON.2.p005	2	5	Онегин 2.3	ON.2.p003	ON.2.p003	ok	Он фармазон; он пьет одно / Стаканом красное вино... — Фармазон «вольнодумец». См. в «Горе от ума»:	Наливок целый строй, / Кувшины с яблочной водой	0.83	Наливок целый строй, / Кувшины с яблочной водой	6/6	
2:5:n108.q2	ON.2.p005	2	5	Александр Грибоедов: Горе от ума. Действие 3	P00032	P00032	ok	Он фармазон; он пьет одно / Стаканом красное вино... — Фармазон «вольнодумец». См. в «Горе от ума»:	Ср. обвинение Чацкому: : Шампанское стаканами тянул. Наталья Дмитриевна : Бутылками-с, и пребольшими	0.83	Ср. обвинение Чацкому: : Шампанское стаканами тянул. Наталья Дмитриевна : Бутылками-с, и пребольшими	7/10	
2:5:n109.q0	ON.2.p005	2	5	Онегин 2.4	ON.2.p004	ON.2.p004	ok	Все да , да нет , не скажет да-с ... — Резкость обращения, демонстративный отказ от условностей светского этикета были характерны для людей 	Чтоб только время проводить	1.00	Чтоб только время проводить	4/4	
2:5:n109.q1	ON.2.p005	2	5	Онегин 2.6	ON.2.p006	ON.2.p006	ok	Все да , да нет , не скажет да-с ... — Резкость обращения, демонстративный отказ от условностей светского этикета были характерны для людей 	По имени Владимир Ленской Красавец в полном цвете лет Крикун, мятежник и поэт Он из Германии свободн	1.00	По имени Владимир Ленской Красавец в полном цвете лет Крикун, мятежник и поэт Он из Германии свободн	4/15	
2:8:n114.q0	ON.2.p008	2	8	Онегин 6.20	ON.6.p017	ON.6.p017	ok	Он верил, что друзья готовы / За честь его приять оковы... — Имеется в виду баллада Шиллера «Порука», в которой один из героев представляет 	При свечке, Шиллера открыл	0.86	При свечке, Шиллера открыл	4/4	
2:8:n116.q1	ON.2.p008	2	8	Онегин 2.9	ON.2.p009	ON.2.p009	ok	Что есть избранные судьбами... — В первом печатном издании 1826 г. заменены точками. В данном случае пропуск явно имел не композиционный, а 	с лирой странствовал на свете	1.00	с лирой странствовал на свете	4/4	
2:16:n130.q0	ON.2.p016	2	16	Александр Пушкин: Вольность	P00041	P00041	ok	И предрассудки вековые... — Учение о предрассудках занимало большое место в социологической концепции философов-просветителей XVIII в. Счита	Везде неправедная Власть / В сгущенной мгле предрассуждений Воссела...	1.00	Везде неправедная Власть / В сгущенной мгле предрассуждений Воссела...	7/7	
2:23:n135.q0	ON.2.p023	2	23	Онегин 3.5	ON.3.p005	ON.3.p005	ok	Всё в Ольге... но любой роман... — Имя Ольга встречалось в литературных произведениях с «древнерусским колоритом» (ср., например, «Роман и О	Кругла, красна лицом она, / Как эта глупая луна...	1.00	Кругла, красна лицом она, / Как эта глупая луна...	8/8	
2:27:n136.q1	ON.2.p027	2	27	Онегин 2.28	ON.2.p028	ON.2.p028	ok	Но куклы даже в эти годы... Серьезное поведение в детстве, отказ от игр — характерные черты романтического героя. Ср. в мемуарах Завалишина:	Она любила на балконе Предупреждать зари восход.	1.00	Она любила на балконе Предупреждать зари восход.	7/7	
3:12:n172.q1	ON.3.p012	3	12	Александр Пушкин: Альфонс садится на коня...	P00303	P00303	ok	Или Мельмот, бродяга мрачный... — Примечание П «Мельмот, гениальное произведение Матюрина» (VI, 193). Матюрин (Метьюрин) Чарлз Роберт (1782—	Альфонс садится на коня...	1.00	Альфонс садится на коня...	4/4	
3:18:n176.q0	ON.3.p018	3	18	Онегин 3.17	ON.3.p017	ON.3.p017	ok	И , полно, Таня! В эти лета... — Романтически настроенная барышня, какой рисуется Татьяна в третьей главе, и няня — немолодая крепостная жен	Была ты влюблена тогда?	1.00	Была ты влюблена тогда?	4/4	
3:31:n189.q5	ON.3.p031	3	31	Онегин 3.8	ON.3.p008	ON.3.p008	ok	Или разыгранный Фрейшиц... — Фрейшиц — «Фрейшютц» («Вольный стрелок») (1820) — опера К. Вебера (1786—1826), в период создания главы была поп	И дождалась... Открылись очи; Она сказала: это он! 	1.00	И дождалась... Открылись очи; Она сказала: это он! 	7/7	
3:31:n189.q7	ON.3.p031	3	31	Онегин 3.10	ON.3.p010	ON.3.p010	ok	Или разыгранный Фрейшиц... — Фрейшиц — «Фрейшютц» («Вольный стрелок») (1820) — опера К. Вебера (1786—1826), в период создания главы была поп	воображаясь героиней своих возлюбленных творцов	1.00	воображаясь героиней своих возлюбленных творцов	5/5	
3:31:n189.q8	ON.3.p031	3	31	Онегин 3.10	ON.3.p010	ON.3.p010	ok	Или разыгранный Фрейшиц... — Фрейшиц — «Фрейшютц» («Вольный стрелок») (1820) — опера К. Вебера (1786—1826), в период создания главы была поп	чужой восторг, чужую грусть	1.00	чужой восторг, чужую грусть	4/4	
3:31:n190.q0	ON.3.p031	3	31	Онегин 6.3	ON.6.p003	ON.6.p003	ok	Кто ты, мой ангел ли хранитель... — Перенося в жизнь привычную для нее поэтику романов, Татьяна предполагает лишь две возможные разгадки хар	Но гибель от него любезна...	1.00	Но гибель от него любезна...	5/5	
3:31:n190.q0	ON.3.p031	3	31	Александр Грибоедов: Горе от ума. Действие 3	P00032	P00032	ok	Кто ты, мой ангел ли хранитель... — Перенося в жизнь привычную для нее поэтику романов, Татьяна предполагает лишь две возможные разгадки хар	Но гибель от него любезна...	1.00	Но гибель от него любезна...	2/5	QUOTE_NO_VERBATIM_RUN
3:31:n190.q1	ON.3.p031	3	31	Онегин 3.41	ON.3.p041	ON.3.p041	ok	Кто ты, мой ангел ли хранитель... — Перенося в жизнь привычную для нее поэтику романов, Татьяна предполагает лишь две возможные разгадки хар	Блистая взорами, Евгений / Стоит подобно грозной тени...	1.00	Блистая взорами, Евгений / Стоит подобно грозной тени...	7/7	
3:31:n190.q2	ON.3.p031	3	31	Онегин 6.14	ON.6.p014	ON.6.p014	ok	Кто ты, мой ангел ли хранитель... — Перенося в жизнь привычную для нее поэтику романов, Татьяна предполагает лишь две возможные разгадки хар	Буду ей спаситель. Не потерплю, чтоб развратитель Младое сердце искушал...	1.00	Буду ей спаситель. Не потерплю, чтоб развратитель Младое сердце искушал...	7/10	
3:31:n190.q3	ON.3.p031	3	31	Онегин 6.14	ON.6.p014	ON.6.p014	ok	Кто ты, мой ангел ли хранитель... — Перенося в жизнь привычную для нее поэтику романов, Татьяна предполагает лишь две возможные разгадки хар	Он мыслит: «Буду ей спаситель. Не потерплю, чтоб развратитель Младое сердце искушал...» ( 6, XV, XVI	1.00	Он мыслит: «Буду ей спаситель. Не потерплю, чтоб развратитель Младое сердце искушал...» ( 6, XV, XVI	9/12	
3:36:n193.q0	ON.3.p036	3	36	Онегин 3.18	ON.3.p018	ON.3.p018	ok	Татьяна потупила взор...	Мы не слыхали про любовь	1.00	Мы не слыхали про любовь	5/5	
3:36:n193.q0	ON.3.p036	3	36	Александр Грибоедов: Горе от ума. Действие 3	P00032	P00032	ok	Татьяна потупила взор...	Мы не слыхали про любовь	1.00	Мы не слыхали про любовь	2/5	QUOTE_NO_VERBATIM_RUN
3:36:n193.q0	ON.3.p036	3	36	Александр Грибоедов: Горе от ума. Действие 4	P00033	P00033	ok	Татьяна потупила взор...	Мы не слыхали про любовь	1.00	Мы не слыхали про любовь	2/5	QUOTE_NO_VERBATIM_RUN
4:7:n196.q0	ON.4.p007	4	7	Онегин 4.9	ON.4.p009	ON.4.p009	ok	Чем меньше женщину мы любим... «Так точно думал мой Евгений» — 4, IX, 1 ), — переложение в стихах отрывка из письма П к брату: «То, что я мо	Так точно думал мой Евгений	1.00	Так точно думал мой Евгений	5/5	
4:20:n203.q0	ON.4.p020	4	20	Александр Грибоедов: Горе от ума. Действие 2	P00031	P00031	ok	Что значат имянно . — Родные выделено курсивом как слово, интонационно выпадающее из общего контекста. Здесь оно является элементом бытовой 	Ну как не порадеть родному человечку!..	0.33	Ну как не порадеть родному человечку!..	6/6	HEAD_NOT_IN_PARAGRAPH
4:35:n219.q3	ON.4.p035	4	35	Александр Пушкин: Няне	P00102	P00102	ok	Ко мне забредшего соседа... — Работая в 1824—1825 гг. над «Борисом Годуновым», П читал его А. Н. Вульфу (ср. в дневнике Вульфа: «...в глазах	Подруга дней моих суровых	1.00	Подруга дней моих суровых	4/4	
4:35:n219.q4	ON.4.p035	4	35	Онегин 4.41	ON.4.p037	ON.4.p037	ok	Ко мне забредшего соседа... — Работая в 1824—1825 гг. над «Борисом Годуновым», П читал его А. Н. Вульфу (ср. в дневнике Вульфа: «...в глазах	В избушке распевая, дева Прядет...» (XI, 149).	1.00	В избушке распевая, дева Прядет...» (XI, 149).	4/4	
4:42:n225.q2	ON.4.p038	4	42	Александр Пушкин: Есть роза дивная: она...	P00119	P00119	ok	Читатель ждет уж рифмы розы ... — Ср. в статье «Путешествие из Москвы в Петербург»: «Рифм в русском языке слишком мало. Одна вызывает другую	Есть роза дивная: она...	1.00	Есть роза дивная: она...	4/4	
4:51:n236.q2	ON.4.p047	4	51	Онегин 2.21	ON.2.p021	ON.2.p021	ok	— Образ, связанный с любовью Ленского к Ольге, возвращает нас к строфе XXI (11—14) второй главы:	В глазах родителей, она Цвела как ландыш потаенный, Незнаемый в траве глухой	0.00	В глазах родителей, она Цвела как ландыш потаенный, Незнаемый в траве глухой	7/10	HEAD_NOT_IN_PARAGRAPH
5:3:n242.q0	ON.5.p003	5	3	Онегин 3.26	ON.3.p026	ON.3.p026	ok	Певец Финляндки молодой! — П (VI, 193) отсылает читателей к следующим поэтическим картинкам:	она по-русски плохо знала	0.60	она по-русски плохо знала	5/5	
5:3:n242.q4	ON.5.p003	5	3	Онегин 5.7	ON.5.p007	ON.5.p007	ok	Певец Финляндки молодой! — П (VI, 193) отсылает читателей к следующим поэтическим картинкам:	Так нас природа сотворила, 5, VII, 3—4 ).	0.60	Так нас природа сотворила, 5, VII, 3—4 ).	4/4	
5:7:n245.q1	ON.5.p007	5	7	Онегин 5.4	ON.5.p004	ON.5.p004	ok	зимние — 25 декабря — 6 января. Зимние святки представляют собой праздник, в ходе которого совершается ряд обрядов магического свойства, име	 По старине торжествовали / В их доме эти вечера 	0.00	 По старине торжествовали / В их доме эти вечера 	7/7	HEAD_NOT_IN_PARAGRAPH
5:9:n247.q1	ON.5.p009	5	9	Онегин 3.10	ON.3.p010	ON.3.p010	ok	Как ваше имя? Смотрит он... — Иронический тон повествования создается за счет столкновения романтических переживаний героини и простонародно	героиней своих возлюбленных творцов	1.00	героиней своих возлюбленных творцов	4/4	
5:9:n247.q3	ON.5.p009	5	9	Онегин 3.5	ON.3.p005	ON.3.p005	ok	Как ваше имя? Смотрит он... — Иронический тон повествования создается за счет столкновения романтических переживаний героини и простонародно	на этом глупом небосклоне	1.00	на этом глупом небосклоне	4/4	
5:9:n247.q5	ON.5.p009	5	9	Онегин 5.10	ON.5.p010	ON.5.p010	ok	Как ваше имя? Смотрит он... — Иронический тон повествования создается за счет столкновения романтических переживаний героини и простонародно	Татьяна поясок шелковый сняла	1.00	Татьяна поясок шелковый сняла	4/4	
5:12:n253.q2	ON.5.p012	5	12	Онегин 5.16	ON.5.p016	ON.5.p016	ok	Большой, взъерошенный медведь... — Ср.: «Медведя видеть во сне предвещает женитьбу или замужество» ( Балов А.  IV. С. 210). Связь образа мед	За дверью крик и звон стакана, / Как на больших похоронах	1.00	За дверью крик и звон стакана, / Как на больших похоронах	9/9	
5:12:n253.q9	ON.5.p012	5	12	Александр Грибоедов: Горе от ума. Действие 1	P00030	P00030	ok	Большой, взъерошенный медведь... — Ср.: «Медведя видеть во сне предвещает женитьбу или замужество» ( Балов А.  IV. С. 210). Связь образа мед	П «Горя от ума»: Какие-то не люди и не звери Нас врознь — и мучили сидевшего со мной <...>	1.00	П «Горя от ума»: Какие-то не люди и не звери Нас врознь — и мучили сидевшего со мной <...>	12/15	
5:18:n254.q1	ON.5.p018	5	18	Александр Пушкин: Песни о Стеньке Разине	P00105	P00105	ok	Он там хозяин, это ясно... — Сцена связана, с одной стороны, с балладой П «Жених»:	Что не конский топ, не людская молвь	1.00	Что не конский топ, не людская молвь	7/7	
5:18:n254.q1	ON.5.p018	5	18	Онегин 5.17	ON.5.p017	ON.5.p017	ok	Он там хозяин, это ясно... — Сцена связана, с одной стороны, с балладой П «Жених»:	Что не конский топ, не людская молвь	1.00	Что не конский топ, не людская молвь	2/7	QUOTE_NO_VERBATIM_RUN
5:18:n254.q2	ON.5.p018	5	18	Онегин 5.17	ON.5.p017	ON.5.p017	ok	Он там хозяин, это ясно... — Сцена связана, с одной стороны, с балладой П «Жених»:	людская молвь и конский топ	1.00	людская молвь и конский топ	4/4	
5:18:n254.q2	ON.5.p018	5	18	Александр Пушкин: Песни о Стеньке Разине	P00105	P00105	ok	Он там хозяин, это ясно... — Сцена связана, с одной стороны, с балладой П «Жених»:	людская молвь и конский топ	1.00	людская молвь и конский топ	2/4	QUOTE_NO_VERBATIM_RUN
5:18:n254.q5	ON.5.p018	5	18	Онегин 7.14	ON.7.p011	ON.7.p011	ok	Он там хозяин, это ясно... — Сцена связана, с одной стороны, с балладой П «Жених»:	Она должна в нем [Онегине] ненавидеть / Убийцу брата своего...	1.00	Она должна в нем [Онегине] ненавидеть / Убийцу брата своего...	4/8	
5:18:n254.q7	ON.5.p018	5	18	Александр Пушкин: Песни о Стеньке Разине	P00105	P00105	ok	Он там хозяин, это ясно... — Сцена связана, с одной стороны, с балладой П «Жених»:	На корме сидит сам хозяин, Сам хозяин, грозен Стенька Разин (III, 23).	1.00	На корме сидит сам хозяин, Сам хозяин, грозен Стенька Разин (III, 23).	10/10	
5:18:n254.q8	ON.5.p018	5	18	Александр Пушкин: Песни о Стеньке Разине	P00105	P00105	ok	Он там хозяин, это ясно... — Сцена связана, с одной стороны, с балладой П «Жених»:	В волны бросил красную девицу, Волге-матушке ею поклонился (III, 23).	1.00	В волны бросил красную девицу, Волге-матушке ею поклонился (III, 23).	8/8	
5:22:n258.q0	ON.5.p022	5	22	Онегин 3.26	ON.3.p026	ON.3.p026	ok	Ни даже Дамских Мод Журнал... — Н. Л. Бродский полагает, что речь идет о «Дамском журнале» П. И. Шаликова ( Бродский . С. 238). Принять это 	Журналов наших не читала	1.00	Журналов наших не читала	4/4	
5:26:n265.q0	ON.5.p026	5	26	Онегин 5.42	ON.5.p039	ON.5.p039	ok	Мой брат двоюродный, Буянов... — Введение в круг гостей героя поэмы В. Л. Пушкина «Опасный сосед» Буянова интересно не только как расширение	Буянов, братец мой задорный	1.00	Буянов, братец мой задорный	4/4	
6:3:n280.q1	ON.6.p003	6	3	Онегин 3.10	ON.3.p010	ON.3.p010	ok	...тревожит / Ее ревнивая тоска, / Как будто хладная рука / Ей сердце жмет... — Ср.: VI, 611 и в пушкинском переводе «Из Ариостова „Orlando 	уж верно был не Грандисон	1.00	уж верно был не Грандисон	5/5	
6:3:n280.q1	ON.6.p003	6	3	Александр Грибоедов: Горе от ума. Действие 1	P00030	P00030	ok	...тревожит / Ее ревнивая тоска, / Как будто хладная рука / Ей сердце жмет... — Ср.: VI, 611 и в пушкинском переводе «Из Ариостова „Orlando 	уж верно был не Грандисон	1.00	уж верно был не Грандисон	2/5	QUOTE_NO_VERBATIM_RUN
6:3:n280.q1	ON.6.p003	6	3	Александр Пушкин: Будрыс и его сыновья	P00253	P00253	ok	...тревожит / Ее ревнивая тоска, / Как будто хладная рука / Ей сердце жмет... — Ср.: VI, 611 и в пушкинском переводе «Из Ариостова „Orlando 	уж верно был не Грандисон	1.00	уж верно был не Грандисон	2/5	QUOTE_NO_VERBATIM_RUN
6:3:n280.q3	ON.6.p003	6	3	Александр Пушкин: ИЗ АРИОСТОВА &quot;ORLANDO FURIOSO&quot;	P00089	P00089	ok	...тревожит / Ее ревнивая тоска, / Как будто хладная рука / Ей сердце жмет... — Ср.: VI, 611 и в пушкинском переводе «Из Ариостова „Orlando 	И нестерпимая тоска, Как бы холодная рука,	1.00	И нестерпимая тоска, Как бы холодная рука,	6/6	
6:5:n285.q0	ON.6.p005	6	5	Александр Грибоедов: Горе от ума. Действие 3	P00032	P00032	ok	В нем злую храбрость выхвалял... — Бретер и дуэлянт Толстой-Американец гордился и военными заслугами: в 1812 г. он самовольно оставил калужс	в которую сослан он был на житье	1.00	в которую сослан он был на житье	2/6	QUOTE_NO_VERBATIM_RUN
6:5:n289.q1	ON.6.p005	6	5	Денис Давыдов: Решительный вечер	P00521	P00521	ok	Как зюзя пьяный... — Выражение из «гусарского языка». Специфически «гвардейский язык», имевший, впрочем, характерные подразделения по родам 	А завтра — черт возьми! — как зюзя натянуся, На тройке ухарской стрелою полечу; Проспавшись до Твери	1.00	А завтра — черт возьми! — как зюзя натянуся, На тройке ухарской стрелою полечу; Проспавшись до Твери	14/14	
6:21:n304.q0	ON.6.p018	6	21	Онегин 3.31	ON.3.p031	ON.3.p031	ok	Я их имею; вот они... — Характерно стремление П «Письмо Татьяны предо мною» ( 3, XXXI, 1 ).	Письмо Татьяны предо мною	1.00	Письмо Татьяны предо мною	4/4	
6:22:n308.q0	ON.6.p019	6	22	Александр Грибоедов: Горе от ума. Действие 4	P00033	P00033	ok	Блеснет заутра луч денницы... — Ср. аналогичный элегический мотив: приходит новый день, но влюбленного поэта уже нет в живых — в «Письме Вер	Когда проснешься ты, увидишь солнца свет, Узнаешь, что его в сем мире больше нет.	1.00	Когда проснешься ты, увидишь солнца свет, Узнаешь, что его в сем мире больше нет.	2/13	QUOTE_NO_VERBATIM_RUN
6:23:n315.q3	ON.6.p020	6	23	Онегин 4.13	ON.4.p013	ON.4.p013	ok	идеал ... — Слова «идеал», «идеальный» в эпоху романтизма приобрели специфический оттенок, связанный с романтическим противопоставлением низ	Нашед мой прежний идеал, Я верно б вас одну избрал 4, XIII, 10—12 ).	1.00	Нашед мой прежний идеал, Я верно б вас одну избрал 4, XIII, 10—12 ).	8/8	
6:24:n316.q0	ON.6.p021	6	24	Онегин 6.23	ON.6.p020	ON.6.p020	ok	И встречен Веспер петухом... — Веспер — здесь: утренняя звезда, Венера. Поскольку опоздание противника на дуэль могло быть достаточной причи	Пора вставать: седьмой уж час	1.00	Пора вставать: седьмой уж час	5/5	
7:38:n349.q2	ON.7.p035	7	38	Онегин 7.37	ON.7.p034	ON.7.p034	ok	Прощай, свидетель падшей славы... — П называет Петровский дворец свидетелем падшей славы Наполеона. Ф. В. Булгарин придрался к этому стиху и	Но не пошла Москва моя К нему с повинной головою»	1.00	Но не пошла Москва моя К нему с повинной головою»	7/8	
7:38:n349.q2	ON.7.p035	7	38	Александр Грибоедов: Горе от ума. Действие 2	P00031	P00031	ok	Прощай, свидетель падшей славы... — П называет Петровский дворец свидетелем падшей славы Наполеона. Ф. В. Булгарин придрался к этому стиху и	Но не пошла Москва моя К нему с повинной головою»	1.00	Но не пошла Москва моя К нему с повинной головою»	2/8	QUOTE_NO_VERBATIM_RUN
7:38:n349.q2	ON.7.p035	7	38	Александр Грибоедов: Горе от ума. Действие 4	P00033	P00033	ok	Прощай, свидетель падшей славы... — П называет Петровский дворец свидетелем падшей славы Наполеона. Ф. В. Булгарин придрался к этому стиху и	Но не пошла Москва моя К нему с повинной головою»	1.00	Но не пошла Москва моя К нему с повинной головою»	2/8	QUOTE_NO_VERBATIM_RUN
7:44:n364.q0	ON.7.p039	7	44	Александр Грибоедов: Горе от ума. Действие 3	P00032	P00032	ok	А я так за уши драла! — Отсылка к «Горю от ума»: «Я за уши его дирала, только мало» (д. III, явл. 10).	Я за уши его дирала, только мало	0.60	Я за уши его дирала, только мало	6/6	
7:45:n365.q0	ON.7.p040	7	45	Александр Грибоедов: Горе от ума. Действие 3	P00032	P00032	ok	И тот же шпиц, и тот же муж... — Мода на маленьких комнатных собачек восходит ко второй половине XVIII в. Особенно ценились собачки возможно	Ваш шпиц, прелестный шпиц; не более наперстка	1.00	Ваш шпиц, прелестный шпиц; не более наперстка	7/7	
7:45:n365.q1	ON.7.p040	7	45	Александр Грибоедов: Горе от ума. Действие 3	P00032	P00032	ok	И тот же шпиц, и тот же муж... — Мода на маленьких комнатных собачек восходит ко второй половине XVIII в. Особенно ценились собачки возможно	...входила государыня; за нею иногда калмычек и одна или две английские собачки	1.00	...входила государыня; за нею иногда калмычек и одна или две английские собачки	2/11	QUOTE_NO_VERBATIM_RUN
