note	ref_text	action	field	old	new	evidence
1:PP.1.p191.2	1 Thes. 4:16	drop	*			запись v0 со статусом NO_BOOK в скобке [1 Cor. 15:52; 1 Thes. 4:16; Jude 14; John 5:28,29; 2 Thes. 1:7,8; Rev.]; пересобрана терпимым разбором
1:PP.1.p191.3	Jude None:14-None	drop	*			запись v0 со статусом NO_VERSE в скобке [1 Cor. 15:52; 1 Thes. 4:16; Jude 14; John 5:28,29; 2 Thes. 1:7,8; Rev.]; пересобрана терпимым разбором
1:PP.1.p191.6	2 Thes. 1:7	drop	*			запись v0 со статусом NO_BOOK в скобке [1 Cor. 15:52; 1 Thes. 4:16; Jude 14; John 5:28,29; 2 Thes. 1:7,8; Rev.]; пересобрана терпимым разбором
1:PP.1.p191.7	2 Thes. 1:8	drop	*			запись v0 со статусом NO_BOOK в скобке [1 Cor. 15:52; 1 Thes. 4:16; Jude 14; John 5:28,29; 2 Thes. 1:7,8; Rev.]; пересобрана терпимым разбором
1:PP.1.p191.22	1 Thes. 4:16	drop	*			запись v0 со статусом NO_BOOK в скобке [1 Thes. 4:16,17]; пересобрана терпимым разбором
1:PP.1.p191.23	1 Thes. 4:17	drop	*			запись v0 со статусом NO_BOOK в скобке [1 Thes. 4:16,17]; пересобрана терпимым разбором
1:PP.1.p226.2	1 Thes. 5:7	drop	*			запись v0 со статусом NO_BOOK в скобке [Rev. 2:5; 1 Thes. 5:7,8]; пересобрана терпимым разбором
1:PP.1.p226.3	1 Thes. 5:8	drop	*			запись v0 со статусом NO_BOOK в скобке [Rev. 2:5; 1 Thes. 5:7,8]; пересобрана терпимым разбором
1:PP.1.p228.1	1 Thes. 5:6	drop	*			запись v0 со статусом NO_BOOK в скобке [1 Thes. 5:6,7]; пересобрана терпимым разбором
1:PP.1.p228.2	1 Thes. 5:7	drop	*			запись v0 со статусом NO_BOOK в скобке [1 Thes. 5:6,7]; пересобрана терпимым разбором
1:PP.1.p346.1	Num. None:13-None	drop	*			запись v0 со статусом NO_VERSE в скобке [Num. 13]; пересобрана терпимым разбором
1:PP.1.p473.1	Matt. None:13-None	drop	*			запись v0 со статусом NO_VERSE в скобке [Matt. 13, 25]; пересобрана терпимым разбором
1:PP.1.p473.2	Matt. None:25-None	drop	*			запись v0 со статусом NO_VERSE в скобке [Matt. 13, 25]; пересобрана терпимым разбором
1:PP.1.p491.1	1 Cor. None:13-None	drop	*			запись v0 со статусом NO_VERSE в скобке [1 Cor. 13]; пересобрана терпимым разбором
1:PP.1.p525.1	Eccl. None:1-None	drop	*			запись v0 со статусом NO_VERSE в скобке [Eccl. 1; 2:11,17; 11:8; Isa. 11:17]; пересобрана терпимым разбором
1:PP.1.p525.5	Isa. 11:17	drop	*			запись v0 со статусом NO_SUCH_VERSE в скобке [Eccl. 1; 2:11,17; 11:8; Isa. 11:17]; пересобрана терпимым разбором
1:PP.1.p564.1	Exo. 1:22	drop	*			запись v0 со статусом NO_BOOK в скобке [Exo. 1:22]; пересобрана терпимым разбором
1:PP.1.p564.3	Dan. None:6-None	drop	*			запись v0 со статусом NO_VERSE в скобке [Dan. 6]; пересобрана терпимым разбором
1:PP.1.p699.1	Pro. 21:16	drop	*			запись v0 со статусом NO_BOOK в скобке [Pro. 21:16]; пересобрана терпимым разбором
1:PP.1.p751.1	Exo. 33:15	drop	*			запись v0 со статусом NO_BOOK в скобке [Exo. 33:15]; пересобрана терпимым разбором
1:PP.1.p885.1	Rom. None:3-None	drop	*			запись v0 со статусом NO_VERSE в скобке [Rom. 3]; пересобрана терпимым разбором
1:PP.1.p889.1	Rom. None:3-None	drop	*			запись v0 со статусом NO_VERSE в скобке [Rom. 3]; пересобрана терпимым разбором
