note	place	book	line	ref_text	source_unit	verse_last	status	note_head	quote
1:2:n4.q0	ON.1.p002	1	2	Онегин 7.55	ON.7.p050	ON.7.p050	ok	Без предисловий, сей же час... — Упоминание отказа от «предисловия» имеет демонстративный характер. Ср. ироническое: «Хоть поздно, а вступле	Хоть поздно, а вступленье есть
1:4:n11.q0	ON.1.p004	1	4	Александр Грибоедов: Горе от ума. Действие 4	P00033	P00033	ok	— В 1812 г., когда Онегин оказался «на свободе» (см. с. 481—482), французская прическа à la Titus 24 сменилась английской короткой стрижкой 	Вся английская складка <...> И так же коротко обстрижен для порядка
1:4:n13.q7	ON.1.p004	1	4	Онегин 1.21	ON.1.p022	ON.1.p022	ok	Он по-французски совершенно... И кланялся непринужденно... — Перечислены признаки, по которым светская элита отграничивала людей своего круг	С мужчинами со всех сторон / Раскланялся...
1:4:n13.q7	ON.1.p004	1	4	Александр Грибоедов: Горе от ума. Действие 3	P00032	P00032	ok	Он по-французски совершенно... И кланялся непринужденно... — Перечислены признаки, по которым светская элита отграничивала людей своего круг	С мужчинами со всех сторон / Раскланялся...
1:4:n13.q7	ON.1.p004	1	4	Александр Пушкин: Руслан и Людмила	P00917	P00917	ok	Он по-французски совершенно... И кланялся непринужденно... — Перечислены признаки, по которым светская элита отграничивала людей своего круг	С мужчинами со всех сторон / Раскланялся...
1:6:n16.q1	ON.1.p006	1	6	Александр Грибоедов: Горе от ума. Действие 4	P00033	P00033	ok	Латынь из моды вышла ныне... Из Энеиды два стиха . — Знание латыни, обычное в среде воспитанников духовных семинарий, не входило в круг свет	Ты де што за человек <...> говори со мною по латыне
1:6:n16.q1	ON.1.p006	1	6	Александр Пушкин: Борис Годунов	P00911	P00911	ok	Латынь из моды вышла ныне... Из Энеиды два стиха . — Знание латыни, обычное в среде воспитанников духовных семинарий, не входило в круг свет	Ты де што за человек <...> говори со мною по латыне
1:8:n25.q1	ON.1.p008	1	8	Онегин 1.9	ON.1.p010	ON.1.p010	ok	... наука страсти нежной, / Которую воспел Назон... — Овидий Назон — римский поэт (43 г. до н. э. — 16 г. н. э.), автор «Метаморфоз» и элеги	Любви нас не природа учит А первый пакостный роман... (VI, 226)
1:30:n68.q0	ON.1.p031	1	30	Онегин 1.32	ON.1.p033	ON.1.p033	ok	Люблю их ножки; только вряд... — Об источниках символики «ножки» см.: Томашевский Б. В. Маленькая ножка // Пушкин и его современники. Вып. X	Дианы грудь, ланиты Флоры
2:5:n108.q0	ON.2.p005	2	5	Онегин 4.45	ON.4.p041	ON.4.p041	ok	Он фармазон; он пьет одно / Стаканом красное вино... — Фармазон «вольнодумец». См. в «Горе от ума»:	вдовы Клико или Моэта Благословенное вино
2:5:n108.q1	ON.2.p005	2	5	Онегин 2.3	ON.2.p003	ON.2.p003	ok	Он фармазон; он пьет одно / Стаканом красное вино... — Фармазон «вольнодумец». См. в «Горе от ума»:	Наливок целый строй, / Кувшины с яблочной водой
2:5:n108.q2	ON.2.p005	2	5	Александр Грибоедов: Горе от ума. Действие 3	P00032	P00032	ok	Он фармазон; он пьет одно / Стаканом красное вино... — Фармазон «вольнодумец». См. в «Горе от ума»:	Ср. обвинение Чацкому: : Шампанское стаканами тянул. Наталья Дмитриевна : Бутылками-с, и пребольшими
2:5:n109.q0	ON.2.p005	2	5	Онегин 2.4	ON.2.p004	ON.2.p004	ok	Все да , да нет , не скажет да-с ... — Резкость обращения, демонстративный отказ от условностей светского этикета были характерны для людей 	Чтоб только время проводить
2:5:n109.q1	ON.2.p005	2	5	Онегин 2.6	ON.2.p006	ON.2.p006	ok	Все да , да нет , не скажет да-с ... — Резкость обращения, демонстративный отказ от условностей светского этикета были характерны для людей 	По имени Владимир Ленской Красавец в полном цвете лет Крикун, мятежник и поэт Он из Германии свободн
2:8:n114.q0	ON.2.p008	2	8	Онегин 6.20	ON.6.p017	ON.6.p017	ok	Он верил, что друзья готовы / За честь его приять оковы... — Имеется в виду баллада Шиллера «Порука», в которой один из героев представляет 	При свечке, Шиллера открыл
2:8:n116.q1	ON.2.p008	2	8	Онегин 2.9	ON.2.p009	ON.2.p009	ok	Что есть избранные судьбами... — В первом печатном издании 1826 г. заменены точками. В данном случае пропуск явно имел не композиционный, а 	с лирой странствовал на свете
2:16:n130.q0	ON.2.p016	2	16	Александр Пушкин: Вольность	P00041	P00041	ok	И предрассудки вековые... — Учение о предрассудках занимало большое место в социологической концепции философов-просветителей XVIII в. Счита	Везде неправедная Власть / В сгущенной мгле предрассуждений Воссела...
2:23:n135.q0	ON.2.p023	2	23	Онегин 3.5	ON.3.p005	ON.3.p005	ok	Всё в Ольге... но любой роман... — Имя Ольга встречалось в литературных произведениях с «древнерусским колоритом» (ср., например, «Роман и О	Кругла, красна лицом она, / Как эта глупая луна...
2:27:n136.q1	ON.2.p027	2	27	Онегин 2.28	ON.2.p028	ON.2.p028	ok	Но куклы даже в эти годы... Серьезное поведение в детстве, отказ от игр — характерные черты романтического героя. Ср. в мемуарах Завалишина:	Она любила на балконе Предупреждать зари восход.
3:12:n172.q1	ON.3.p012	3	12	Александр Пушкин: Альфонс садится на коня...	P00303	P00303	ok	Или Мельмот, бродяга мрачный... — Примечание П «Мельмот, гениальное произведение Матюрина» (VI, 193). Матюрин (Метьюрин) Чарлз Роберт (1782—	Альфонс садится на коня...
3:18:n176.q0	ON.3.p018	3	18	Онегин 3.17	ON.3.p017	ON.3.p017	ok	И , полно, Таня! В эти лета... — Романтически настроенная барышня, какой рисуется Татьяна в третьей главе, и няня — немолодая крепостная жен	Была ты влюблена тогда?
3:31:n189.q5	ON.3.p031	3	31	Онегин 3.8	ON.3.p008	ON.3.p008	ok	Или разыгранный Фрейшиц... — Фрейшиц — «Фрейшютц» («Вольный стрелок») (1820) — опера К. Вебера (1786—1826), в период создания главы была поп	И дождалась... Открылись очи; Она сказала: это он! 
3:31:n189.q7	ON.3.p031	3	31	Онегин 3.10	ON.3.p010	ON.3.p010	ok	Или разыгранный Фрейшиц... — Фрейшиц — «Фрейшютц» («Вольный стрелок») (1820) — опера К. Вебера (1786—1826), в период создания главы была поп	воображаясь героиней своих возлюбленных творцов
3:31:n190.q0	ON.3.p031	3	31	Онегин 6.3	ON.6.p003	ON.6.p003	ok	Кто ты, мой ангел ли хранитель... — Перенося в жизнь привычную для нее поэтику романов, Татьяна предполагает лишь две возможные разгадки хар	Но гибель от него любезна...
3:31:n190.q1	ON.3.p031	3	31	Онегин 3.41	ON.3.p041	ON.3.p041	ok	Кто ты, мой ангел ли хранитель... — Перенося в жизнь привычную для нее поэтику романов, Татьяна предполагает лишь две возможные разгадки хар	Блистая взорами, Евгений / Стоит подобно грозной тени...
3:31:n190.q2	ON.3.p031	3	31	Онегин 6.14	ON.6.p014	ON.6.p014	ok	Кто ты, мой ангел ли хранитель... — Перенося в жизнь привычную для нее поэтику романов, Татьяна предполагает лишь две возможные разгадки хар	Буду ей спаситель. Не потерплю, чтоб развратитель Младое сердце искушал...
3:36:n193.q0	ON.3.p036	3	36	Онегин 3.18	ON.3.p018	ON.3.p018	ok	Татьяна потупила взор...	Мы не слыхали про любовь
4:7:n196.q0	ON.4.p007	4	7	Онегин 4.9	ON.4.p009	ON.4.p009	ok	Чем меньше женщину мы любим... «Так точно думал мой Евгений» — 4, IX, 1 ), — переложение в стихах отрывка из письма П к брату: «То, что я мо	Так точно думал мой Евгений
4:35:n219.q3	ON.4.p035	4	35	Александр Пушкин: Няне	P00102	P00102	ok	Ко мне забредшего соседа... — Работая в 1824—1825 гг. над «Борисом Годуновым», П читал его А. Н. Вульфу (ср. в дневнике Вульфа: «...в глазах	Подруга дней моих суровых
4:35:n219.q4	ON.4.p035	4	35	Онегин 4.41	ON.4.p037	ON.4.p037	ok	Ко мне забредшего соседа... — Работая в 1824—1825 гг. над «Борисом Годуновым», П читал его А. Н. Вульфу (ср. в дневнике Вульфа: «...в глазах	В избушке распевая, дева Прядет...» (XI, 149).
4:42:n225.q2	ON.4.p038	4	42	Александр Пушкин: Есть роза дивная: она...	P00119	P00119	ok	Читатель ждет уж рифмы розы ... — Ср. в статье «Путешествие из Москвы в Петербург»: «Рифм в русском языке слишком мало. Одна вызывает другую	Есть роза дивная: она...
5:3:n242.q0	ON.5.p003	5	3	Онегин 3.26	ON.3.p026	ON.3.p026	ok	Певец Финляндки молодой! — П (VI, 193) отсылает читателей к следующим поэтическим картинкам:	она по-русски плохо знала
5:3:n242.q4	ON.5.p003	5	3	Онегин 5.7	ON.5.p007	ON.5.p007	ok	Певец Финляндки молодой! — П (VI, 193) отсылает читателей к следующим поэтическим картинкам:	Так нас природа сотворила, 5, VII, 3—4 ).
5:9:n247.q1	ON.5.p009	5	9	Онегин 3.10	ON.3.p010	ON.3.p010	ok	Как ваше имя? Смотрит он... — Иронический тон повествования создается за счет столкновения романтических переживаний героини и простонародно	героиней своих возлюбленных творцов
5:9:n247.q3	ON.5.p009	5	9	Онегин 3.5	ON.3.p005	ON.3.p005	ok	Как ваше имя? Смотрит он... — Иронический тон повествования создается за счет столкновения романтических переживаний героини и простонародно	на этом глупом небосклоне
5:9:n247.q5	ON.5.p009	5	9	Онегин 5.10	ON.5.p010	ON.5.p010	ok	Как ваше имя? Смотрит он... — Иронический тон повествования создается за счет столкновения романтических переживаний героини и простонародно	Татьяна поясок шелковый сняла
5:12:n253.q2	ON.5.p012	5	12	Онегин 5.16	ON.5.p016	ON.5.p016	ok	Большой, взъерошенный медведь... — Ср.: «Медведя видеть во сне предвещает женитьбу или замужество» ( Балов А.  IV. С. 210). Связь образа мед	За дверью крик и звон стакана, / Как на больших похоронах
5:12:n253.q9	ON.5.p012	5	12	Александр Грибоедов: Горе от ума. Действие 1	P00030	P00030	ok	Большой, взъерошенный медведь... — Ср.: «Медведя видеть во сне предвещает женитьбу или замужество» ( Балов А.  IV. С. 210). Связь образа мед	П «Горя от ума»: Какие-то не люди и не звери Нас врознь — и мучили сидевшего со мной <...>
5:12:n253.q9	ON.5.p012	5	12	Александр Пушкин: Борис Годунов	P00911	P00911	ok	Большой, взъерошенный медведь... — Ср.: «Медведя видеть во сне предвещает женитьбу или замужество» ( Балов А.  IV. С. 210). Связь образа мед	П «Горя от ума»: Какие-то не люди и не звери Нас врознь — и мучили сидевшего со мной <...>
5:18:n254.q1	ON.5.p018	5	18	Александр Пушкин: Песни о Стеньке Разине	P00105	P00105	ok	Он там хозяин, это ясно... — Сцена связана, с одной стороны, с балладой П «Жених»:	Что не конский топ, не людская молвь
5:18:n254.q5	ON.5.p018	5	18	Онегин 7.14	ON.7.p011	ON.7.p011	ok	Он там хозяин, это ясно... — Сцена связана, с одной стороны, с балладой П «Жених»:	Она должна в нем [Онегине] ненавидеть / Убийцу брата своего...
5:22:n258.q0	ON.5.p022	5	22	Онегин 3.26	ON.3.p026	ON.3.p026	ok	Ни даже Дамских Мод Журнал... — Н. Л. Бродский полагает, что речь идет о «Дамском журнале» П. И. Шаликова ( Бродский . С. 238). Принять это 	Журналов наших не читала
5:26:n265.q0	ON.5.p026	5	26	Онегин 5.42	ON.5.p039	ON.5.p039	ok	Мой брат двоюродный, Буянов... — Введение в круг гостей героя поэмы В. Л. Пушкина «Опасный сосед» Буянова интересно не только как расширение	Буянов, братец мой задорный
6:3:n280.q1	ON.6.p003	6	3	Онегин 3.10	ON.3.p010	ON.3.p010	ok	...тревожит / Ее ревнивая тоска, / Как будто хладная рука / Ей сердце жмет... — Ср.: VI, 611 и в пушкинском переводе «Из Ариостова „Orlando 	уж верно был не Грандисон
6:3:n280.q3	ON.6.p003	6	3	Александр Пушкин: ИЗ АРИОСТОВА &quot;ORLANDO FURIOSO&quot;	P00089	P00089	ok	...тревожит / Ее ревнивая тоска, / Как будто хладная рука / Ей сердце жмет... — Ср.: VI, 611 и в пушкинском переводе «Из Ариостова „Orlando 	И нестерпимая тоска, Как бы холодная рука,
6:5:n289.q1	ON.6.p005	6	5	Денис Давыдов: Решительный вечер	P00521	P00521	ok	Как зюзя пьяный... — Выражение из «гусарского языка». Специфически «гвардейский язык», имевший, впрочем, характерные подразделения по родам 	А завтра — черт возьми! — как зюзя натянуся, На тройке ухарской стрелою полечу; Проспавшись до Твери
6:21:n304.q0	ON.6.p018	6	21	Онегин 3.31	ON.3.p031	ON.3.p031	ok	Я их имею; вот они... — Характерно стремление П «Письмо Татьяны предо мною» ( 3, XXXI, 1 ).	Письмо Татьяны предо мною
6:23:n315.q3	ON.6.p020	6	23	Онегин 4.13	ON.4.p013	ON.4.p013	ok	идеал ... — Слова «идеал», «идеальный» в эпоху романтизма приобрели специфический оттенок, связанный с романтическим противопоставлением низ	Нашед мой прежний идеал, Я верно б вас одну избрал 4, XIII, 10—12 ).
6:24:n316.q0	ON.6.p021	6	24	Онегин 6.23	ON.6.p020	ON.6.p020	ok	И встречен Веспер петухом... — Веспер — здесь: утренняя звезда, Венера. Поскольку опоздание противника на дуэль могло быть достаточной причи	Пора вставать: седьмой уж час
7:38:n349.q2	ON.7.p035	7	38	Онегин 7.37	ON.7.p034	ON.7.p034	ok	Прощай, свидетель падшей славы... — П называет Петровский дворец свидетелем падшей славы Наполеона. Ф. В. Булгарин придрался к этому стиху и	Но не пошла Москва моя К нему с повинной головою»
7:44:n364.q0	ON.7.p039	7	44	Александр Грибоедов: Горе от ума. Действие 3	P00032	P00032	ok	А я так за уши драла! — Отсылка к «Горю от ума»: «Я за уши его дирала, только мало» (д. III, явл. 10).	Я за уши его дирала, только мало
7:45:n365.q0	ON.7.p040	7	45	Александр Грибоедов: Горе от ума. Действие 3	P00032	P00032	ok	И тот же шпиц, и тот же муж... — Мода на маленьких комнатных собачек восходит ко второй половине XVIII в. Особенно ценились собачки возможно	Ваш шпиц, прелестный шпиц; не более наперстка
