note	ref_text	label	comment
11:Argus	Metamorphoses 1.673-715	source	
11:behold	Aeneid 6:680-686	background	parallel vision, epic convention
11:film	Aeneid 2.604	background	list of epic parallels
11:pair	Metamorphoses 1.314-449	source	
11:rosie	Odyssey 2	source	formulaic epithet
1:Bees	Aeneid 1.430-36	source	
1:ethereal	Aeneid 8.626-29	background	
1:iliad	Aeneid 1.8	source	
1:leaves	Iliad 6.145-50	source	
1:orion	Aeneid 1. 535	background	
1:relate	Iliad 1. 591-5	source	
1:servitude	Odyssey 11.489-91	background	contrast
1:woe	Aeneid book 4	source	
2:Charybdis	Odyssey 12. 234-259	background	name
2:goldenChain	Iliad 8. 15-24	source	
2:harpy-footedFuries	Aeneid 3.211-217	source	
2:lines434-436	Aeneid 6.438	source	
2:lines649-660	Metamorphoses 14	source	
2:lines895-897	Metamorphoses 1.5-20	source	
2:oath	Iliad 1. 530	source	
2:oechalia	Metamorphoses 9. 134	background	place name
2:ravishment	Odyssey book 10	source	
4:asz	Aeneid 12. 725-727	source	
4:dap	Metamorphoses 1.452-68	background	Milton's Daphne is the Syrian grove
4:fable	Metamorphoses 4. 632-680	background	name
4:juno	Iliad 14.346-51	source	
4:lok	Metamorphoses 10.163-219	source	
4:lok	Odyssey 6. 231	source	
5:reveal	Odyssey 9	background	epic convention
7:balanced	Metamorphoses 1. 18	source	
7:master	Metamorphoses 1.76-82	source	
7:ovid	Metamorphoses 1	source	
7:thracianbard	Metamorphoses 11	source	
8:line561-570	Aeneid 4.238-48	background	contrast
9:begone	Aeneid 4.381	source	
9:line1037	Iliad 14.292-353	source	
9:line19a	Aeneid 1	background	
9:line395	Metamorphoses 5.341	background	fact about Ceres
9:line441	Odyssey 7	background	
9:line953	Aeneid 4.554	source	
