note	ref_text	label	comment	item_id
24:15:q1	Иван Бунин: Деревня (Бунин) [WBun00026]	not_by_text		M01
14:9:q31	Федор Достоевский: Дневник писателя за 1877 год. Сентябрь-д [WDos00193]	not_by_text		M02
2:16:q1	Антон Чехов: Рассказы и повести 1888-1891 гг (Чехов) [WChe00616]	not_by_text		M03
21:5:q1	Аркадий Аверченко: Четверги (Аверченко) [WAve01168]	source		M04
2:14:q3	Максим Горький: Жизнь Матвея Кожемякина (Горький) [WGor00134]	not_by_text		M05
2:14:q3	Максим Горький: Городок Окуров (Горький) [WGor00072]	source		M06
14:9:q25	Федор Достоевский: Дневник писателя. 1876 год. (Достоевский [WDos00310]	not_by_text		M07
14:9:q4	Федор Достоевский: Дневник писателя. 1876. Подготовительные [WDos00309]	not_by_text		M08
2:16:q1	Антон Чехов: Рассказы, юморески 1883-1884 гг. (Чехов) [WChe00615]	not_by_text		M09
3:3:q0	Владимир Гиляровский: Москва и москвичи (Гиляровский)/Версия 2 [WGil00012]	source		M10
46:13:q1	Николай Гоголь: Книга всякой всячины, или подручная энци [WGog00104]	background		M11
20:9:q2	Антон Чехов: Рассказы и юморески 1886 г (Чехов) [WChe00621]	not_by_text		M12
7:15:q3	Федор Достоевский: Дневник писателя за 1877 год. Январь-авг [WDos00195]	not_by_text		M13
14:9:q33	Владимир Гиляровский: Москва газетная (Гиляровский) [WGil00006]	not_by_text		M14
19:8:q1	Антон Чехов: Рассказы и юморески 1886 г (Чехов) [WChe00621]	not_by_text		M15
13:3:q0	Антон Чехов: За двумя зайцами погонишься, ни одного н [WChe00220]	not_by_text		M16
3:3:q6	Владимир Гиляровский: Люди театра (Гиляровский) [WGil00004]	background		M17
7:15:q1	Федор Достоевский: Дневник писателя за 1877 год. Сентябрь-д [WDos00194]	not_by_text		M18
46:5:q0	Федор Достоевский: Вечный муж (Достоевский) [WDos00159]	source		M19
13:3:q0	Антон Чехов: Рассказы и юморески 1884-1885 гг. Драма  [WChe00619]	not_by_text		M20
43:5:q0	Николай Гоголь: Ревизор (Гоголь)/Действие IV [WGog00235]	source		M21
24:14:q1	Иван Бунин: Казимир Станиславович (Бунин) [WBun00041]	source		M22
13:3:q2	Антон Чехов: Письма (1875-1886) (Чехов) [WChe00553]	not_by_text		M23
14:9:q2	Федор Достоевский: Дневник писателя. 1876. Подготовительные [WDos00309]	not_by_text		M24
14:9:q39	Федор Достоевский: Бесы (Достоевский)/Часть 1/Глава 2 [WDos00029]	source		M25
20:3:q0	Антон Чехов: Рассказы и юморески 1885-1886 гг (Чехов) [WChe00620]	source		M26
13:3:q2	Антон Чехов: Рассказы, юморески 1883-1884 гг. (Чехов) [WChe00615]	not_by_text		M27
14:9:q25	Николай Гоголь: Мертвые души. Том первый (Гоголь) [WGog00124]	not_by_text		M28
31:3:q2	Антон Чехов: Рассказы и юморески 1886 г (Чехов) [WChe00621]	not_by_text		M29
24:19:q0	Аркадий Аверченко: Рассказы (юмористические) (Аверченко) [WAve00866]	source		M30
24:23:q0	Антон Чехов: Тоска (Чехов) [WChe00737]	source		M31
43:2:q2	Николай Гоголь: Ревизор (Гоголь)/Версия 2 [WGog00231]	not_by_text		M32
7:15:q8	Николай Гоголь: Из ранних редакций (Гоголь) [WGog00093]	source		M33
14:9:q40	Федор Достоевский: Бедные люди (Достоевский)/Версия 2 [WDos00009]	not_by_text		M34
17:17:q3	Максим Горький: Жизнь Клима Самгина (Горький)/Часть 4 [WGor00133]	not_by_text		M35
46:13:q1	Николай Гоголь: Вечера на хуторе близ Диканьки (Из ранни [WGog00021]	source		M36
7:15:q8	Федор Достоевский: Дневник писателя за 1876 год. Май-октябр [WDos00192]	not_by_text		M37
3:6:q0	Антон Чехов: Рассказы 1887 г (Чехов) [WChe00612]	source		M38
7:15:q1	Федор Достоевский: Дневник писателя за 1876 год. Май-октябр [WDos00192]	not_by_text		M39
3:3:q6	Николай Гоголь: Записные книжки (Гоголь) [WGog00089]	not_by_text		M40
