method	bg_mode	norm	r_len	rho_len	auc	ap	r@50	r@100	r@200	med_rank
лексика	loo	raw	0.4536	0.5407	0.8182	0.0713	0.1304	0.1739	0.2826	431.0000
лексика	loo	zbin5	0.0987	0.0856	0.6893	0.0224	0.0217	0.0217	0.0870	981.5000
лексика	loo	zbin10	0.0628	0.0234	0.6585	0.0227	0.0217	0.0435	0.1304	998.0000
лексика	loo	zbin20	0.0437	0.0110	0.6147	0.0223	0.0435	0.0652	0.1522	1021.0000
лексика	loo	zbin40	0.0275	0.0031	0.6060	0.0216	0.0435	0.0652	0.1522	1087.0000
лексика	loo	zbin80	-0.0076	0.0013	0.6039	0.0215	0.0217	0.0435	0.1087	1054.5000
лексика	loo	zbin160	-0.0249	0.0027	0.6061	0.0211	0.0217	0.0652	0.1304	1039.0000
лексика	loo	zbin320	-0.0413	0.0059	0.5864	0.0210	0.0000	0.0435	0.1522	1069.5000
лексика	loo	zbin10_robust	-0.1082	0.0028	0.5896	0.0273	0.0435	0.0652	0.0652	912.5000
лексика	loo	zbin40_robust	-0.1076	-0.0279	0.5817	0.0307	0.0435	0.0435	0.0652	931.5000
лексика	loo	zbin160_robust	-0.1048	-0.0259	0.5297	0.0286	0.0435	0.0435	0.0652	965.0000
лексика	loo	zknn25	-0.0157	0.0026	0.5848	0.0208	0.0435	0.0435	0.1522	1010.5000
лексика	loo	zknn50	-0.0107	0.0030	0.6121	0.0218	0.0217	0.0435	0.1522	1026.0000
лексика	loo	zknn100	0.0360	0.0117	0.6145	0.0221	0.0435	0.0652	0.1304	1056.5000
лексика	loo	zknn200	0.0535	0.0251	0.6259	0.0221	0.0435	0.0652	0.1087	1015.5000
лексика	loo	zknn400	0.0788	0.0588	0.6674	0.0225	0.0217	0.0435	0.1087	977.0000
лексика	loo	rankknn50	0.0281	-0.1120	0.6003	0.0320	0.0652	0.0870	0.1957	903.0000
лексика	loo	rankknn100	0.0452	-0.1138	0.6036	0.0392	0.0870	0.1087	0.1522	994.0000
лексика	loo	rankknn200	0.0619	-0.1136	0.6190	0.0433	0.0870	0.1304	0.1522	924.0000
лексика	loo	rankknn400	0.1051	-0.1031	0.6450	0.0341	0.0870	0.1522	0.1522	882.5000
лексика	loo	reg_lin	0.0289	0.0188	0.6142	0.0212	0.0435	0.0652	0.0652	1356.0000
лексика	loo	reg_lin_het	0.0204	-0.0101	0.6080	0.0196	0.0217	0.0435	0.0652	1499.0000
лексика	loo	reg_quad	-0.0593	0.0040	0.5521	0.0195	0.0435	0.0652	0.0652	1314.0000
лексика	loo	reg_quad_het	-0.5134	-0.1193	0.5144	0.0141	0.0217	0.0217	0.0435	1369.0000
лексика	loo	reg_cub_het	0.0692	0.0946	0.5925	0.0423	0.0652	0.0652	0.1304	1105.0000
лексика	loo	reg_iso	-0.0046	0.0046	0.6092	0.0212	0.0435	0.0652	0.0652	1142.0000
лексика	loo	reg_iso_het	-0.0034	0.0682	0.6337	0.0181	0.0217	0.0217	0.0652	1142.0000
лексика	exclude-gold	raw	0.4536	0.5407	0.8182	0.0713	0.1304	0.1739	0.2826	431.0000
лексика	exclude-gold	zbin5	0.1032	0.0948	0.6954	0.0226	0.0217	0.0217	0.0870	982.0000
лексика	exclude-gold	zbin10	0.0675	0.0260	0.6620	0.0229	0.0217	0.0435	0.1304	988.0000
лексика	exclude-gold	zbin20	0.0499	0.0141	0.6168	0.0227	0.0435	0.0652	0.1522	1007.5000
лексика	exclude-gold	zbin40	0.0370	0.0057	0.6085	0.0223	0.0435	0.0652	0.1522	1062.0000
лексика	exclude-gold	zbin80	-0.0076	0.0026	0.6083	0.0220	0.0217	0.0652	0.1304	1059.5000
лексика	exclude-gold	zbin160	-0.0249	0.0051	0.6062	0.0214	0.0217	0.0435	0.1304	1016.0000
лексика	exclude-gold	zbin320	-0.0413	0.0071	0.5864	0.0216	0.0000	0.0652	0.1522	1060.5000
лексика	exclude-gold	zbin10_robust	-0.1082	0.0117	0.6021	0.0277	0.0435	0.0652	0.0652	915.5000
лексика	exclude-gold	zbin40_robust	-0.1076	-0.0178	0.5828	0.0308	0.0435	0.0435	0.0652	930.5000
лексика	exclude-gold	zbin160_robust	-0.1048	-0.0233	0.5293	0.0287	0.0435	0.0435	0.0652	934.0000
лексика	exclude-gold	zknn25	-0.0157	0.0051	0.5938	0.0216	0.0435	0.0652	0.1522	1017.0000
лексика	exclude-gold	zknn50	-0.0107	0.0048	0.6181	0.0227	0.0217	0.0652	0.1522	1009.5000
лексика	exclude-gold	zknn100	0.0452	0.0137	0.6178	0.0226	0.0435	0.0652	0.1304	1030.0000
лексика	exclude-gold	zknn200	0.0590	0.0269	0.6276	0.0223	0.0435	0.0652	0.1304	1009.0000
лексика	exclude-gold	zknn400	0.0829	0.0619	0.6683	0.0226	0.0217	0.0435	0.1304	974.0000
лексика	exclude-gold	rankknn50	0.0364	-0.1112	0.6028	0.0330	0.0652	0.1087	0.1957	898.0000
лексика	exclude-gold	rankknn100	0.0511	-0.1108	0.6055	0.0398	0.0870	0.1087	0.1522	987.0000
лексика	exclude-gold	rankknn200	0.0650	-0.1092	0.6197	0.0424	0.0870	0.1522	0.1522	934.5000
лексика	exclude-gold	rankknn400	0.1108	-0.0963	0.6495	0.0342	0.1304	0.1522	0.1522	885.0000
лексика	exclude-gold	reg_lin	0.0321	0.0230	0.6155	0.0213	0.0435	0.0652	0.0652	1355.0000
лексика	exclude-gold	reg_lin_het	0.0218	-0.0103	0.6077	0.0191	0.0217	0.0435	0.0652	1499.5000
лексика	exclude-gold	reg_quad	-0.0687	-0.0001	0.5471	0.0193	0.0435	0.0652	0.0652	1318.0000
лексика	exclude-gold	reg_quad_het	-0.5496	-0.1234	0.5073	0.0140	0.0217	0.0217	0.0435	1370.0000
лексика	exclude-gold	reg_cub_het	0.0933	0.1047	0.5920	0.0448	0.0652	0.0870	0.1522	1103.5000
лексика	exclude-gold	reg_iso	-0.0035	0.0066	0.6121	0.0222	0.0435	0.0652	0.0652	1109.5000
лексика	exclude-gold	reg_iso_het	-0.0026	0.0726	0.6359	0.0183	0.0217	0.0217	0.0652	1109.5000
синтаксис	loo	raw	0.4366	0.7504	0.8386	0.0854	0.1739	0.1957	0.3043	393.0000
синтаксис	loo	zbin5	0.1098	0.1001	0.6393	0.0309	0.0870	0.1087	0.1304	1308.0000
синтаксис	loo	zbin10	0.1003	0.0442	0.6081	0.0465	0.1087	0.1087	0.1522	1447.5000
синтаксис	loo	zbin20	0.0629	0.0292	0.5960	0.0319	0.0870	0.1087	0.1087	1500.5000
синтаксис	loo	zbin40	0.0406	0.0192	0.5759	0.0251	0.0652	0.0870	0.1304	1523.5000
синтаксис	loo	zbin80	-0.0080	0.0135	0.5925	0.0272	0.0652	0.0652	0.1304	1482.0000
синтаксис	loo	zbin160	-0.0080	0.0014	0.5915	0.0293	0.0652	0.0652	0.0652	1563.5000
синтаксис	loo	zbin320	-0.0132	0.0010	0.5876	0.0265	0.0435	0.0870	0.1087	1586.0000
синтаксис	loo	zbin10_robust	-0.0709	-0.0184	0.6393	0.0208	0.0000	0.0435	0.1087	1063.0000
синтаксис	loo	zbin40_robust	-0.0970	-0.0902	0.5852	0.0158	0.0000	0.0000	0.0435	1265.5000
синтаксис	loo	zbin160_robust	-0.0894	-0.0617	0.5913	0.0166	0.0000	0.0000	0.0870	1210.0000
синтаксис	loo	zknn25	-0.0080	0.0055	0.5901	0.0281	0.0652	0.1087	0.1087	1473.0000
синтаксис	loo	zknn50	-0.0080	0.0125	0.5929	0.0292	0.0652	0.0652	0.1087	1583.5000
синтаксис	loo	zknn100	0.0512	0.0313	0.6013	0.0325	0.0870	0.1087	0.1304	1488.5000
синтаксис	loo	zknn200	0.0711	0.0415	0.6026	0.0329	0.0870	0.1087	0.1087	1501.0000
синтаксис	loo	zknn400	0.1226	0.0772	0.6268	0.0461	0.1087	0.1087	0.1739	1411.5000
синтаксис	loo	rankknn50	0.0300	-0.0001	0.6125	0.0274	0.0435	0.0870	0.1087	1265.0000
синтаксис	loo	rankknn100	0.0503	0.0055	0.6190	0.0291	0.0435	0.1087	0.1087	1177.5000
синтаксис	loo	rankknn200	0.0694	0.0103	0.6263	0.0363	0.0652	0.0870	0.1087	1178.5000
синтаксис	loo	rankknn400	0.1096	0.0408	0.6433	0.0414	0.0870	0.0870	0.1522	1192.5000
синтаксис	loo	reg_lin	-0.0004	-0.0158	0.5717	0.0259	0.0652	0.0870	0.1087	1549.0000
синтаксис	loo	reg_lin_het	-0.0006	-0.0148	0.5714	0.0258	0.0652	0.0870	0.1087	1549.5000
синтаксис	loo	reg_quad	0.0194	-0.0226	0.5821	0.0288	0.0652	0.1087	0.1087	1563.0000
синтаксис	loo	reg_quad_het	0.0745	-0.0252	0.5794	0.0390	0.0870	0.1087	0.1304	1592.0000
синтаксис	loo	reg_cub_het	-0.0047	-0.0326	0.5778	0.0220	0.0435	0.0652	0.0870	1557.0000
синтаксис	loo	reg_iso	-0.0049	-0.0234	0.5848	0.0219	0.0435	0.0652	0.0652	1523.5000
синтаксис	loo	reg_iso_het	-0.0044	0.0126	0.5874	0.0209	0.0435	0.0435	0.0652	1523.5000
синтаксис	exclude-gold	raw	0.4366	0.7504	0.8386	0.0854	0.1739	0.1957	0.3043	393.0000
синтаксис	exclude-gold	zbin5	0.1127	0.1016	0.6442	0.0307	0.0870	0.1087	0.1304	1291.5000
синтаксис	exclude-gold	zbin10	0.1124	0.0460	0.6179	0.0486	0.1087	0.1087	0.1739	1405.0000
синтаксис	exclude-gold	zbin20	0.0785	0.0337	0.6024	0.0371	0.0870	0.1087	0.1304	1495.5000
синтаксис	exclude-gold	zbin40	0.0587	0.0235	0.5877	0.0300	0.0870	0.0870	0.1304	1544.5000
синтаксис	exclude-gold	zbin80	-0.0080	0.0192	0.6040	0.0316	0.0652	0.0870	0.1522	1381.5000
синтаксис	exclude-gold	zbin160	-0.0080	0.0081	0.6085	0.0344	0.0652	0.1087	0.1087	1442.5000
синтаксис	exclude-gold	zbin320	-0.0132	0.0076	0.6081	0.0286	0.0652	0.0652	0.1087	1407.5000
синтаксис	exclude-gold	zbin10_robust	-0.0709	-0.0082	0.6423	0.0211	0.0000	0.0435	0.1304	1027.5000
синтаксис	exclude-gold	zbin40_robust	-0.0970	-0.0850	0.5878	0.0159	0.0000	0.0000	0.0435	1247.5000
синтаксис	exclude-gold	zbin160_robust	-0.0894	-0.0543	0.5993	0.0175	0.0000	0.0000	0.0870	1145.5000
синтаксис	exclude-gold	zknn25	-0.0080	0.0109	0.6075	0.0333	0.0652	0.1087	0.1304	1344.5000
синтаксис	exclude-gold	zknn50	-0.0080	0.0183	0.6038	0.0331	0.0652	0.0870	0.1522	1424.5000
синтаксис	exclude-gold	zknn100	0.0712	0.0347	0.6093	0.0375	0.0870	0.1304	0.1522	1444.0000
синтаксис	exclude-gold	zknn200	0.0848	0.0436	0.6077	0.0374	0.0870	0.1087	0.1304	1503.5000
синтаксис	exclude-gold	zknn400	0.1350	0.0763	0.6335	0.0490	0.1087	0.1087	0.1957	1357.0000
синтаксис	exclude-gold	rankknn50	0.0437	0.0057	0.6199	0.0426	0.0435	0.0870	0.1087	1214.0000
синтаксис	exclude-gold	rankknn100	0.0604	0.0112	0.6247	0.0445	0.0870	0.0870	0.1087	1175.5000
синтаксис	exclude-gold	rankknn200	0.0763	0.0160	0.6308	0.0390	0.0870	0.0870	0.1304	1182.5000
синтаксис	exclude-gold	rankknn400	0.1158	0.0466	0.6467	0.0435	0.0870	0.0870	0.1957	1168.5000
синтаксис	exclude-gold	reg_lin	0.0045	-0.0061	0.5756	0.0261	0.0652	0.0870	0.1087	1538.0000
синтаксис	exclude-gold	reg_lin_het	0.0047	-0.0069	0.5746	0.0269	0.0652	0.0870	0.1087	1538.0000
синтаксис	exclude-gold	reg_quad	0.0327	-0.0128	0.5917	0.0300	0.0652	0.0870	0.1087	1521.5000
синтаксис	exclude-gold	reg_quad_het	0.2723	-0.0185	0.5866	0.0649	0.1087	0.1087	0.1957	1539.5000
синтаксис	exclude-gold	reg_cub_het	0.0182	-0.0206	0.5893	0.0254	0.0435	0.0652	0.1304	1546.5000
синтаксис	exclude-gold	reg_iso	0.0255	-0.0147	0.5965	0.0295	0.0652	0.0870	0.1087	1465.0000
синтаксис	exclude-gold	reg_iso_het	0.0164	0.0204	0.5987	0.0239	0.0435	0.0652	0.0870	1465.0000
семантика	loo	raw	0.2692	0.3984	0.7589	0.0362	0.0217	0.0652	0.2174	555.5000
семантика	loo	zbin5	0.1178	0.0229	0.6451	0.0309	0.0435	0.1522	0.1739	860.5000
семантика	loo	zbin10	0.0742	0.0024	0.6182	0.0293	0.0435	0.1087	0.1739	1052.0000
семантика	loo	zbin20	0.0527	0.0016	0.6026	0.0275	0.0435	0.0652	0.1522	1222.5000
семантика	loo	zbin40	0.0315	0.0005	0.5923	0.0235	0.0435	0.0435	0.0870	1212.5000
семантика	loo	zbin80	0.0164	-0.0010	0.5886	0.0214	0.0435	0.0652	0.0652	1048.0000
семантика	loo	zbin160	0.0100	-0.0016	0.5823	0.0217	0.0435	0.0652	0.0870	1212.5000
семантика	loo	zbin320	0.0015	0.0011	0.5775	0.0185	0.0435	0.0435	0.0652	1443.5000
семантика	loo	zbin10_robust	0.0620	0.0042	0.6091	0.0261	0.0435	0.0652	0.1522	1123.5000
семантика	loo	zbin40_robust	0.0249	0.0088	0.5823	0.0218	0.0435	0.0435	0.0652	1272.0000
семантика	loo	zbin160_robust	0.0049	0.0014	0.5844	0.0275	0.0217	0.0435	0.0435	1190.0000
семантика	loo	zknn25	0.0171	0.0006	0.5859	0.0225	0.0435	0.0652	0.0870	1213.5000
семантика	loo	zknn50	0.0219	0.0028	0.5911	0.0232	0.0435	0.0652	0.0870	1161.5000
семантика	loo	zknn100	0.0405	0.0072	0.5975	0.0247	0.0435	0.0652	0.0870	1164.5000
семантика	loo	zknn200	0.0590	0.0113	0.6076	0.0278	0.0435	0.0652	0.1739	1087.5000
семантика	loo	zknn400	0.0860	0.0247	0.6233	0.0300	0.0435	0.1304	0.1739	1073.5000
семантика	loo	rankknn50	0.0219	0.0027	0.5844	0.0260	0.0652	0.0652	0.0870	1265.5000
семантика	loo	rankknn100	0.0408	0.0078	0.5906	0.0223	0.0435	0.0652	0.0652	1207.0000
семантика	loo	rankknn200	0.0553	0.0125	0.6038	0.0270	0.0435	0.0652	0.1522	1117.0000
семантика	loo	rankknn400	0.0788	0.0265	0.6181	0.0351	0.0652	0.1522	0.1739	1074.0000
семантика	loo	reg_lin	0.0099	-0.0281	0.5739	0.0141	0.0000	0.0217	0.0435	1423.5000
семантика	loo	reg_lin_het	0.0360	0.0055	0.6229	0.0874	0.1739	0.2609	0.3478	865.5000
семантика	loo	reg_quad	0.0013	-0.0301	0.5637	0.0138	0.0000	0.0217	0.0435	1504.0000
семантика	loo	reg_quad_het	0.0161	-0.0024	0.5891	0.0262	0.0435	0.0435	0.1087	1346.0000
семантика	loo	reg_cub_het	-0.1619	0.0075	0.5645	0.0219	0.0435	0.0435	0.0652	1456.0000
семантика	loo	reg_iso	-0.0034	-0.0151	0.5541	0.0134	0.0000	0.0217	0.0217	1530.5000
семантика	loo	reg_iso_het	-0.0034	-0.0151	0.5541	0.0134	0.0000	0.0217	0.0217	1530.5000
семантика	exclude-gold	raw	0.2692	0.3984	0.7589	0.0362	0.0217	0.0652	0.2174	555.5000
семантика	exclude-gold	zbin5	0.1267	0.0339	0.6506	0.0323	0.0435	0.1522	0.1957	824.5000
семантика	exclude-gold	zbin10	0.0836	0.0118	0.6230	0.0301	0.0435	0.1304	0.1739	1019.0000
семантика	exclude-gold	zbin20	0.0640	0.0104	0.6088	0.0286	0.0435	0.1087	0.1522	1156.5000
семантика	exclude-gold	zbin40	0.0429	0.0080	0.5989	0.0244	0.0435	0.0435	0.1304	1134.0000
семантика	exclude-gold	zbin80	0.0284	0.0058	0.5946	0.0221	0.0435	0.0652	0.0652	1012.5000
семантика	exclude-gold	zbin160	0.0256	0.0049	0.5931	0.0229	0.0217	0.0652	0.0870	1152.5000
семантика	exclude-gold	zbin320	0.0152	0.0067	0.5885	0.0186	0.0435	0.0435	0.0652	1423.5000
семантика	exclude-gold	zbin10_robust	0.0802	0.0186	0.6189	0.0292	0.0435	0.1087	0.1739	1079.5000
семантика	exclude-gold	zbin40_robust	0.0326	0.0145	0.5885	0.0213	0.0435	0.0435	0.0652	1219.5000
семантика	exclude-gold	zbin160_robust	0.0265	0.0105	0.6089	0.0347	0.0435	0.0652	0.1087	1131.0000
семантика	exclude-gold	zknn25	0.0297	0.0064	0.5906	0.0230	0.0435	0.0652	0.0870	1191.5000
семантика	exclude-gold	zknn50	0.0323	0.0092	0.5955	0.0237	0.0435	0.0652	0.0870	1078.0000
семантика	exclude-gold	zknn100	0.0514	0.0143	0.6028	0.0256	0.0435	0.0652	0.1304	1101.0000
семантика	exclude-gold	zknn200	0.0684	0.0182	0.6122	0.0288	0.0435	0.1087	0.1522	1050.0000
семантика	exclude-gold	zknn400	0.0947	0.0327	0.6278	0.0309	0.0435	0.1522	0.1739	1038.5000
семантика	exclude-gold	rankknn50	0.0322	0.0085	0.5895	0.0263	0.0652	0.0652	0.0652	1174.0000
семантика	exclude-gold	rankknn100	0.0510	0.0140	0.5956	0.0228	0.0435	0.0435	0.0652	1122.0000
семантика	exclude-gold	rankknn200	0.0629	0.0186	0.6085	0.0282	0.0435	0.0652	0.1522	1064.5000
семантика	exclude-gold	rankknn400	0.0860	0.0332	0.6223	0.0350	0.0652	0.1522	0.1739	1055.0000
семантика	exclude-gold	reg_lin	0.0128	-0.0233	0.5763	0.0142	0.0000	0.0217	0.0435	1413.0000
семантика	exclude-gold	reg_lin_het	0.0603	0.0159	0.6299	0.0844	0.1739	0.2609	0.3478	773.5000
семантика	exclude-gold	reg_quad	0.0050	-0.0257	0.5671	0.0139	0.0000	0.0217	0.0435	1480.0000
семантика	exclude-gold	reg_quad_het	0.0216	0.0042	0.5920	0.0262	0.0435	0.0435	0.0870	1331.5000
семантика	exclude-gold	reg_cub_het	-0.2017	0.0129	0.5593	0.0218	0.0435	0.0435	0.0652	1478.0000
семантика	exclude-gold	reg_iso	0.0000	-0.0110	0.5588	0.0136	0.0000	0.0217	0.0217	1418.0000
семантика	exclude-gold	reg_iso_het	0.0000	-0.0110	0.5588	0.0136	0.0000	0.0217	0.0217	1418.0000
