rec_id	par	verse	shared_rare	run	fragment
3	CP.P1.II.23	b.GEN.19.16	3	2	Содом-с, безобразнейший...
5	CP.P1.II.23	b.MAT.26.15	1	2	…тридцать целковых молча выложила.
10	CP.P1.II.37	b.ACT.14.22	1	1	Скорби, скорби искал я на дне его, скорби и с
18	CP.P1.II.37	b.MAR.1.42	1	2	И прострет к нам руце свои…
41	CP.P4.IV.157	b.MAR.5.39	1	1	…Господи! уже смердит; ибо четыре дни, как он
44	CP.P5.I.31	b.LUK.16.31	0	2	Мы пошли дальше в своих убеждениях. Мы больше
52	CP.P6.VI.26	b.EXO.8.19	1	1	...всё это видит один только перст Всевышнего
53	CP.P6.VIII.24	b.GEN.4.10	0	2	Он вдруг вспомнил слова Сони: «Поди на перекр
59	CP.EP.II.19	b.GEN.4.11	1	1	…остановилось земледелие.
60	CP.EP.II.22	b.GEN.26.24	1	1	Там была свобода и жили другие люди, совсем  
