rec_id	par	verse	class	best_scorer	best_rank	bm25	tfidf_cos	char4	ngram	edges	emb	tfidf_rare	skipbigram	soft_edges	dep_pair2	runmatch	e5
3	CP.P1.II.23	b.GEN.19.16	a	emb	421	1582	659	2230	30633	1331	421	1667	7444	1698	30647	11602	8653
5	CP.P1.II.23	b.MAT.26.15	b	tfidf_rare	1045	3117	1489	1446	7214	9251	22099	1045	11134	9767	8173	2793	4308
10	CP.P1.II.37	b.ACT.14.22	a	emb	330	9449	522	863	4155	7987	330	562	24412	8120	5360	11078	14270
18	CP.P1.II.37	b.MAR.1.42	a	edges	959	1730	3308	6413	6441	959	13153	1982	4352	1099	7541	1741	8448
41	CP.P4.IV.157	b.MAR.5.39	a	tfidf_rare	547	685	801	707	5808	5969	782	547	12476	5982	5904	6355	2994
44	CP.P5.I.31	b.LUK.16.31	a	runmatch	534	793	751	1414	5484	5723	4185	10581	730	5810	5531	534	28952
52	CP.P6.VI.26	b.EXO.8.19	a	bm25	837	837	2793	8546	5742	6567	3741	2847	3868	6674	5829	8967	3361
53	CP.P6.VIII.24	b.GEN.4.10	a	emb	916	1122	4593	9981	31013	3662	916	31021	2115	1580	31013	5140	1741
59	CP.EP.II.19	b.GEN.4.11	a	char4	635	5038	3357	635	31012	31018	2964	2248	18295	31018	31013	31029	14026
60	CP.EP.II.22	b.GEN.26.24	a	char4	682	4467	863	682	30390	30440	862	1217	12797	30442	30408	30484	7931
