record_id	flags	manual_label
R001	book_level_ref	source
R002	shared_note_multi_ref	
R003	shared_note_multi_ref	background
R004	ok	
R005	ok	background
R006	ok	background
R007	shared_note_multi_ref	
R008	shared_note_multi_ref	background
R009	weak_name_Orion_absent_in_unit_present_in:3,7,10	background
R010	ok	
R011	ref_line_doubtful_external	
R012	ok	source
R013	shared_note_multi_ref	
R014	shared_note_multi_ref	source
R015	ok	
R016	ok	
R017	ok	source
R018	ok	source
R019	shared_note_multi_ref,weak_name_Olympian_absent_in_author,weak_name_Pythian_absent_in_author	
R020	shared_note_multi_ref,weak_name_Olympian_absent_in_unit_present_in:1,2,4,5,weak_name_Pythian_absent_in_unit_present_in:9,24	
R021	dup_place_unit,weak_name_Oechalia_absent_in_author	background
R022	dup_place_unit,weak_name_Oeta_absent_in_author	
R023	book_level_ref	source
R024	ok	background
R025	dup_place_unit	
R026	dup_place_unit,weak_name_Medusa_absent_in_unit_present_in:7	
R027	dup_place_unit	
R028	book_level_ref,weak_name_Chimera_absent_in_unit_present_in:8	
R029	book_level_ref,dup_place_unit	source
R030	weak_name_Cerberian_absent_in_author	
R031	book_level_ref,dup_place_unit	
R032	ok	source
R033	ok	source
R034	ok	background
R035	book_level_ref	
R036	ok	
R037	weak_name_Hesperian_absent_in_unit_present_in:2,5,8,9	
R038	weak_name_Hesperian_absent_in_unit_present_in:2,5,8,9	source
R039	book_level_ref	
R040	ok	background
R041	shared_note_multi_ref	source
R042	shared_note_multi_ref	source
R043	shared_note_multi_ref,weak_name_Hyacinthin_absent_in_author	
R044	ok	
R045	ok	source
R046	ok	
R047	shared_note_multi_ref	
R048	shared_note_multi_ref	
R049	shared_note_multi_ref	source
R050	ok	
R051	ok	
R052	ok	
R053	shared_note_multi_ref,weak_name_Maia_absent_in_unit_present_in:11	
R054	shared_note_multi_ref,weak_name_Maia_absent_in_unit_present_in:8	
R055	ok	
R056	book_level_ref	background
R057	ok	
R058	ok	
R059	ok	
R060	book_level_ref,weak_name_Raphael_absent_in_author	
R061	ok	
R062	book_level_ref	source
R063	ok	
R064	ok	
R065	ok	source
R066	ref_line_doubtful_external	
R067	book_level_ref,dup_place_unit	source
R068	dup_place_unit	source
R069	shared_note_multi_ref	
R070	shared_note_multi_ref	background
R071	book_level_ref	
R072	book_level_ref	
R073	book_level_ref	
R074	ok	
R075	book_level_ref	source
R076	ok	
R077	ok	source
R078	ok	
R079	ok	background
R080	book_level_ref,weak_name_Laertes_absent_in_unit_present_in:1,2,4,9	source
R081	ok	
R082	ok	
R083	ok	
R084	ok	source
R085	note_id_line_mismatch	source
R086	note_id_line_mismatch	
R087	ok	
R088	ok	
R089	ok	source
R090	ok	source
R091	book_level_ref	background
R092	shared_note_multi_ref	
R093	shared_note_multi_ref	background
R094	ok	source
R095	ok	
R096	ref_range_reversed,ref_line_doubtful_external	
R097	ok	
R098	ok	
