rec_id	par	cond	rank_surprisal	rank_e5
0	CP.P1.II.17	real	143	72
0	CP.P1.II.17	syn	120	249
0	CP.P1.II.17	neu	189	283
1	CP.P1.II.17	real	19	47
1	CP.P1.II.17	syn	11	79
1	CP.P1.II.17	neu	86	132
2	CP.P1.II.17	real	16	65
2	CP.P1.II.17	syn	1	6
2	CP.P1.II.17	neu	111	224
3	CP.P1.II.23	real	162	21
3	CP.P1.II.23	syn	70	9
3	CP.P1.II.23	neu	134	39
4	CP.P1.II.23	real	16	13
4	CP.P1.II.23	syn	50	22
4	CP.P1.II.23	neu	47	156
5	CP.P1.II.23	real	38	1
5	CP.P1.II.23	syn	87	1
5	CP.P1.II.23	neu	274	180
6	CP.P1.II.25	real	229	221
6	CP.P1.II.25	syn	295	100
6	CP.P1.II.25	neu	300	218
7	CP.P1.II.25	real	290	100
7	CP.P1.II.25	syn	26	176
7	CP.P1.II.25	neu	108	279
8	CP.P1.II.25	real	1	23
8	CP.P1.II.25	syn	28	5
8	CP.P1.II.25	neu	189	53
9	CP.P1.II.37	real	24	201
9	CP.P1.II.37	syn	115	9
9	CP.P1.II.37	neu	116	160
10	CP.P1.II.37	real	192	90
10	CP.P1.II.37	syn	75	7
10	CP.P1.II.37	neu	192	266
11	CP.P1.II.37	real	159	3
11	CP.P1.II.37	syn	26	34
11	CP.P1.II.37	neu	103	110
12	CP.P1.II.37	real	3	9
12	CP.P1.II.37	syn	17	3
12	CP.P1.II.37	neu	30	245
13	CP.P1.II.37	real	1	1
13	CP.P1.II.37	syn	67	8
13	CP.P1.II.37	neu	88	46
14	CP.P1.II.37	real	19	128
14	CP.P1.II.37	syn	105	30
14	CP.P1.II.37	neu	182	184
15	CP.P1.II.37	real	146	66
15	CP.P1.II.37	syn	87	88
15	CP.P1.II.37	neu	114	120
16	CP.P1.II.37	real	5	38
16	CP.P1.II.37	syn	181	95
16	CP.P1.II.37	neu	292	138
17	CP.P1.II.37	real	1	2
17	CP.P1.II.37	syn	4	1
17	CP.P1.II.37	neu	15	1
18	CP.P1.II.37	real	11	103
18	CP.P1.II.37	syn	83	1
18	CP.P1.II.37	neu	20	94
19	CP.P1.II.37	real	1	1
19	CP.P1.II.37	syn	5	22
19	CP.P1.II.37	neu	172	121
20	CP.P1.III.39	real	1	28
20	CP.P1.III.39	syn	111	98
20	CP.P1.III.39	neu	174	259
21	CP.P1.V.62	real	76	38
21	CP.P1.V.62	syn	157	150
21	CP.P1.V.62	neu	225	96
22	CP.P1.VI.15	real	270	224
22	CP.P1.VI.15	syn	71	3
22	CP.P1.VI.15	neu	200	168
23	CP.P1.VI.41	real	245	122
23	CP.P1.VI.41	syn	5	100
23	CP.P1.VI.41	neu	230	293
24	CP.P2.II.48	real	12	44
24	CP.P2.II.48	syn	36	5
24	CP.P2.II.48	neu	90	147
25	CP.P2.II.63	real	13	19
25	CP.P2.II.63	syn	82	54
25	CP.P2.II.63	neu	237	155
26	CP.P2.III.25	real	259	120
26	CP.P2.III.25	syn	223	29
26	CP.P2.III.25	neu	228	131
27	CP.P2.III.116	real	29	21
27	CP.P2.III.116	syn	49	4
27	CP.P2.III.116	neu	300	201
28	CP.P2.V.55	real	4	31
28	CP.P2.V.55	syn	271	37
28	CP.P2.V.55	neu	214	27
29	CP.P3.I.43	real	118	165
29	CP.P3.I.43	syn	18	151
29	CP.P3.I.43	neu	18	164
30	CP.P3.III.98	real	61	50
30	CP.P3.III.98	syn	27	1
30	CP.P3.III.98	neu	275	22
31	CP.P3.IV.115	real	76	232
31	CP.P3.IV.115	syn	1	39
31	CP.P3.IV.115	neu	67	48
32	CP.P3.V.102	real	3	16
32	CP.P3.V.102	syn	1	43
32	CP.P3.V.102	neu	44	217
33	CP.P3.V.102	real	141	12
33	CP.P3.V.102	syn	66	13
33	CP.P3.V.102	neu	180	107
34	CP.P3.VI.62	real	1	29
34	CP.P3.VI.62	syn	1	2
34	CP.P3.VI.62	neu	108	67
35	CP.P3.VI.62	real	76	44
35	CP.P3.VI.62	syn	96	130
35	CP.P3.VI.62	neu	110	292
36	CP.P4.II.82	real	116	164
36	CP.P4.II.82	syn	2	3
36	CP.P4.II.82	neu	161	135
37	CP.P4.IV.114	real	59	221
37	CP.P4.IV.114	syn	2	92
37	CP.P4.IV.114	neu	160	189
38	CP.P4.IV.124	real	31	223
38	CP.P4.IV.124	syn	43	22
38	CP.P4.IV.124	neu	265	249
39	CP.P4.IV.140	real	212	282
39	CP.P4.IV.140	syn	75	42
39	CP.P4.IV.140	neu	172	245
40	CP.P4.IV.157	real	1	1
40	CP.P4.IV.157	syn	1	5
40	CP.P4.IV.157	neu	92	30
41	CP.P4.IV.157	real	41	43
41	CP.P4.IV.157	syn	3	2
41	CP.P4.IV.157	neu	91	114
42	CP.P4.IV.177	real	181	75
42	CP.P4.IV.177	syn	18	2
42	CP.P4.IV.177	neu	290	263
43	CP.P5.I.6	real	277	255
43	CP.P5.I.6	syn	16	3
43	CP.P5.I.6	neu	229	196
44	CP.P5.I.31	real	139	236
44	CP.P5.I.31	syn	12	39
44	CP.P5.I.31	neu	143	270
45	CP.P5.I.79	real	184	3
45	CP.P5.I.79	syn	4	4
45	CP.P5.I.79	neu	27	65
46	CP.P5.III.55	real	1	1
46	CP.P5.III.55	syn	26	132
46	CP.P5.III.55	neu	91	107
47	CP.P5.IV.22	real	165	15
47	CP.P5.IV.22	syn	2	1
47	CP.P5.IV.22	neu	212	246
48	CP.P5.IV.140	real	33	81
48	CP.P5.IV.140	syn	29	5
48	CP.P5.IV.140	neu	205	58
49	CP.P6.II.46	real	2	4
49	CP.P6.II.46	syn	64	22
49	CP.P6.II.46	neu	4	78
50	CP.P6.II.62	real	56	8
50	CP.P6.II.62	syn	136	204
50	CP.P6.II.62	neu	234	161
51	CP.P6.IV.25	real	28	258
51	CP.P6.IV.25	syn	19	7
51	CP.P6.IV.25	neu	225	247
52	CP.P6.VI.26	real	131	56
52	CP.P6.VI.26	syn	202	45
52	CP.P6.VI.26	neu	43	132
53	CP.P6.VIII.24	real	219	29
53	CP.P6.VIII.24	syn	49	49
53	CP.P6.VIII.24	neu	180	197
54	CP.P6.VIII.34	real	1	3
54	CP.P6.VIII.34	syn	72	9
54	CP.P6.VIII.34	neu	213	295
55	CP.EP.II.19	real	229	46
55	CP.EP.II.19	syn	187	14
55	CP.EP.II.19	neu	268	91
56	CP.EP.II.19	real	275	162
56	CP.EP.II.19	syn	18	141
56	CP.EP.II.19	neu	231	155
57	CP.EP.II.19	real	137	246
57	CP.EP.II.19	syn	90	30
57	CP.EP.II.19	neu	125	259
58	CP.EP.II.19	real	3	59
58	CP.EP.II.19	syn	25	11
58	CP.EP.II.19	neu	82	50
59	CP.EP.II.19	real	102	215
59	CP.EP.II.19	syn	109	31
59	CP.EP.II.19	neu	131	174
60	CP.EP.II.22	real	252	213
60	CP.EP.II.22	syn	6	156
60	CP.EP.II.22	neu	197	250
61	CP.EP.II.26	real	102	122
61	CP.EP.II.26	syn	1	246
61	CP.EP.II.26	neu	223	222
62	CP.EP.II.31	real	154	14
62	CP.EP.II.31	syn	30	5
62	CP.EP.II.31	neu	80	136
63	CP.EP.II.33	real	1	42
63	CP.EP.II.33	syn	4	1
63	CP.EP.II.33	neu	197	239
