target_id	book_ok	chapter_ok	answer
CP.P1.II.17	0	0	Книга пророка Исаии 53
CP.P1.II.17	1	1	Евангелие от Матфея 10
CP.P1.II.17	0	0	Исаия 45
CP.P1.II.23	1	1	Бытие 19
CP.P1.II.23	0	0	Книга пророка Даниила 9
CP.P1.II.23	1	1	Евангелие от Матфея 26
CP.P1.II.25	1	1	Евангелие от Матфея 9
CP.P1.II.25	0	0	Притчи 10
CP.P1.II.25	0	0	Псалтирь 102
CP.P1.II.37	0	0	Книга пророка Исайи 53
CP.P1.II.37	0	0	Псалтирь 119
CP.P1.II.37	0	0	Откровение 16
CP.P1.II.37	0	0	Книга пророка Исаии 7
CP.P1.II.37	1	1	Евангелие от Луки 7
CP.P1.II.37	0	0	Откровение 21
CP.P1.II.37	1	0	Евангелие от Матфея 9
CP.P1.II.37	0	0	Псалтирь 72
CP.P1.II.37	0	0	Притчи 8
CP.P1.II.37	0	0	Книга пророка Исаии 41
CP.P1.II.37	1	1	Евангелие от Матфея 6
CP.P1.III.39	0	0	Послание к Римлянам 8
CP.P1.V.62	0	0	Евангелие от Матфея 26
CP.P1.VI.15	0	0	Книга Иова 34
CP.P1.VI.41	0	0	Книга Исход 15
CP.P2.II.48	0	0	Притчи 18
CP.P2.II.63	0	0	Книга Бытия 9
CP.P2.III.25	0	0	Притчи 23
CP.P2.III.116	0	0	Евангелие от Матфея 25
CP.P2.V.55	1	1	Евангелие от Матфея 22
CP.P3.I.43	0	0	Притчи 12
CP.P3.III.98	0	0	Евангелие от Матфея 8
CP.P3.IV.115	0	0	Евангелие от Иоанна 11
CP.P3.V.102	0	0	Книга Бытия 6
CP.P3.V.102	0	0	Откровение 21
CP.P3.VI.62	0	0	Притчи 11
CP.P3.VI.62	0	0	Книга пророка Исайи 49
CP.P4.II.82	0	0	Евангелие от Матфея 7
CP.P4.IV.114	0	0	Евангелие от Матфея 26
CP.P4.IV.124	1	0	Евангелие от Иоанна 4
CP.P4.IV.140	0	0	Откровение 22
CP.P4.IV.157	1	1	Евангелие от Иоанна 11
CP.P4.IV.157	0	0	Евангелие от Иоанна 11
CP.P4.IV.177	0	0	Притчи 22
CP.P5.I.6	0	0	Евангелие от Матфея 13
CP.P5.I.31	0	0	Евангелие от Иоанна 10
CP.P5.I.79	1	1	Евангелие от Матфея 6
CP.P5.III.55	1	1	Евангелие от Матфея 6
CP.P5.IV.22	0	0	Книга Иова 34
CP.P5.IV.140	0	0	Книга Бытия 3
CP.P6.II.46	1	1	Евангелие от Матфея 7
CP.P6.II.62	1	1	Евангелие от Матфея 6
CP.P6.IV.25	1	0	Евангелие от Луки 18
CP.P6.VI.26	0	0	Книга Иова 34
CP.P6.VIII.24	0	0	Книга пророка Ионы 3
CP.P6.VIII.34	1	1	Евангелие от Матфея 26
CP.EP.II.19	0	0	Откровение 9
CP.EP.II.19	0	0	Откровение 12
CP.EP.II.19	0	0	Притчи 18
CP.EP.II.19	0	0	Книга пророка Иезекииля 16
CP.EP.II.19	0	0	Книга пророка Исаии 32
CP.EP.II.22	1	0	Бытие 12
CP.EP.II.26	0	0	Откровение 21
CP.EP.II.31	0	0	Евангелие от Матфея 10
CP.EP.II.33	0	0	Книга Бытия 41
