target_id	gold_pos	chosen	score	chosen_type
CP.EP.II.19	1	2	2	A
CP.EP.II.22	4	1	2	B
CP.EP.II.26	5	4	2	A
CP.EP.II.31	2	5	2	C
CP.EP.II.33	3	2	2	B
CP.P1.II.17	3	4	2	B
CP.P1.II.23	4	5	1	A
CP.P1.II.25	3	4	2	R
CP.P1.II.37	3	5	2	A
CP.P1.III.39	3	3	2	G
CP.P1.V.62	1	1	2	G
CP.P1.VI.15	5	3	2	A
CP.P1.VI.41	3	5	1	A
CP.P2.II.48	4	4	2	G
CP.P2.II.63	5	5	2	G
CP.P2.III.116	3	2	1	A
CP.P2.III.25	3	3	2	G
CP.P2.V.55	5	5	2	G
CP.P3.I.43	1	3	1	A
CP.P3.III.98	4	4	2	G
CP.P3.IV.115	3	5	2	A
CP.P3.V.102	1	0	0	none
CP.P3.VI.62	2	3	2	A
CP.P4.II.82	2	5	1	R
CP.P4.IV.114	4	2	1	A
CP.P4.IV.124	3	2	2	A
CP.P4.IV.140	4	5	2	B
CP.P4.IV.157	3	4	3	A
CP.P4.IV.177	3	1	2	A
CP.P5.I.31	5	1	2	A
CP.P5.I.6	1	2	1	C
CP.P5.I.79	3	3	1	G
CP.P5.III.55	3	3	2	G
CP.P5.IV.140	1	1	2	G
CP.P5.IV.22	5	4	2	A
CP.P6.II.46	4	4	2	G
CP.P6.II.62	2	2	2	G
CP.P6.IV.25	1	4	2	C
CP.P6.VI.26	1	3	2	A
CP.P6.VIII.24	3	3	2	G
CP.P6.VIII.34	1	1	2	G
