target_id	source_id	decoy_type	run	score	type
CP.EP.II.19#1	b.GEN.4.10	G	0	0	нет
CP.EP.II.19#2	b.GEN.4.11	G	0	0	нет
CP.EP.II.19#16	b.GEN.4.12	G	0	2	близкий перефраз
CP.EP.II.19#6	b.JER.29.17	G	0	2	близкий перефраз
CP.EP.II.19#17	b.REV.6.4	A	0	3	близкий перефраз
CP.EP.II.19#12	b.ACT.24.13	A	0	3	близкий перефраз
CP.EP.II.19#17	b.TIT.3.3	A	0	2	близкий перефраз
CP.EP.II.19#19	b.JOH.14.14	B	0	0	нет
CP.EP.II.19#16	b.MAT.24.18	B	0	0	нет
CP.EP.II.19#10	b.JOH.14.17	C	0	0	нет
CP.EP.II.19#10	b.LUK.8.52	C	0	2	близкий перефраз
CP.EP.II.19#1	b.PSA.91.5	R	0	0	нет
CP.EP.II.22#8	b.GEN.17.7	G	0	2	близкий перефраз
CP.EP.II.22#8	b.GEN.26.24	G	0	3	близкий перефраз
CP.EP.II.22#4	b.LUK.8.27	A	0	2	близкий перефраз
CP.EP.II.22#9	b.REV.9.7	A	0	0	нет
CP.EP.II.22#6	b.REV.10.8	A	0	0	нет
CP.EP.II.22#8	b.GEN.17.1	B	0	2	близкий перефраз
CP.EP.II.22#0	b.GEN.26.28	B	0	0	нет
CP.EP.II.22#9	b.JOH.8.9	C	0	0	нет
CP.EP.II.22#8	b.2SA.2.24	R	0	0	нет
CP.EP.II.26#2	b.JOH.11.25	G	0	3	дословное
CP.EP.II.26#2	b.ROM.6.4	G	0	3	близкий перефраз
CP.EP.II.26#3	b.ROM.6.5	G	0	2	близкий перефраз
CP.EP.II.26#3	b.EPH.6.14	G	0	0	нет
CP.EP.II.26#2	b.REV.11.11	A	0	3	близкий перефраз
CP.EP.II.26#2	b.REV.6.8	A	0	2	близкий перефраз
CP.EP.II.26#2	b.REV.20.6	A	0	2	близкий перефраз
CP.EP.II.26#2	b.JOH.11.33	B	0	2	близкий перефраз
CP.EP.II.26#3	b.EPH.6.21	B	0	0	нет
CP.EP.II.26#3	b.JOH.14.17	C	0	0	нет
CP.EP.II.26#2	b.LUK.16.26	C	0	0	нет
CP.EP.II.26#0	b.2CO.11.6	R	0	0	нет
CP.EP.II.31#3	b.MAR.1.15	G	0	2	близкий перефраз
CP.EP.II.31#3	b.REV.22.19	A	0	0	нет
CP.EP.II.31#4	b.REV.5.4	A	0	0	нет
CP.EP.II.31#0	b.REV.22.7	A	0	0	нет
CP.EP.II.31#1	b.MAR.1.20	B	0	0	нет
CP.EP.II.31#0	b.MAR.1.9	B	0	0	нет
CP.EP.II.31#2	b.JOH.11.25	C	0	2	близкий перефраз
CP.EP.II.31#3	b.MAT.26.15	C	0	0	нет
CP.EP.II.31#0	b.JDG.17.7	R	0	0	нет
CP.EP.II.33#3	b.GEN.29.20	G	0	3	дословное
CP.EP.II.33#3	b.REV.11.11	A	0	0	нет
CP.EP.II.33#2	b.REV.17.9	A	0	2	близкий перефраз
CP.EP.II.33#3	b.REV.5.6	A	0	0	нет
CP.EP.II.33#3	b.GEN.29.27	B	0	3	близкий перефраз
CP.EP.II.33#2	b.GEN.29.12	B	0	0	нет
CP.EP.II.33#4	b.JOH.14.17	C	0	2	близкий перефраз
CP.EP.II.33#3	b.JOH.6.19	C	0	0	нет
CP.EP.II.33#4	b.EXO.31.14	R	0	0	нет
CP.P1.II.17#9	b.PSA.22.6	G	0	2	близкий перефраз
CP.P1.II.17#9	b.PSA.22.7	G	0	2	близкий перефраз
CP.P1.II.17#13	b.PSA.22.8	G	0	0	нет
CP.P1.II.17#9	b.PSA.22.22	G	0	0	нет
CP.P1.II.17#9	b.1TI.5.25	A	0	3	близкий перефраз
CP.P1.II.17#1	b.GAL.5.3	A	0	0	нет
CP.P1.II.17#9	b.1PE.3.14	A	0	2	близкий перефраз
CP.P1.II.17#4	b.MAT.27.34	B	0	3	близкий перефраз
CP.P1.II.17#0	b.MAT.10.11	B	0	0	нет
CP.P1.II.17#13	b.MAT.20.22	C	0	2	близкий перефраз
CP.P1.II.17#0	b.LUK.16.26	C	0	2	близкий перефраз
CP.P1.II.17#9	b.ECC.5.2	R	0	0	нет
CP.P1.II.23#59	b.GEN.19.12	G	0	0	нет
CP.P1.II.23#38	b.GEN.19.13	G	0	0	нет
CP.P1.II.23#59	b.GEN.19.14	G	0	2	близкий перефраз
CP.P1.II.23#59	b.GEN.19.15	G	0	0	нет
CP.P1.II.23#66	b.ACT.10.30	A	0	2	близкий перефраз
CP.P1.II.23#11	b.1CO.11.29	A	0	0	нет
CP.P1.II.23#9	b.JOH.8.11	A	0	3	дословное
CP.P1.II.23#45	b.MAR.15.40	B	0	0	нет
CP.P1.II.23#56	b.MAT.26.19	B	0	0	нет
CP.P1.II.23#23	b.LUK.8.52	C	0	3	близкий перефраз
CP.P1.II.23#59	b.MAT.26.42	C	0	2	близкий перефраз
CP.P1.II.23#31	b.EZE.21.8	R	0	0	нет
CP.P1.II.25#17	b.PSA.68.1	G	0	2	близкий перефраз
CP.P1.II.25#17	b.PSA.68.2	G	0	3	дословное
CP.P1.II.25#17	b.PSA.97.5	G	0	3	дословное
CP.P1.II.25#21	b.ISA.49.23	G	0	3	дословное
CP.P1.II.25#15	b.1CO.2.11	A	0	3	дословное
CP.P1.II.25#5	b.REV.16.18	A	0	2	близкий перефраз
CP.P1.II.25#15	b.2PE.3.4	A	0	0	нет
CP.P1.II.25#20	b.LUK.4.43	B	0	0	нет
CP.P1.II.25#15	b.MAT.9.8	B	0	2	близкий перефраз
CP.P1.II.25#15	b.JOH.14.17	C	0	2	близкий перефраз
CP.P1.II.25#15	b.MAR.10.15	C	0	2	близкий перефраз
CP.P1.II.25#20	b.ISA.51.23	R	0	2	близкий перефраз
CP.P1.II.37#22	b.MAT.5.45	G	0	0	нет
CP.P1.II.37#29	b.MAT.6.10	G	0	3	дословное
CP.P1.II.37#19	b.MAT.7.1	G	0	0	нет
CP.P1.II.37#22	b.MAT.7.2	G	0	0	нет
CP.P1.II.37#22	b.REV.22.17	A	0	3	дословное
CP.P1.II.37#22	b.1PE.4.16	A	0	0	нет
CP.P1.II.37#15	b.2CO.2.10	A	0	3	близкий перефраз
CP.P1.II.37#9	b.JAM.3.11	B	0	2	близкий перефраз
CP.P1.II.37#10	b.MAT.25.35	B	0	2	близкий перефраз
CP.P1.II.37#22	b.MAR.1.15	C	0	2	близкий перефраз
CP.P1.II.37#22	b.MAR.10.14	C	0	2	близкий перефраз
CP.P1.II.37#6	b.ROM.15.3	R	0	2	близкий перефраз
CP.P1.III.39#2	b.PSA.71.5	G	0	3	дословное
CP.P1.III.39#38	b.3JO.1.13	A	0	2	близкий перефраз
CP.P1.III.39#2	b.2CO.3.2	A	0	2	близкий перефраз
CP.P1.III.39#10	b.1TH.3.4	A	0	2	близкий перефраз
CP.P1.III.39#4	b.PSA.71.12	B	0	2	близкий перефраз
CP.P1.III.39#4	b.PSA.71.9	B	0	2	близкий перефраз
CP.P1.III.39#44	b.JOH.4.10	C	0	0	нет
CP.P1.III.39#2	b.JOH.14.17	C	0	0	нет
CP.P1.III.39#36	b.ACT.27.39	R	0	0	нет
CP.P1.V.62#3	b.PSA.143.8	G	0	3	близкий перефраз
CP.P1.V.62#3	b.REV.4.1	A	0	0	нет
CP.P1.V.62#0	b.MAR.10.50	A	0	2	близкий перефраз
CP.P1.V.62#0	b.LUK.24.12	A	0	3	близкий перефраз
CP.P1.V.62#3	b.PSA.143.3	B	0	0	нет
CP.P1.V.62#3	b.PSA.143.2	B	0	0	нет
CP.P1.V.62#1	b.LUK.16.23	C	0	0	нет
CP.P1.V.62#2	b.MAR.1.42	C	0	2	близкий перефраз
CP.P1.V.62#2	b.1TH.2.8	R	0	0	нет
CP.P1.VI.15#4	b.JOH.11.47	G	0	0	нет
CP.P1.VI.15#4	b.1CO.16.15	A	0	3	близкий перефраз
CP.P1.VI.15#4	b.1TI.5.10	A	0	2	близкий перефраз
CP.P1.VI.15#4	b.2TI.3.17	A	0	3	близкий перефраз
CP.P1.VI.15#6	b.JOH.11.55	B	0	0	нет
CP.P1.VI.15#6	b.JOH.11.39	B	0	0	нет
CP.P1.VI.15#3	b.MAT.22.10	C	0	2	близкий перефраз
CP.P1.VI.15#4	b.MAT.9.13	C	0	2	близкий перефраз
CP.P1.VI.15#9	b.NUM.21.3	R	0	0	нет
CP.P1.VI.41#6	b.PSA.42.1	G	0	0	нет
CP.P1.VI.41#16	b.ISA.29.8	G	0	2	близкий перефраз
CP.P1.VI.41#5	b.JOH.4.10	G	0	0	нет
CP.P1.VI.41#6	b.JOH.4.11	G	0	0	нет
CP.P1.VI.41#18	b.JOH.13.4	A	0	0	нет
CP.P1.VI.41#6	b.REV.13.1	A	0	0	нет
CP.P1.VI.41#8	b.ACT.9.18	A	0	3	близкий перефраз
CP.P1.VI.41#1	b.JOH.4.17	B	0	0	нет
CP.P1.VI.41#14	b.JOH.4.22	B	0	0	нет
CP.P1.VI.41#16	b.LUK.8.52	C	0	0	нет
CP.P1.VI.41#25	b.MAR.4.22	C	0	0	нет
CP.P1.VI.41#6	b.LUK.1.76	R	0	0	нет
CP.P2.II.48#6	b.MAR.9.25	G	0	3	дословное
CP.P2.II.48#5	b.MAR.9.28	G	0	0	нет
CP.P2.II.48#2	b.MAR.9.29	G	0	0	нет
CP.P2.II.48#1	b.REV.21.1	A	0	0	нет
CP.P2.II.48#4	b.ACT.3.5	A	0	2	близкий перефраз
CP.P2.II.48#4	b.ACT.6.15	A	0	0	нет
CP.P2.II.48#14	b.MAR.9.17	B	0	0	нет
CP.P2.II.48#14	b.MAR.9.36	B	0	0	нет
CP.P2.II.48#11	b.LUK.18.13	C	0	2	близкий перефраз
CP.P2.II.48#6	b.MAR.13.19	C	0	0	нет
CP.P2.II.48#12	b.EXO.35.11	R	0	0	нет
CP.P2.II.63#1	b.GEN.4.10	G	0	3	дословное
CP.P2.II.63#1	b.REV.12.2	A	0	3	близкий перефраз
CP.P2.II.63#1	b.HEB.9.20	A	0	3	дословное
CP.P2.II.63#1	b.REV.18.24	A	0	3	дословное
CP.P2.II.63#1	b.GEN.4.3	B	0	0	нет
CP.P2.II.63#1	b.GEN.4.14	B	0	2	близкий перефраз
CP.P2.II.63#0	b.JOH.14.6	C	0	3	дословное
CP.P2.II.63#2	b.JOH.4.15	C	0	0	нет
CP.P2.II.63#2	b.JER.30.24	R	0	0	нет
CP.P2.III.116#3	b.ZEC.3.3	G	0	0	нет
CP.P2.III.116#3	b.ZEC.3.4	G	0	0	нет
CP.P2.III.116#2	b.1PE.4.16	A	0	2	близкий перефраз
CP.P2.III.116#2	b.2TI.1.16	A	0	2	близкий перефраз
CP.P2.III.116#0	b.2TI.1.12	A	0	0	нет
CP.P2.III.116#2	b.ZEC.3.8	B	0	0	нет
CP.P2.III.116#0	b.ZEC.3.10	B	0	0	нет
CP.P2.III.116#0	b.JOH.6.6	C	0	0	нет
CP.P2.III.116#2	b.MAR.5.39	C	0	0	нет
CP.P2.III.116#4	b.ACT.20.38	R	0	0	нет
CP.P2.III.25#2	b.PSA.19.10	G	0	2	близкий перефраз
CP.P2.III.25#2	b.REV.3.3	A	0	0	нет
CP.P2.III.25#0	b.EPH.4.27	A	0	2	близкий перефраз
CP.P2.III.25#2	b.PHM.1.11	A	0	0	нет
CP.P2.III.25#2	b.PSA.19.14	B	0	0	нет
CP.P2.III.25#1	b.PSA.19.5	B	0	0	нет
CP.P2.III.25#0	b.JOH.4.15	C	0	0	нет
CP.P2.III.25#2	b.LUK.6.35	C	0	0	нет
CP.P2.III.25#2	b.MAR.1.11	R	0	0	нет
CP.P2.V.55#3	b.MAT.22.39	G	0	3	дословное
CP.P2.V.55#3	b.HEB.10.25	A	0	0	нет
CP.P2.V.55#5	b.ROM.5.15	A	0	2	близкий перефраз
CP.P2.V.55#3	b.2PE.1.10	A	0	0	нет
CP.P2.V.55#1	b.MAT.22.31	B	0	0	нет
CP.P2.V.55#0	b.MAT.22.46	B	0	0	нет
CP.P2.V.55#1	b.JOH.8.9	C	0	0	нет
CP.P2.V.55#5	b.JOH.14.6	C	0	0	нет
CP.P2.V.55#0	b.1CH.8.31	R	0	0	нет
CP.P3.I.43#13	b.JOB.1.6	G	0	0	нет
CP.P3.I.43#1	b.JOB.1.7	G	0	0	нет
CP.P3.I.43#0	b.JOB.1.8	G	0	0	нет
CP.P3.I.43#1	b.JOB.1.9	G	0	0	нет
CP.P3.I.43#0	b.JAM.4.5	A	0	0	нет
CP.P3.I.43#3	b.REV.3.19	A	0	2	близкий перефраз
CP.P3.I.43#3	b.3JO.1.1	A	0	0	нет
CP.P3.I.43#16	b.JOB.1.20	B	0	0	нет
CP.P3.I.43#9	b.JOB.1.17	B	0	0	нет
CP.P3.I.43#9	b.LUK.18.14	C	0	2	близкий перефраз
CP.P3.I.43#9	b.LUK.7.47	C	0	0	нет
CP.P3.I.43#8	b.JOH.14.26	R	0	0	нет
CP.P3.III.98#0	b.MAR.5.3	G	0	2	близкий перефраз
CP.P3.III.98#0	b.LUK.8.27	G	0	2	близкий перефраз
CP.P3.III.98#0	b.REV.17.7	A	0	0	нет
CP.P3.III.98#0	b.REV.18.14	A	0	2	близкий перефраз
CP.P3.III.98#0	b.REV.7.14	A	0	0	нет
CP.P3.III.98#0	b.LUK.8.23	B	0	0	нет
CP.P3.III.98#0	b.LUK.8.33	B	0	0	нет
CP.P3.III.98#0	b.JOH.11.38	C	0	2	близкий перефраз
CP.P3.III.98#0	b.LUK.16.25	C	0	0	нет
CP.P3.III.98#0	b.PSA.89.36	R	0	0	нет
CP.P3.IV.115#2	b.LUK.16.19	G	0	0	нет
CP.P3.IV.115#0	b.LUK.16.20	G	0	2	близкий перефраз
CP.P3.IV.115#0	b.LUK.16.21	G	0	2	близкий перефраз
CP.P3.IV.115#7	b.LUK.16.22	G	0	0	нет
CP.P3.IV.115#2	b.1CO.14.15	A	0	2	близкий перефраз
CP.P3.IV.115#1	b.REV.14.3	A	0	0	нет
CP.P3.IV.115#0	b.REV.5.9	A	0	0	нет
CP.P3.IV.115#2	b.LUK.16.16	B	0	2	близкий перефраз
CP.P3.IV.115#7	b.LUK.16.18	B	0	0	нет
CP.P3.IV.115#0	b.JOH.4.10	C	0	0	нет
CP.P3.IV.115#1	b.MAR.4.22	C	0	0	нет
CP.P3.IV.115#2	b.REV.16.1	R	0	0	нет
CP.P3.V.102#31	b.MAT.28.20	G	0	2	близкий перефраз
CP.P3.V.102#30	b.LUK.22.24	G	0	2	близкий перефраз
CP.P3.V.102#31	b.LUK.22.25	G	0	0	нет
CP.P3.V.102#28	b.LUK.22.26	G	0	2	близкий перефраз
CP.P3.V.102#31	b.REV.22.14	A	0	2	близкий перефраз
CP.P3.V.102#25	b.1CO.9.8	A	0	2	близкий перефраз
CP.P3.V.102#31	b.REV.3.12	A	0	3	тематическая перекличка
CP.P3.V.102#31	b.JOH.14.12	B	0	0	нет
CP.P3.V.102#14	b.JOH.14.10	B	0	0	нет
CP.P3.V.102#21	b.LUK.8.17	C	0	0	нет
CP.P3.V.102#5	b.JOH.7.24	C	0	2	близкий перефраз
CP.P3.V.102#31	b.2SA.8.12	R	0	0	нет
CP.P3.VI.62#15	b.GEN.11.3	G	0	2	близкий перефраз
CP.P3.VI.62#27	b.MAR.16.15	G	0	2	близкий перефраз
CP.P3.VI.62#4	b.1JO.3.12	A	0	3	близкий перефраз
CP.P3.VI.62#12	b.ROM.7.20	A	0	2	близкий перефраз
CP.P3.VI.62#12	b.ROM.7.19	A	0	2	близкий перефраз
CP.P3.VI.62#28	b.GEN.11.8	B	0	0	нет
CP.P3.VI.62#29	b.MAR.16.8	B	0	2	близкий перефраз
CP.P3.VI.62#11	b.MAT.24.21	C	0	2	близкий перефраз
CP.P3.VI.62#22	b.JOH.6.6	C	0	0	нет
CP.P3.VI.62#10	b.ISA.18.6	R	0	0	нет
CP.P4.II.82#0	b.JOH.8.3	G	0	0	нет
CP.P4.II.82#0	b.JOH.8.4	G	0	2	близкий перефраз
CP.P4.II.82#0	b.JOH.8.5	G	0	3	близкий перефраз
CP.P4.II.82#0	b.JOH.8.6	G	0	0	нет
CP.P4.II.82#0	b.REV.3.17	A	0	2	близкий перефраз
CP.P4.II.82#0	b.1PE.2.7	A	0	3	близкий перефраз
CP.P4.II.82#0	b.1PE.2.6	A	0	0	нет
CP.P4.II.82#0	b.JOH.8.12	B	0	0	нет
CP.P4.II.82#0	b.JOH.8.16	B	0	0	нет
CP.P4.II.82#0	b.JAM.3.14	C	0	0	нет
CP.P4.II.82#0	b.JOH.18.11	C	0	0	нет
CP.P4.II.82#0	b.PSA.13.2	R	0	0	нет
CP.P4.IV.114#1	b.JOH.11.25	G	0	0	нет
CP.P4.IV.114#0	b.REV.20.12	A	0	0	нет
CP.P4.IV.114#2	b.HEB.12.24	A	0	3	дословное
CP.P4.IV.114#2	b.HEB.9.15	A	0	3	дословное
CP.P4.IV.114#1	b.JOH.11.29	B	0	2	близкий перефраз
CP.P4.IV.114#2	b.JOH.11.21	B	0	0	нет
CP.P4.IV.114#3	b.JAM.3.15	C	0	0	нет
CP.P4.IV.114#1	b.JOH.11.38	C	0	0	нет
CP.P4.IV.114#3	b.PSA.115.4	R	0	0	нет
CP.P4.IV.124#0	b.JOH.6.5	G	0	0	нет
CP.P4.IV.124#1	b.JOH.6.6	G	0	0	нет
CP.P4.IV.124#0	b.JOH.6.7	G	0	0	нет
CP.P4.IV.124#0	b.JOH.6.8	G	0	0	нет
CP.P4.IV.124#1	b.REV.6.7	A	0	2	близкий перефраз
CP.P4.IV.124#0	b.JAM.2.3	A	0	2	близкий перефраз
CP.P4.IV.124#0	b.HEB.12.25	A	0	3	близкий перефраз
CP.P4.IV.124#0	b.JOH.6.16	B	0	0	нет
CP.P4.IV.124#0	b.JOH.6.4	B	0	0	нет
CP.P4.IV.124#1	b.JOH.8.3	C	0	0	нет
CP.P4.IV.124#0	b.MAT.24.6	C	0	2	близкий перефраз
CP.P4.IV.124#1	b.EXO.8.19	R	0	0	нет
CP.P4.IV.140#2	b.EXO.33.20	G	0	2	близкий перефраз
CP.P4.IV.140#4	b.MAT.5.8	G	0	3	дословное
CP.P4.IV.140#4	b.REV.21.3	A	0	2	близкий перефраз
CP.P4.IV.140#4	b.REV.1.3	A	0	0	нет
CP.P4.IV.140#4	b.REV.1.7	A	0	3	дословное
CP.P4.IV.140#4	b.EXO.33.14	B	0	0	нет
CP.P4.IV.140#4	b.MAT.5.4	B	0	0	нет
CP.P4.IV.140#4	b.JOH.11.47	C	0	0	нет
CP.P4.IV.140#4	b.JOH.4.15	C	0	0	нет
CP.P4.IV.140#1	b.GEN.49.15	R	0	0	нет
CP.P4.IV.157#4	b.MAT.9.24	G	0	2	близкий перефраз
CP.P4.IV.157#4	b.MAR.5.39	G	0	2	близкий перефраз
CP.P4.IV.157#4	b.LUK.8.52	G	0	2	близкий перефраз
CP.P4.IV.157#0	b.JOH.11.38	G	0	3	дословное
CP.P4.IV.157#3	b.JOH.11.39	A	0	3	дословное
CP.P4.IV.157#1	b.1PE.2.7	A	0	2	близкий перефраз
CP.P4.IV.157#4	b.REV.11.9	A	0	2	близкий перефраз
CP.P4.IV.157#4	b.MAR.5.43	B	0	0	нет
CP.P4.IV.157#3	b.MAT.9.28	B	0	3	дословное
CP.P4.IV.157#2	b.MAT.9.22	C	0	0	нет
CP.P4.IV.157#2	b.JOH.8.7	C	0	3	дословное
CP.P4.IV.157#2	b.1KI.22.26	R	0	0	нет
CP.P4.IV.177#9	b.MAR.9.36	G	0	0	нет
CP.P4.IV.177#9	b.MAR.9.37	G	0	2	близкий перефраз
CP.P4.IV.177#9	b.MAR.10.13	G	0	0	нет
CP.P4.IV.177#9	b.MAR.10.14	G	0	3	дословное
CP.P4.IV.177#9	b.1JO.3.10	A	0	2	близкий перефраз
CP.P4.IV.177#9	b.ROM.14.17	A	0	3	близкий перефраз
CP.P4.IV.177#9	b.LUK.18.16	A	0	3	дословное
CP.P4.IV.177#9	b.MAR.10.11	B	0	0	нет
CP.P4.IV.177#9	b.MAR.9.42	B	0	0	нет
CP.P4.IV.177#9	b.ACT.14.22	C	0	2	близкий перефраз
CP.P4.IV.177#9	b.LUK.11.20	C	0	3	близкий перефраз
CP.P4.IV.177#9	b.JOB.42.10	R	0	0	нет
CP.P5.I.31#14	b.LUK.16.31	G	0	2	близкий перефраз
CP.P5.I.31#7	b.1TI.1.13	A	0	2	близкий перефраз
CP.P5.I.31#1	b.JOH.8.43	A	0	3	дословное
CP.P5.I.31#1	b.1CO.14.16	A	0	2	близкий перефраз
CP.P5.I.31#0	b.LUK.16.26	B	0	0	нет
CP.P5.I.31#0	b.LUK.16.25	B	0	0	нет
CP.P5.I.31#6	b.MAR.13.19	C	0	0	нет
CP.P5.I.31#6	b.MAR.4.22	C	0	0	нет
CP.P5.I.31#17	b.ISA.5.9	R	0	2	близкий перефраз
CP.P5.I.6#5	b.MAR.5.8	G	0	0	нет
CP.P5.I.6#6	b.MAR.5.9	G	0	2	близкий перефраз
CP.P5.I.6#6	b.LUK.8.30	G	0	2	близкий перефраз
CP.P5.I.6#2	b.2CO.12.15	A	0	0	нет
CP.P5.I.6#0	b.REV.3.4	A	0	0	нет
CP.P5.I.6#6	b.HEB.10.1	A	0	0	нет
CP.P5.I.6#6	b.MAR.5.13	B	0	0	нет
CP.P5.I.6#0	b.MAR.5.16	B	0	0	нет
CP.P5.I.6#0	b.JOH.6.8	C	0	0	нет
CP.P5.I.6#6	b.JOH.8.9	C	0	0	нет
CP.P5.I.6#2	b.PSA.42.5	R	0	0	нет
CP.P5.I.79#11	b.PRO.30.8	G	0	2	близкий перефраз
CP.P5.I.79#2	b.MAT.6.11	G	0	2	близкий перефраз
CP.P5.I.79#9	b.LUK.11.3	G	0	2	близкий перефраз
CP.P5.I.79#11	b.REV.3.17	A	0	2	близкий перефраз
CP.P5.I.79#4	b.REV.21.9	A	0	0	нет
CP.P5.I.79#4	b.REV.8.2	A	0	0	нет
CP.P5.I.79#0	b.LUK.11.10	B	0	2	близкий перефраз
CP.P5.I.79#0	b.LUK.11.7	B	0	0	нет
CP.P5.I.79#11	b.JOH.14.17	C	0	0	нет
CP.P5.I.79#0	b.JOH.4.10	C	0	0	нет
CP.P5.I.79#11	b.2KI.9.37	R	0	0	нет
CP.P5.III.55#9	b.MAT.6.3	G	0	3	дословное
CP.P5.III.55#9	b.MAT.6.4	G	0	3	близкий перефраз
CP.P5.III.55#7	b.TIT.3.8	A	0		
CP.P5.III.55#9	b.1CO.14.16	A	0	2	близкий перефраз
CP.P5.III.55#9	b.1CO.10.30	A	0	2	близкий перефраз
CP.P5.III.55#9	b.MAT.6.8	B	0	0	нет
CP.P5.III.55#8	b.MAT.6.10	B	0	0	нет
CP.P5.III.55#7	b.JOH.6.6	C	0	0	нет
CP.P5.III.55#5	b.MAT.20.15	C	0	2	близкий перефраз
CP.P5.III.55#0	b.HAB.3.9	R	0	0	нет
CP.P5.IV.140#4	b.ISA.24.5	G	0	3	близкий перефраз
CP.P5.IV.140#4	b.ISA.24.6	G	0	0	нет
CP.P5.IV.140#4	b.REV.10.8	A	0	0	нет
CP.P5.IV.140#8	b.PRO.7.13	A	0	0	нет
CP.P5.IV.140#0	b.COL.3.23	A	0	2	близкий перефраз
CP.P5.IV.140#0	b.ISA.24.10	B	0	0	нет
CP.P5.IV.140#5	b.ISA.24.14	B	0	0	нет
CP.P5.IV.140#8	b.JOH.8.7	C	0	0	нет
CP.P5.IV.140#0	b.JOH.11.47	C	0	2	близкий перефраз
CP.P5.IV.140#5	b.2CH.25.20	R	0	0	нет
CP.P5.IV.22#1	b.LUK.12.14	G	0	0	нет
CP.P5.IV.22#10	b.ROM.14.8	A	0	2	близкий перефраз
CP.P5.IV.22#4	b.1CO.5.3	A	0	0	нет
CP.P5.IV.22#0	b.JOH.18.40	A	0	2	близкий перефраз
CP.P5.IV.22#10	b.LUK.12.18	B	0	0	нет
CP.P5.IV.22#12	b.LUK.12.22	B	0	0	нет
CP.P5.IV.22#10	b.JOH.4.10	C	0	2	близкий перефраз
CP.P5.IV.22#1	b.JOH.8.7	C	0	0	нет
CP.P5.IV.22#7	b.PSA.72.16	R	0	0	нет
CP.P6.II.46#2	b.MAT.7.7	G	0	3	дословное
CP.P6.II.46#2	b.LUK.11.9	G	0	3	дословное
CP.P6.II.46#1	b.1JO.2.29	A	0	0	нет
CP.P6.II.46#3	b.1JO.5.13	A	0	2	близкий перефраз
CP.P6.II.46#3	b.1TH.4.2	A	0	0	нет
CP.P6.II.46#3	b.MAT.7.2	B	0	0	нет
CP.P6.II.46#3	b.LUK.11.1	B	0	0	нет
CP.P6.II.46#1	b.JAM.3.13	C	0	2	близкий перефраз
CP.P6.II.46#1	b.JOH.14.17	C	0	0	нет
CP.P6.II.46#3	b.JOH.2.23	R	0	0	нет
CP.P6.II.62#1	b.MAT.6.10	G	0	3	близкий перефраз
CP.P6.II.62#3	b.MAT.26.42	G	0	2	близкий перефраз
CP.P6.II.62#1	b.LUK.11.2	G	0	3	дословное
CP.P6.II.62#5	b.1TI.5.25	A	0	2	близкий перефраз
CP.P6.II.62#3	b.ROM.1.10	A	0	2	близкий перефраз
CP.P6.II.62#1	b.LUK.12.29	A	0	3	дословное
CP.P6.II.62#1	b.MAT.6.4	B	0	0	нет
CP.P6.II.62#1	b.MAT.6.15	B	0	0	нет
CP.P6.II.62#3	b.LUK.22.42	C	0	3	близкий перефраз
CP.P6.II.62#1	b.JOH.14.18	C	0	2	близкий перефраз
CP.P6.II.62#1	b.LUK.20.44	R	0	0	нет
CP.P6.IV.25#5	b.LUK.5.8	G	0	3	дословное
CP.P6.IV.25#4	b.2PE.1.5	A	0	2	близкий перефраз
CP.P6.IV.25#0	b.1PE.4.18	A	0	2	близкий перефраз
CP.P6.IV.25#5	b.1JO.2.14	A	0	0	нет
CP.P6.IV.25#5	b.LUK.5.16	B	0	0	нет
CP.P6.IV.25#2	b.LUK.5.15	B	0	0	нет
CP.P6.IV.25#2	b.LUK.18.14	C	0	3	дословное
CP.P6.IV.25#2	b.JAM.3.13	C	0	0	нет
CP.P6.IV.25#0	b.GEN.30.20	R	0	0	нет
CP.P6.VI.26#10	b.EXO.8.19	G	0	3	дословное
CP.P6.VI.26#10	b.LUK.11.20	G	0	3	дословное
CP.P6.VI.26#10	b.LUK.18.13	A	0	3	близкий перефраз
CP.P6.VI.26#12	b.JAM.1.24	A	0	0	нет
CP.P6.VI.26#4	b.LUK.8.16	A	0	0	нет
CP.P6.VI.26#10	b.LUK.11.24	B	0	0	нет
CP.P6.VI.26#10	b.EXO.8.23	B	0	0	нет
CP.P6.VI.26#10	b.MAT.3.12	R	0	0	нет
CP.P6.VIII.24#0	b.GEN.4.10	G	0	2	близкий перефраз
CP.P6.VIII.24#0	b.GEN.4.11	G	0	3	близкий перефраз
CP.P6.VIII.24#3	b.ROM.5.12	A	0	0	нет
CP.P6.VIII.24#0	b.ACT.22.7	A	0	3	близкий перефраз
CP.P6.VIII.24#0	b.ACT.9.4	A	0	3	близкий перефраз
CP.P6.VIII.24#0	b.GEN.4.15	B	0	0	нет
CP.P6.VIII.24#3	b.GEN.4.18	B	0	0	нет
CP.P6.VIII.24#0	b.MAR.16.15	C	0	0	нет
CP.P6.VIII.24#0	b.LUK.5.8	C	0	3	близкий перефраз
CP.P6.VIII.24#3	b.PRO.26.24	R	0	0	нет
CP.P6.VIII.34#7	b.MAT.20.22	G	0	3	близкий перефраз
CP.P6.VIII.34#7	b.MAT.26.42	G	0	3	дословное
CP.P6.VIII.34#7	b.MAR.14.36	G	0	3	дословное
CP.P6.VIII.34#7	b.LUK.22.42	G	0	3	дословное
CP.P6.VIII.34#4	b.2PE.3.4	A	0	0	нет
CP.P6.VIII.34#3	b.1CO.9.22	A	0	2	близкий перефраз
CP.P6.VIII.34#3	b.1CO.12.8	A	0	0	нет
CP.P6.VIII.34#3	b.MAT.26.48	B	0	0	нет
CP.P6.VIII.34#3	b.MAT.26.47	B	0	0	нет
CP.P6.VIII.34#4	b.JOH.6.9	C	0	3	близкий перефраз
CP.P6.VIII.34#17	b.JOH.4.13	C	0	2	близкий перефраз
CP.P6.VIII.34#0	b.JOB.14.7	R	0	0	нет
