novel_verse_id	match_score	fragment	bible_refs	page	note
CP.P1.II.17	0.75	...всё тайное становится явным...	MAT.10.26-27	16	Выражение, восходящее к Евангелию от Матфея (гл. 10, ст. 26—
CP.P1.II.17	1.00	«Се человек!»	JOH.19.5	16	слова Понтия Пилата о Христе из Евангелия от Иоанна (гл. 19,
CP.P1.II.37	1.00	Прощаются же и теперь грехи твои мнози...	LUK.7.47-48	24	Измененная цитата из Евангелия от Луки (гл. 7, ст. 47—48): «
CP.P3.IV.115	1.00	...Лазаря петь...	LUK.16.19-31	233	В евангельской притче Лазарь — бедняк, лежавший у ворот бесс
CP.P3.V.103	1.00	Так вы все-таки верите же в Новый Иерусалим?	REV.21.1-3	247	Выражение «Новый Иерусалим» восходит к Апокалипсису (ср.: «И
CP.P4.IV.149	1.00	« И многие из иудеев пришли к Марфе и Марии ~	JOH.11.19-22	308	Евангелие от Иоанна, гл. 11, ст. 19—22. В принадлежавшем Дос
CP.P4.IV.151	1.00	«Иисус говорит ей ~ сын божий, грядущий в мир	JOH.11.23-28	308	Евангелие от Иоанна, гл. 11, ст. 23—28. Стих «Я есмь воскрес
CP.P4.IV.157	1.00	«Иисус же, опять скорбя ~ ибо четыре дни, как	JOH.11.38-40	309	Стихи 38—40. В Евангелии, принадлежавшем писателю, подчеркну
CP.P4.IV.164	1.00	...за чтением вечной книги.	REV.14.6	310	Это определение перекликается с эпитетом «вечное Евангелие»,
CP.P4.IV.177	1.00	«Сих есть царствие божие».	MAT.19.14	311	Цитата из Евангелия от Матфея (гл. 19, ст. 14).
CP.EP.II.19	1.00	Спастись во всем мире могли только несколько 	REV.13.9	517	Символический сон Раскольникова — предупреждение человечеств
