novel_verse_id	match_score	part	chapter	page_ref	note_no	fragment	bible_refs	commentary_snippet
CP.P1.II.17	1.00	P1	II	14	7	Сим покиванием глав не смущаюсь…	MAT.27.39;PSA.21.7-9;PSA.21.23	— Первый   из библеизмов, широко представленных в исповеди Мармеладова, устойчивая формула со значением порицания, поругания, неоднократно встречающаяся в Ветхом и Новом Заветах (ср. случай  употребления Достоевским этого библеизма в авторском повествовании: «...встретили с вопросительной складкой
CP.P1.II.17	0.97	P1	II	14	8	…и всё тайное становится явным…	MAR.4.22;LUK.8.16-17;MAT.10.16-17;MAT.6.4	— Незначительно измененная цитата из Евангелия от Луки (8: 17): «…нет  ничего тайного, что не сделалось бы явным…» (тожд.: Мк. 4: 22).  Являясь «общекультурной цитатой» (термин Е. Г. Новиковой), слова Мармеладова существуют в тексте романа как бы в двух планах: в профанном плане они означают, что «
CP.P1.II.1	1.00	P1	II	14	9	«Се человек!»	JOH.19.4	— Цитата из Евангелия от Иоанна  (19: 5; пунктуация Достоевского соединяет варианты синодального и ц.-сл. переводов). Слова Пилата о Христе, представшем на  суде перед первосвященниками (в предшествующем стихе Пилат  говорит им: «…я вывожу Его к вам, чтобы вы знали, что я не нахожу в Нем никакой ви
CP.P1.II.23	1.00	P1	II	16	5	Содом-с, безобразнейший...	GEN.19.12-16	— Здесь — шум, беспорядок (по названию библейского города Содома, истребленного   ЧАСТЬ ПЕРВАЯ  87 Богом за развратный образ жизни его жителей). Ср. поговорки:  «Не дом, а содом», «Такой содом, что пыль столбом» и др. (Михельсон. Т. 2. С. 291). В связи с замечанием В. Н. Топорова о том,  что по сво
CP.P1.II.23	1.00	P1	II	17	3	И вижу я, эдак часу в шестом, Сонечка встала, надела платочек, надела бурнусик и с квартиры отправилась, а в девятом часу и назад обратно пришла.	JOH.19.14;MAT.27.46;MAR.15.34	— Аллюзия на новозаветные  события: согласно свидетельству евангелиста Иоанна, именно   в шестом часу начинаются скорбный путь на Голгофу и затем  крестные муки Спасителя: «Тогда была пятница пред Пасхою, и час  шестый. <…> И взяли Иисуса и повели. И, неся крест Свой, он  пошел на место, называемое
CP.P1.II.23	1.00	P1	II	17	4	…тридцать целковых молча выложила.	MAT.26.15	— Целковый — серебряный рубль; здесь — сумма в тридцать рублей. О значительности суммы можно судить по сравнению с годовым пенсионом матери Раскольникова — 120 рублей, а также с упоминанием,  что она вяжет для продажи зимние косыночки, которые «всего  только двадцать рублей в год прибавляют к ста д
CP.P1.II.25	1.00	P1	II	18	1	Живет же на квартире у портного Капернаумова…	MAT.9.1;MAT.11.20;MAT.4.17;LUK.4.31-37;MAT.9.23-26;MAT.9.13;MAT.4.14	— Первым на то, что фамилия Капернаумов «связана с общим  уклоном Достоевского к символике имен», указал Р. В. Плетнев;   ГЛАВА II  92  им же намечен и круг вызываемых ею евангельских ассоциаций  (см.: Плетнев. 1930. С. 174–175). Фамилия квартирного хозяина  Сони образована от названия новозаветног
CP.P1.II.25	1.00	P1	II	18	2	Его превосходительство Ивана Афанасьевича изволите знать?.. Нет? Ну так Божия человека не знаете! Это	PSA.67.3;PSA.96.5;MIC.1.4;PSA.67.2	—  воск… воск перед лицом Господним; яко тает воск!.. — Еще одно  проявление того принципа поэтики романа, согласно которому   у Достоевского «слова подчас мудрее изрекающего их» (Альтман.  С. 231). В данном случае это проявляется в том, что художественная функция слова персонажа не только не своди
CP.P1.II.23	1.00	P1	II	18	3	Облобызал я прах ног его, мысленно…	ISA.49.23	— Парафраз  ветхозаветного выражения: «…лицем до земли будут кланяться  тебе и лизать прах ног твоих» (Ис. 49: 23).
CP.P1.II.29	1.00	P1	II	20	5	…я сам к тебе пойду на пропятие…	MAT.27.31	— То есть на  распятие; ср. ц.-сл.: «И ведоша Его на пропятие» (Мф. 27: 31).
CP.P1.II.37	1.00	P1	II	21	1	Скорби, скорби искал я на дне его, скорби и слез, и вкусил, и обрел; а пожалеет нас Тот, Кто всех пожалел…	ACT.14.22	— В ранней  редакции мотив «скорби» в исповеди Мармеладова звучал более  значимо: «В скорби своей вину свою искупиша»; «И (Христос. —  Б. Т.) простит всё за скорбь» (Д. 7; 113, 114). Мармеладов переосмысляет применительно к своей ситуации слова апостола Павла:  «…многими скорбями надлежит нам войти
CP.P1.II.3	1.00	P1	II	21	2	Приидет в тот день…	LUK.17.30;MAT.7.22	— Мармеладов говорит   о Втором пришествии Христа и дне Страшного суда. Ср.: «Так  будет и в тот день, когда Сын Человеческий явится» (Лк. 17: 30).  Так именует Судный день как известный и ожидаемый и Сам Спаситель: «Многие скажут Мне в тот день: „Господи! Господи! …»  (Мф. 7: 22). Отметим, что э
CP.P1.II.3	1.00	P1	II	21	3	…и спросит: «А где дщерь…	MAR.5.34;MAT.9.22;LUK.8.48	— «Дщерь» (ц.-сл.) —  дочь. В русском синодальном переводе Евангелия именно в этой  форме Христос обращается к женщине, исцелившейся верою от тяжелой болезни: «Он же сказал ей: дщерь! вера твоя спасла тебя: иди  в мире и будь здорова от болезни твоей» (Мк. 5: 34; ср. Мф. 9: 22,  Лк. 8: 48). Мармела
CP.P1.II.37	1.00	P1	II	21	4	Прощаются же и теперь грехи твои мнози, за то,  что возлюбила много...	LUK.7.47-48	— «Мнози» (ц.-сл.) — многие. Мармеладов переосмысляет евангельский эпизод прощения Христом Марии Магдалины: «А потому сказываю тебе: прощаются грехи   ее многие за то, что она возлюбила много <…>. Ей же сказал:  прощаются тебе грехи» (Лк. 7: 47–48). Но «переадресовка» слов  Христа от одной блудницы
CP.P1.II.37	1.00	P1	II	21	5	И всех рассудит и простит, и добрых и злых…	MAT.22.9-10;MAT.5.45;LUK.6.35;MAT.22.10	—  В ранней редакции это место читалось иначе: «И всех рассудит  тогда, и добрых и злых…» (Д. 7; 114). Идея прощения в Судный  день «всех», в том числе и «злых», впервые возникает только в печатной редакции эпизода. Этот неожиданный тезис, возможно,  генетически восходит к Христовой притче о званны
CP.P1.II.3	1.00	P1	II	21	9	…но приидите и вы!	MAT.25.31-32;MAT.11.28;JOH.7.24;MAT.7.1-2	— Слова Мармеладова представляют собой творческое соединение двух евангельских текстов. Ситуативно они восходят к предсказанию Христа на горе  Елеонской, где Он раскрывает ученикам, как будет совершаться  суд Господень в конце времен: «Когда же приидет Сын Человеческий во славе Своей <…> тогда сяде
CP.P1.II.37	1.00	P1	II	21	10	И возглаголят премудрые, возглаголят разумные:  «Господи! почто сих приемлеши?»	MAT.11.25;JAM.3.13-15;MAT.20.15	— Евангельский мотив ограниченности, неполноты «мудрости» премудрых и разумных. Ср.:  «Иисус сказал: славлю Тебя, Отче, Господи неба и земли, что Ты  утаил сие от мудрых и разумных [яко утаил еси сия от премудрых  и разумных, ц.-сл.] и открыл то младенцам» (Мф. 11: 25. Это место  цитирует Лебедев в
CP.P1.II.37	1.00	P1	II	21	11	И скажет: «Потому их приемлю, премудрые, потому приемлю, разумные, что ни единый из сих сам не считал себя  достойным сего...»	LUK.18.13-14	— «Моральная диалектика» этого кульминационного места исповеди Мармеладова, возможно, подсказана  евангельской притчей о фарисее и мытаре. В отличие от фарисея,  величающегося на молитве в храме своею праведностью, «мытарь же … не смел даже поднять глаза на небо; но, ударяя себя  в грудь, говорил
CP.P1.II.37	1.00	P1	II	21	12	И прострет к нам руце свои…	MAR.1.41-42;MAT.8.3;LUK.5.13	— «Руце» (ц.-сл.) —  руки. Евангельский жест Христа в эпизоде исцеления прокаженного: «Иисус, умилосердившись над ним, простер руку, коснулся  его и сказал ему: хочу, очистись. После сего слова проказа тотчас  сошла с него и он стал чист» (Мк. 1: 41–42; ср. Мф. 8: 3, Лк. 5: 13).
CP.P1.II.37	1.00	P1	II	21	15	Господи, да приидет Царствие Твое!	MAT.6.10;LUK.11.2	— Мармеладов заканчивает свою исповедь словами из молитвы Господней  «Отче наш» (Мф. 6: 10; Лк. 11: 2). Отметим, что следующие слова  молитвы: «…да будет воля Твоя» — иронически перефразирует  Порфирий Петрович в сцене третьей их встречи с Раскольниковым (см. примеч. к с. 353).
CP.P1.III.39	0.97	P1	III	27	6	…ты наше всё, вся надежда, упование наше.	PSA.70.5	—  Также см. стр. 34. …ты у нас всё — вся надежда наша и всё упование. — Парафраз молитвенного обращения к Богу; ср.: «Ибо  Ты надежда моя, Господи Боже, упование мое от юности моей»  (Пс. 70: 5).   По характеристике Л. П. Гроссмана, «„Преступление и наказание“ знаменует апогей бальзаковского влиян
CP.P1.V.5	1.00	P1	V	50	4	Господи!	PSA.142.3	— молил он, — покажи мне путь мой... —  Очень близкий парафраз 8-го стиха 142-го псалма (так называемый седьмой покаянный псалом): «Господи! <...> Укажи мне  путь, по которому мне идти...» (указано В. Е. Ветловской; см.: Литературоведческий журнал. 2002. № 16. С. 31). В контексте романа в целом (см
CP.P1.VI.2	1.00	P1	VI	54	2	За одну жизнь	JOH.11.47	— тысячи жизней, спасенных от  гниения и разложения. Одна смерть и сто жизней взамен — да ведь  тут арифметика! — Библейским архетипом «арифметической  теории» героев Достоевского являются слова первосвященника  Каиафы, обрекшего на смерть Христа: «Тогда первосвященники  и фарисеи собрали совет и г
CP.P1.VI.41	1.00	P1	VI	56	2	...всего чаще представлялось ему, что он где-то   в Африке, в Египте, в каком-то оазисе. ~ вода, холодная, бежит  по разноцветным камням и по такому чистому с золотыми блестками песку...	ISA.29.8;PSA.41.2;JOH.4.10-15	— Эпизод грезы Раскольникова перед преступле-  ГЛАВА VI  150  нием допускает интерпретацию как развернутый в зримую картину  парафраз библейского образа вожделенной, но тщетной надежды,  сбыться которой не позволяет Господь; ср.: «…и как жаждущему  снится, будто он пьет, но пробуждается, и вот он т
CP.P2.II.48	1.00	P2	II	90	3	...духом немым и глухим полна была для него эта  пышная картина…	MAR.9.25;MAR.9.28-29	— «Дух немой и глухой» — евангельский образ  с семантикой бесовской одержимости (ср. слова Христа, обращенные к бесу в эпизоде исцеления одержимого: «дух немый и  глухий! Я повелеваю тебе, выйди из него…» — Мк. 9: 25); в ранней редакции это словосочетание прямо отмечено кавычками как  цитата из Нов
CP.P2.II.63	1.00	P2	II	92		А это кровь в тебе кричит. Это когда ей выходу  нет и уж печенками запекаться начнет, тут и начнет мерещиться...	GEN.4.10	— «Печенками запекаться» — то есть сгустками (Даль.  Словарь. Т. 1. С. 613; Т. 3. С. 109). Слова Настасьи: «...это кровь   в тебе кричит» — вполне определенно коррелируют с библейскими словами Бога, обращенными к Каину: «...голос крови брата  твоего вопиет ко Мне от земли» (Быт. 4: 10), — как бы яв
CP.P2.III.25	1.00	P2	III	94	1	…потому, брат, деньги нам теперь пуще патоки.	PSA.18.11;PSA.18.11	—  Патока — «мед нетопленный, чистый, сам стекающий с сотов»  (Даль. Словарь. Т. 3. С. 24). Возможно, выражение «пуще патоки»  является иронически сниженным парафразом библейского «паче  меда и сота» (Пс. 18: 11, ц.-сл.), где пуще и паче равно означают  «лучше, дороже». В таком случае знаменательно
CP.P2.III.116	0.92	P2	III	101–102		Он стал развязывать узел ~ и, несмотря на сопротивление Раскольникова, он все-таки переменил ему белье.	ZEC.3.3-4	—  Эпизод покупки Разумихиным нового платья и перемены белья  Раскольникова появился уже в самой ранней, «висбаденской» редакции (см.: Д. 7; 57–61). По указанию О. М. Фрейденберг, в фольклоре и литературе перемена одежды — это архаический символ  «перемены самих сущностей людей» (Фрейденберг О. М.
CP.P2.V.55	1.00	P2	V	116	1	Если мне, например, до сих пор говорили: «возлюби» ~ возлюби, прежде всех, одного себя...	MAT.22.39	— Лужин утрирует   и окарикатуривает вторую «наибольшую» заповедь Христа: «возлюби ближнего твоего, как самого себя» (Мф. 22: 39). Подробнее  см. статью о романе; с. 35. Также см. след. примеч.
CP.P3.I.43	1.00	P3	I	155	2	Вранье есть единственная человеческая привилегия перед всеми организмами. Соврешь	JOB.1.6-12	— до правды дойдешь! ~  примеры были. — Также см. стр. 156. …и хоть мы и врем, потому ведь и я тоже вру, да довремся же наконец и до правды, потому что на благородной дороге стоим… — По предположению  Й. Горака, в тираде Разумихина о вранье присутствует отголосок  одного из ключевых мест «Фауста» И
CP.P3.III.99	0.79	P3	III	178		— Какая у тебя дурная квартира, Родя, точно  гроб ~ какую вы странную мысль сейчас сказали, маменька,	LUK.8.27;MAR.5.3	—  прибавил он вдруг, странно усмехнувшись. — Также см. стр. 183.  Что это вы мою комнату разглядываете? Вот маменька говорит тоже, что на гроб похожа. — По мнению М. С. Альтмана  (Альтман. С. 45), неоднократное уподобление каморки героя «гробу» является одним из элементов системы библейских аллюзи
CP.P3.IV.115	1.00	P3	IV	189		Этому тоже надо Лазаря петь...	LUK.16.19-31	— Петь Лазаря —  прибедняться, плакаться, стараться разжалобить, выпросить чтолибо (Словарь русской фразеологии. С. 330). Здесь: прикидываться,  скрывая свое истинное лицо под маской «бедного и больного студента, удрученного бедностью» (с. 80). Выражение возникло от названия народного духовного сти
CP.P3.V.102	1.00	P3	V	200	2	…бόльшая часть этих благодетелей и установителей человечества были особенно страшные кровопроливцы.	LUK.22.24-26	—  Также см. стр. 400. …и называют потом благодетелем человечества. — «Благодетель человечества» — одно из ключевых понятий  раскольниковской теории (см. с. 322, 400, 417). Возможно, в нем  содержится скрытая аллюзия на евангельские слова Христа, обращенные к ученикам: «Был же спор между ними [апос
CP.P3.V.102	1.00	P3	V	201	2	…до Нового Иерусалима, разумеется!	MAT.28.20;JOH.14.16-18	— Раскольников говорит о конце и итоге всемирной истории. «Новый  Иерусалим» — одно из наиболее сложных и противоречивых понятий, определяющих принципиальные основания идеологической  позиции героя Достоевского. По наблюдению Е. Г. Новиковой,  отметившей, что словами о Новом Иерусалиме завершается
CP.P3.VI.62	1.00	P3	VI	211	8	Несу, дескать, кирпичик на всеобщее счастие…	GEN.11.3	—  Как указала К. Н. Полонская (Полонская. С. 594; ср.: Коган. 1970.  С. 758), Раскольников перефразирует французское крылатое выражение: «apporter sa pierre à l’Édifice Nouveau [принести свой  камень для строительства нового мира]», которое часто использует  последователь и популяризатор учения Ш.
CP.P3.VI.62	1.00	P3	VI	212	1	О, как я понимаю „пророка“, с саблей, на коне.  Велит Аллах, и повинуйся „дрожащая“ тварь! <…> Повинуйся,  дрожащая тварь, и	MAR.16.15	— не желай, потому — не твое это дело!.. —  Как неоднократно было указано, образ «дрожащей твари» (как и сопровождающий его контекст: «Аллах», «пророк») восходит к первому стихотворению из цикла «Подражания Корану» А. С. Пуш-  кина (1824):    Мужайся ж, презирай обман,  Стезею правды бодро следуй,
CP.P4.II.82	1.00	P4	II	232		...не стоите мизинца этой несчастной девушки,   в которую вы камень бросаете.	JOH.8.3-9	— Аллюзия на евангельский эпизод «Христос и грешница»: когда книжники и фарисеи привели   к Иисусу женщину, «взятую в прелюбодеянии», и сказали Ему:  «Моисей в законе заповедал нам побивать таких камнями: Ты что  скажешь?», Он ответил им: «Кто из вас без греха, первый брось  на нее камень», после ч
CP.P4.IV.114	1.00	P4	IV	248		Это был Новый Завет в русском переводе. Книга  была старая, подержанная, в кожаном переплете.	JOH.11.25	— Достоевский описывает здесь свой личный экземпляр Нового Завета, подаренный ему в январе 1850 г. в Тобольске, по дороге в Омский  острог, женами декабристов, с которым он не расставался до конца  жизни. (Этот же экземпляр описан и в романе «Униженные и оскорбленные»: «...Новый Завет в русском пер
CP.P4.IV.124	1.00	P4	IV	249	1	Не там смотрите... в четвертом Евангелии...	JOH.6.19-21;JOH.6.5-13	—  Как в сюжетно-композиционном отношении, так и в плане богословских идей в структуре Четвероевангелия (первые четыре книги  Нового Завета) существенно различаются первые три, так называемые синоптические Евангелия — от Матфея, Марка и Луки,   и четвертое Евангелие, принадлежащее, по церковному пр
CP.P4.IV.1	1.00	P4	IV	249	4	Она Бога узрит.	MAT.5.8;EXO.33.20	— В своем убеждении Соня опирается на Нагорную проповедь Христа (так называемые Заповеди  блаженства): «Блаженны чистые сердцем, ибо они Бога узрят»  (Мф. 5: 8). Представление об «узрении Господа» как награде праведников позволяют уточнить многократные упоминания в Биб-  ГЛАВА IV  354  лии о том, ч
CP.P4.IV.61	0.18	P4	IV	250–251		«Был же болен некто Лазарь, из Вифании…» ~  Всё об воскресении Лазаря…— Соня читает Раскольникову с 1-го по  45-й стих из 11-й главы Евангелия от Иоанна, рассказ о чудесном  воскрешении Лазаря четверодневного. По замечанию Е. Г. Нови-  ковой, включение Достоевским в художественный контекст «целостного и необычно объемного евангельского текста» в русской  литературе «было осуществлено впервые и было новаторским»  (Новикова. С. 114). В тексте романа дословно приводятся стихи   1, 19–27, 32–45 (см. примеч. к с. 248). Исходя из общепринятого  взгляда, согласно которому воскрешение евангельского Лазаря  символически прообразует грядущее воскресение Раскольникова  в финале, А. Б. Криницын обратил внимание на пропуск в романном повествовании читаемых Соней стихов 2–18. Исследователь  посчитал эту фигуру умолчания заслуживающей внимания. В его  интерпретации ключевыми для понимания замысла романа в целом  являются слова Христа, которые Он произносит в ответ на обращенный к нему призыв Марии и Марфы, сестер Лазаря: «Господи!  вот, кого Ты любишь, болен»: «Иисус, услышав то, сказал: эта   ЧАСТЬ ЧЕТВЕРТАЯ  355 болезнь не к смерти, но к славе Божией, да прославится чрез  нее Сын Божий» (Ин. 11: 3–4). «Далее (Ин. 11: 6–17.	JOH.11.3-4;JOH.11.6-17	— Б. Т.)  Евангелие свидетельствует, — продолжает А. Б. Криницын, — что  Иисус намеренно помедлил два дня, дожидаясь смерти Лазаря,   и только тогда пришел к нему, дабы явить на нем славу Свою <…>.  Это божественное попущение приобретало для Достоевского  принципиальную важность: по его мысли, как
CP.P4.IV.8	1.00	P4	IV	251	1	Иисус же <...> проходит ко гробу.	JOH.11.38	— И в тексте  перевода, выполненного Библейским обществом (Новый Завет издания 1823 г.), и в тексте синодального перевода конца 1850-х гг.  в этом стихе (Ин. 11: 38) тождественно читается «Иисус же <…>  приходит ко гробу». По-видимому, здесь имеет место не замеченная писателем описка или опечатка.
CP.P4.IV.157	1.00	P4	IV	251	3	…Господи! уже смердит; ибо четыре дни, как он  во гробе.	LUK.8.52;MAT.9.24;MAR.5.39	— В экземпляре Нового Завета, принадлежавшем писателю, слова «Господи! уже смердит» отмечены на полях каран-  ЧАСТЬ ЧЕТВЕРТАЯ  359 дашом (см.: Евангелие Достоевского. С. 270). В комментариях   к роману и исследовательской литературе сложилась традиция буквального приложения этого места евангельског
CP.P4.IV.177	1.00	P4	IV	252	2	Там детям нельзя оставаться детьми. Там семилетний развратен и вор. А ведь дети	MAR.9.36-37;MAR.10.13-16	— образ Христов: «Сих есть  Царствие Божие». Он велел их чтить и любить, они будущее человечество... — У Достоевского было свое, в высшей степени  самобытное восприятие образов детей в Новом Завете. В подготовительных материалах к «Дневнику писателя» 1876 г. он записал: «Я бы удивился, если б в Ева
CP.P5.I.6	1.00	P5	I	279	2	Это был один из того бесчисленного и разноличного легиона пошляков, дохленьких недоносков и всему недоучившихся самодуров...	MAR.5.8-9;LUK.8.30	— Легион — в повседневном словоупотреблении:  «неисчислимое количество, множество». Однако в контексте творчества Достоевского (ср. роман о революционерах-нигилистах  «Бесы», 1871–1872) в слове легион актуализируется евангельская  семантика: у Марка и Луки на вопрос Христа о его имени так отвечает
CP.P5.I.31	1.00	P5	I	283	2	Мы пошли дальше в своих убеждениях. Мы больше  отрицаем! Если бы встал из гроба Добролюбов, я бы с ним поспорил. А уж Белинского закатал бы!	LUK.16.31	— По наблюдению В. Я. Кир-  потина (Кирпотин. Т. 3. С. 255), слова Лебезятникова чуть не  прямым образом заимствованы из публичных выступлений  Д. И. Писарева, представляя собой пародийную перелицовку следующего места из статьи «Реалисты» (РСл. 1864. № 9. Отд. 2):  «Если бы Белинский и Добролюбов п
CP.P5.I.79	1.00	P5	I	288	2	Не имея, так сказать, одной корки насущной пищи...	PRO.30.8;MAT.6.11;LUK.11.3	— Еще один пример «стилистической какофонии» в речи  Лужина: замещение слова «хлеб» словом «пища», с одной стороны, разрушает единство библейского фразеологического оборота  «хлеб насущный» (Притч. 30: 8; Мф. 6: 11; Лк. 11: 3), а с другой —  создает семантически невозможное словосочетание: «корка <
CP.P5.III.55	0.94	P5	III	307	2	...что хотите избежать благодарности и чтоб,  ну, как это там говорится: чтоб правая рука, что ль, не знала...  одним словом как-то этак...	MAT.6.3-4	— Лебезятников тщетно пытается  вспомнить слова Христа из Нагорной проповеди: «У тебя же, когда  творишь милостыню, пусть левая рука твоя не знает, что делает  правая, Чтобы милостыня твоя была втайне...» (Мф. 6: 3–4). Забывчивость героя в этой ситуации оказывается неслучайной, так как  «ручную мил
CP.P5.IV.22	0.69	P5	IV	313		…если бы вдруг всё это теперь на ваше решение  отдали: тому или тем жить на свете ~ кому из них умереть? ~  И кто меня тут судьей поставил: кому жить, кому не жить?	LUK.12.14	—  Возможно, генетически эта коллизия восходит к «Рождественской песни в прозе» Ч. Диккенса (1843). Ср. постановку вопроса   в повести английского писателя: «Тебе ли решать, кто из людей  должен жить и кто — умереть? Быть может, ты сам в глазах небесного Судии куда менее достоин жизни <…>. О Боже!
CP.P5.IV.140	1.00	P5	IV	322	5	...поцелуй сначала землю, которую ты осквернил ~  Тогда Бог опять тебе жизни пошлет.	ISA.24.5;ISA.24.6	— Экстатическое восклицание Сони, в основе которого лежит идея «осквернения» земли  человеческими грехами, генетически восходит к ветхозаветным  текстам: «Не оскверняйте земли, на которой вы будете жить, ибо  кровь оскверняет землю» (Числ. 35: 33); «И земля осквернена  под живущими на ней; ибо они
CP.P6.II.7	1.00	P6	II	351	1	Ищите и обрящете.	LUK.11.9;MAT.7.7	— Крылатое выражение,  восходящее к словам Христа из Нагорной проповеди: «И аз вам  глаголю: просите, и дастся вам; ищите, и обрящете; толцыте, и отверзется вам» (Лк. 11: 9, ц.-сл.; ср. Мф. 7: 7).
CP.P6.II.62	1.00	P6	II	353		Не беспокойтесь, голубчик; ваша воля да будет.	MAT.26.42;MAT.6.10;LUK.11.2	—  Ироническая перелицовка евангельских слов Христа, обращенных к Отцу, в эпизоде моления о чаше в Гефсиманском саду:  «...да будет воля Твоя» (Мф. 26: 42; ср.: Мф. 6: 10; Лк. 11: 2).   ЧАСТЬ ШЕСТАЯ  443 III
CP.P6.IV.25	1.00	P6	IV	370	2	Да что вы в добродетель-то так всем дышлом  въехали? Пощадите, батюшка, я человек грешный. Хе-хе-хе!	LUK.5.8	—  Дышло — одиночная оглобля в нерусской парной упряжи; ворочает передок и везет за собой всю повозку (Даль. Словарь. Т. 1. С. 508).  «…Я человек грешный» — Свидригайлов травестирует слова  апостола Петра в Евангелии от Луки, когда в удивлении и сильном душевном волнении от сотворенного Христом чуд
CP.P6.VI.26	0.98	P6	VI	389	1	...всё это видит один только перст Всевышнего.	EXO.8.19;LUK.11.20	—  Алогичное выражение («видит... перст»), представляющее собой  контаминацию двух устойчивых определений Промысла Господня:  «перст Всевышнего», «перст Божий» (Исх. 8: 19; Лк. 11: 20) и «всевидящее Око» (изображалось оком в лучах посреди треугольни-  ГЛАВА VI  472  ка). Могло возникнуть также в ре
CP.P6.VIII.24	0.99	P6	VIII	405		Он вдруг вспомнил слова Сони: «Поди на перекресток, поклонись народу, поцелуй землю, потому что ты и перед  ней согрешил…	GEN.4.10-11	— В соответствующем месте диалога героев в сцене  признания читаем: «Поцелуй сначала землю, которую ты осквернил…». «Раскольников вспоминает слова Сони с известным  добавлением и развитием ее мысли», «это довольно существенное различие», — замечает Р. В. Плетнев (Плетнев. 1929. С. 152).  В отличие
CP.P6.VIII.34	0.99	P6	VIII	406	1	Если уж надо выпить эту чашу, то не всё ли уж  равно? … Пить, так пить всё разом…	MAT.26.42;MAR.14.36;LUK.22.42;MAT.20.22;JOH.18.11	— Новозаветная реминисценция, отсылающая к эпизоду «моления о чаше» в Гефсиманском саду (см.: Мф. 26: 42; Мк. 14: 36; Лк. 22: 42), когда Спаситель «смирил Себя, быв послушным даже до смерти, и смерти  крестной» (Фил. 2: 8); см. также слова Христа, обращенные к апостолам: «…можете ли пить чашу, кото
CP.EP.II.19	1.00	EP	II	419	5	...весь мир осужден в жертву какой-то страшной, неслыханной и невиданной моровой язве, идущей из глубины  Азии на Европу.	JER.29.17-19;EZE.6.11-12	— Моровая язва — устаревшее название чумы  (Даль. Словарь. Т. 4. С. 674) или «болезнь, похожая на тиф», распространенная преимущественно «в сев.-вост. частях Африки и   в зап. Азии» (Толль. Т. 2. С. 924). Образ «моровой язвы» как гнева  и наказания Божия широко используется в Библии, преимущественн
CP.EP.II.19	1.00	EP	II	419	6	Все должны были погибнуть, кроме некоторых,  весьма немногих, избранных.	EZE.14.21-22;MAT.24.21-22;MAR.13.19-20	— Также см. стр. 420. Спастись   во всем мире могли только несколько человек, это были чистые   и избранные… — Этот мотив также находим в пророческих книгах Священного Писания, в частности в Книге Пророка Иезекииля,  который страшные картины гибели грешного народа от гнева  Божия (см. предшеств. пр
CP.EP.II.19	0.99	EP	II	419	8	Но никогда, никогда люди не считали себя так  умными и непоколебимыми в истине, как считали зараженные.  Также см. стр. 420. …всякий думал, что в нем в одном и заключается истина, и мучился, глядя на других, бил себя в грудь, плакал  и ломал себе руки.	JOH.14.6	— Т. А. Касаткина (см.: Касаткина. 2003. С. 611)  поставила эти строки в связь со словами Христа, которые приводит евангелист Иоанн: «Я есмь путь и истина и жизнь» (Ин. 14: 6).  В этом ключ к пониманию глубинного смысла раскольниковского видения. В каторжных снах героя его сознанию явлена картина
CP.EP.II.19	1.00	EP	II	419–420		Целые селения, целые города и народы заражались и сумасшествовали. ~ Все и всё погибало. Язва росла   и подвигалась дальше и дальше.	MAT.24.6-12	— Картина бредовых сновидений  Раскольникова ориентирована Достоевским на новозаветные апокалиптические пророчества. В так называемом «Малом Апокалипсисе» евангелиста Матфея на вопрос учеников о признаках «кончины мира» Христос отвечает: «...услышите о войнах и военных  слухах. <...> Ибо восстанет
CP.EP.II.12	1.00	EP	II	420	4	…остановилось земледелие.	GEN.4.10-12	— Мотив иссякновения плодородия земли как одного из признаков близкой кончины мира неоднократно варьируется в народных духовных стихах.  Например, в стихе «Перед вторым пришествием Христа», являющемся фольклорным парафразом «Малого Апокалипсиса» из  Евангелия от Матфея, Христос так рисует ученикам
CP.EP.II.22	1.00	EP	II	421	3	Там была свобода и жили другие люди, совсем   не похожие на здешних, там как бы само время остановилось,  точно не прошли еще века Авраама и стад его.	GEN.17.7;GEN.26.24	— Авраам —  первый из библейских патриархов, с которым Господь заключает  союз («завет вечный» — Быт. 17: 7), положивший начало подлинной  истории Откровения (см. слова Бога: «Я Бог Авраама…» — Быт.  26: 24). Почитается в христианстве как отец всех верующих (Галат.  3: 7; ср.: Аверинцев. С. 18). Жи
CP.EP.II.26	0.69	EP	II	421	4	…но в этих больных и бледных лицах уже сияла  заря обновленного будущего, полного воскресения в новую жизнь. ~  он воскрес, и он знал это, чувствовал вполне всем обновившимся  существом своим…	EPH.6.14;ROM.6.4-5;JOH.11.25	— Описывая метафорически «воскресение»  своих героев, Достоевский ориентируется на новозаветную топику.  В посланиях апостола Павла читаем: «Встань, спящий и воскресни  из мертвых, и осветит тебя Христос» (Еф. 6: 14). Комментатор,  современник Достоевского, объясняет слова о «воскресении» как  инос
CP.EP.II.31	0.93	EP	II	422	3	В начале каторги он думал, что она замучит его  религией, будет заговаривать о Евангелии и навязывать ему книги. Но, к величайшему его удивлению, она ни разу не заговаривала  об этом, ни разу даже не предложила ему Евангелия. Он сам попросил его у ней незадолго до своей болезни, и она молча принесла  ему книгу. До сих пор он ее и не раскрывал. Он не раскрыл ее и  теперь...	MAR.1.15	— Мотив, контрастно заостренный по отношению к первоначальному замыслу образа Сони, как он присутствует в черновых набросках (ср. заготовку реплики героини: «— Ну, поцелуйте  Евангелие, ну, поцелуйте, ну, прочтите!» — Д. 7; 192). В раздраженном воображении Раскольникова Достоевский как бы воскрешае
CP.EP.II.33	1.00	EP	II	422	4	Семь лет, только семь лет! В начале своего счастия, в иные мгновения, они оба готовы были смотреть на эти  семь лет, как на семь дней.	GEN.29.20	— По замечанию С. В. Белова (Белов.  Комментарий. С. 230), здесь содержится аллюзия на библейский  текст: «И служил Иаков за Рахиль семь лет; и они показались ему  за несколько дней, потому что он любил ее» (Быт. 29: 20). Показательно, что рассказ книги «Бытия» об Иакове и Лаване (отце   ЭПИЛОГ  52
