target_id	source_id	decoy_type
CP.EP.II.19	b.GEN.4.10	G
CP.EP.II.19	b.GEN.4.11	G
CP.EP.II.19	b.GEN.4.12	G
CP.EP.II.19	b.JER.29.17	G
CP.EP.II.19	b.REV.6.4	A
CP.EP.II.19	b.ACT.24.13	A
CP.EP.II.19	b.TIT.3.3	A
CP.EP.II.19	b.JOH.14.14	B
CP.EP.II.19	b.MAT.24.18	B
CP.EP.II.19	b.JOH.14.17	C
CP.EP.II.19	b.LUK.8.52	C
CP.EP.II.19	b.PSA.91.5	R
CP.EP.II.22	b.GEN.17.7	G
CP.EP.II.22	b.GEN.26.24	G
CP.EP.II.22	b.LUK.8.27	A
CP.EP.II.22	b.REV.9.7	A
CP.EP.II.22	b.REV.10.8	A
CP.EP.II.22	b.GEN.17.1	B
CP.EP.II.22	b.GEN.26.28	B
CP.EP.II.22	b.JOH.8.9	C
CP.EP.II.22	b.2SA.2.24	R
CP.EP.II.26	b.JOH.11.25	G
CP.EP.II.26	b.ROM.6.4	G
CP.EP.II.26	b.ROM.6.5	G
CP.EP.II.26	b.EPH.6.14	G
CP.EP.II.26	b.REV.11.11	A
CP.EP.II.26	b.REV.6.8	A
CP.EP.II.26	b.REV.20.6	A
CP.EP.II.26	b.JOH.11.33	B
CP.EP.II.26	b.EPH.6.21	B
CP.EP.II.26	b.JOH.14.17	C
CP.EP.II.26	b.LUK.16.26	C
CP.EP.II.26	b.2CO.11.6	R
CP.EP.II.31	b.MAR.1.15	G
CP.EP.II.31	b.REV.22.19	A
CP.EP.II.31	b.REV.5.4	A
CP.EP.II.31	b.REV.22.7	A
CP.EP.II.31	b.MAR.1.20	B
CP.EP.II.31	b.MAR.1.9	B
CP.EP.II.31	b.JOH.11.25	C
CP.EP.II.31	b.MAT.26.15	C
CP.EP.II.31	b.JDG.17.7	R
CP.EP.II.33	b.GEN.29.20	G
CP.EP.II.33	b.REV.11.11	A
CP.EP.II.33	b.REV.17.9	A
CP.EP.II.33	b.REV.5.6	A
CP.EP.II.33	b.GEN.29.27	B
CP.EP.II.33	b.GEN.29.12	B
CP.EP.II.33	b.JOH.14.17	C
CP.EP.II.33	b.JOH.6.19	C
CP.EP.II.33	b.EXO.31.14	R
CP.P1.II.17	b.PSA.22.6	G
CP.P1.II.17	b.PSA.22.7	G
CP.P1.II.17	b.PSA.22.8	G
CP.P1.II.17	b.PSA.22.22	G
CP.P1.II.17	b.1TI.5.25	A
CP.P1.II.17	b.GAL.5.3	A
CP.P1.II.17	b.1PE.3.14	A
CP.P1.II.17	b.MAT.27.34	B
CP.P1.II.17	b.MAT.10.11	B
CP.P1.II.17	b.MAT.20.22	C
CP.P1.II.17	b.LUK.16.26	C
CP.P1.II.17	b.ECC.5.2	R
CP.P1.II.23	b.GEN.19.12	G
CP.P1.II.23	b.GEN.19.13	G
CP.P1.II.23	b.GEN.19.14	G
CP.P1.II.23	b.GEN.19.15	G
CP.P1.II.23	b.ACT.10.30	A
CP.P1.II.23	b.1CO.11.29	A
CP.P1.II.23	b.JOH.8.11	A
CP.P1.II.23	b.MAR.15.40	B
CP.P1.II.23	b.MAT.26.19	B
CP.P1.II.23	b.LUK.8.52	C
CP.P1.II.23	b.MAT.26.42	C
CP.P1.II.23	b.EZE.21.8	R
CP.P1.II.25	b.PSA.68.1	G
CP.P1.II.25	b.PSA.68.2	G
CP.P1.II.25	b.PSA.97.5	G
CP.P1.II.25	b.ISA.49.23	G
CP.P1.II.25	b.1CO.2.11	A
CP.P1.II.25	b.REV.16.18	A
CP.P1.II.25	b.2PE.3.4	A
CP.P1.II.25	b.LUK.4.43	B
CP.P1.II.25	b.MAT.9.8	B
CP.P1.II.25	b.JOH.14.17	C
CP.P1.II.25	b.MAR.10.15	C
CP.P1.II.25	b.ISA.51.23	R
CP.P1.II.37	b.MAT.5.45	G
CP.P1.II.37	b.MAT.6.10	G
CP.P1.II.37	b.MAT.7.1	G
CP.P1.II.37	b.MAT.7.2	G
CP.P1.II.37	b.REV.22.17	A
CP.P1.II.37	b.1PE.4.16	A
CP.P1.II.37	b.2CO.2.10	A
CP.P1.II.37	b.JAM.3.11	B
CP.P1.II.37	b.MAT.25.35	B
CP.P1.II.37	b.MAR.1.15	C
CP.P1.II.37	b.MAR.10.14	C
CP.P1.II.37	b.ROM.15.3	R
CP.P1.III.39	b.PSA.71.5	G
CP.P1.III.39	b.3JO.1.13	A
CP.P1.III.39	b.2CO.3.2	A
CP.P1.III.39	b.1TH.3.4	A
CP.P1.III.39	b.PSA.71.12	B
CP.P1.III.39	b.PSA.71.9	B
CP.P1.III.39	b.JOH.4.10	C
CP.P1.III.39	b.JOH.14.17	C
CP.P1.III.39	b.ACT.27.39	R
CP.P1.V.62	b.PSA.143.8	G
CP.P1.V.62	b.REV.4.1	A
CP.P1.V.62	b.MAR.10.50	A
CP.P1.V.62	b.LUK.24.12	A
CP.P1.V.62	b.PSA.143.3	B
CP.P1.V.62	b.PSA.143.2	B
CP.P1.V.62	b.LUK.16.23	C
CP.P1.V.62	b.MAR.1.42	C
CP.P1.V.62	b.1TH.2.8	R
CP.P1.VI.15	b.JOH.11.47	G
CP.P1.VI.15	b.1CO.16.15	A
CP.P1.VI.15	b.1TI.5.10	A
CP.P1.VI.15	b.2TI.3.17	A
CP.P1.VI.15	b.JOH.11.55	B
CP.P1.VI.15	b.JOH.11.39	B
CP.P1.VI.15	b.MAT.22.10	C
CP.P1.VI.15	b.MAT.9.13	C
CP.P1.VI.15	b.NUM.21.3	R
CP.P1.VI.41	b.PSA.42.1	G
CP.P1.VI.41	b.ISA.29.8	G
CP.P1.VI.41	b.JOH.4.10	G
CP.P1.VI.41	b.JOH.4.11	G
CP.P1.VI.41	b.JOH.13.4	A
CP.P1.VI.41	b.REV.13.1	A
CP.P1.VI.41	b.ACT.9.18	A
CP.P1.VI.41	b.JOH.4.17	B
CP.P1.VI.41	b.JOH.4.22	B
CP.P1.VI.41	b.LUK.8.52	C
CP.P1.VI.41	b.MAR.4.22	C
CP.P1.VI.41	b.LUK.1.76	R
CP.P2.II.48	b.MAR.9.25	G
CP.P2.II.48	b.MAR.9.28	G
CP.P2.II.48	b.MAR.9.29	G
CP.P2.II.48	b.REV.21.1	A
CP.P2.II.48	b.ACT.3.5	A
CP.P2.II.48	b.ACT.6.15	A
CP.P2.II.48	b.MAR.9.17	B
CP.P2.II.48	b.MAR.9.36	B
CP.P2.II.48	b.LUK.18.13	C
CP.P2.II.48	b.MAR.13.19	C
CP.P2.II.48	b.EXO.35.11	R
CP.P2.II.63	b.GEN.4.10	G
CP.P2.II.63	b.REV.12.2	A
CP.P2.II.63	b.HEB.9.20	A
CP.P2.II.63	b.REV.18.24	A
CP.P2.II.63	b.GEN.4.3	B
CP.P2.II.63	b.GEN.4.14	B
CP.P2.II.63	b.JOH.14.6	C
CP.P2.II.63	b.JOH.4.15	C
CP.P2.II.63	b.JER.30.24	R
CP.P2.III.116	b.ZEC.3.3	G
CP.P2.III.116	b.ZEC.3.4	G
CP.P2.III.116	b.1PE.4.16	A
CP.P2.III.116	b.2TI.1.16	A
CP.P2.III.116	b.2TI.1.12	A
CP.P2.III.116	b.ZEC.3.8	B
CP.P2.III.116	b.ZEC.3.10	B
CP.P2.III.116	b.JOH.6.6	C
CP.P2.III.116	b.MAR.5.39	C
CP.P2.III.116	b.ACT.20.38	R
CP.P2.III.25	b.PSA.19.10	G
CP.P2.III.25	b.REV.3.3	A
CP.P2.III.25	b.EPH.4.27	A
CP.P2.III.25	b.PHM.1.11	A
CP.P2.III.25	b.PSA.19.14	B
CP.P2.III.25	b.PSA.19.5	B
CP.P2.III.25	b.JOH.4.15	C
CP.P2.III.25	b.LUK.6.35	C
CP.P2.III.25	b.MAR.1.11	R
CP.P2.V.55	b.MAT.22.39	G
CP.P2.V.55	b.HEB.10.25	A
CP.P2.V.55	b.ROM.5.15	A
CP.P2.V.55	b.2PE.1.10	A
CP.P2.V.55	b.MAT.22.31	B
CP.P2.V.55	b.MAT.22.46	B
CP.P2.V.55	b.JOH.8.9	C
CP.P2.V.55	b.JOH.14.6	C
CP.P2.V.55	b.1CH.8.31	R
CP.P3.I.43	b.JOB.1.6	G
CP.P3.I.43	b.JOB.1.7	G
CP.P3.I.43	b.JOB.1.8	G
CP.P3.I.43	b.JOB.1.9	G
CP.P3.I.43	b.JAM.4.5	A
CP.P3.I.43	b.REV.3.19	A
CP.P3.I.43	b.3JO.1.1	A
CP.P3.I.43	b.JOB.1.20	B
CP.P3.I.43	b.JOB.1.17	B
CP.P3.I.43	b.LUK.18.14	C
CP.P3.I.43	b.LUK.7.47	C
CP.P3.I.43	b.JOH.14.26	R
CP.P3.III.98	b.MAR.5.3	G
CP.P3.III.98	b.LUK.8.27	G
CP.P3.III.98	b.REV.17.7	A
CP.P3.III.98	b.REV.18.14	A
CP.P3.III.98	b.REV.7.14	A
CP.P3.III.98	b.LUK.8.23	B
CP.P3.III.98	b.LUK.8.33	B
CP.P3.III.98	b.JOH.11.38	C
CP.P3.III.98	b.LUK.16.25	C
CP.P3.III.98	b.PSA.89.36	R
CP.P3.IV.115	b.LUK.16.19	G
CP.P3.IV.115	b.LUK.16.20	G
CP.P3.IV.115	b.LUK.16.21	G
CP.P3.IV.115	b.LUK.16.22	G
CP.P3.IV.115	b.1CO.14.15	A
CP.P3.IV.115	b.REV.14.3	A
CP.P3.IV.115	b.REV.5.9	A
CP.P3.IV.115	b.LUK.16.16	B
CP.P3.IV.115	b.LUK.16.18	B
CP.P3.IV.115	b.JOH.4.10	C
CP.P3.IV.115	b.MAR.4.22	C
CP.P3.IV.115	b.REV.16.1	R
CP.P3.V.102	b.MAT.28.20	G
CP.P3.V.102	b.LUK.22.24	G
CP.P3.V.102	b.LUK.22.25	G
CP.P3.V.102	b.LUK.22.26	G
CP.P3.V.102	b.REV.22.14	A
CP.P3.V.102	b.1CO.9.8	A
CP.P3.V.102	b.REV.3.12	A
CP.P3.V.102	b.JOH.14.12	B
CP.P3.V.102	b.JOH.14.10	B
CP.P3.V.102	b.LUK.8.17	C
CP.P3.V.102	b.JOH.7.24	C
CP.P3.V.102	b.2SA.8.12	R
CP.P3.VI.62	b.GEN.11.3	G
CP.P3.VI.62	b.MAR.16.15	G
CP.P3.VI.62	b.1JO.3.12	A
CP.P3.VI.62	b.ROM.7.20	A
CP.P3.VI.62	b.ROM.7.19	A
CP.P3.VI.62	b.GEN.11.8	B
CP.P3.VI.62	b.MAR.16.8	B
CP.P3.VI.62	b.MAT.24.21	C
CP.P3.VI.62	b.JOH.6.6	C
CP.P3.VI.62	b.ISA.18.6	R
CP.P4.II.82	b.JOH.8.3	G
CP.P4.II.82	b.JOH.8.4	G
CP.P4.II.82	b.JOH.8.5	G
CP.P4.II.82	b.JOH.8.6	G
CP.P4.II.82	b.REV.3.17	A
CP.P4.II.82	b.1PE.2.7	A
CP.P4.II.82	b.1PE.2.6	A
CP.P4.II.82	b.JOH.8.12	B
CP.P4.II.82	b.JOH.8.16	B
CP.P4.II.82	b.JAM.3.14	C
CP.P4.II.82	b.JOH.18.11	C
CP.P4.II.82	b.PSA.13.2	R
CP.P4.IV.114	b.JOH.11.25	G
CP.P4.IV.114	b.REV.20.12	A
CP.P4.IV.114	b.HEB.12.24	A
CP.P4.IV.114	b.HEB.9.15	A
CP.P4.IV.114	b.JOH.11.29	B
CP.P4.IV.114	b.JOH.11.21	B
CP.P4.IV.114	b.JAM.3.15	C
CP.P4.IV.114	b.JOH.11.38	C
CP.P4.IV.114	b.PSA.115.4	R
CP.P4.IV.124	b.JOH.6.5	G
CP.P4.IV.124	b.JOH.6.6	G
CP.P4.IV.124	b.JOH.6.7	G
CP.P4.IV.124	b.JOH.6.8	G
CP.P4.IV.124	b.REV.6.7	A
CP.P4.IV.124	b.JAM.2.3	A
CP.P4.IV.124	b.HEB.12.25	A
CP.P4.IV.124	b.JOH.6.16	B
CP.P4.IV.124	b.JOH.6.4	B
CP.P4.IV.124	b.JOH.8.3	C
CP.P4.IV.124	b.MAT.24.6	C
CP.P4.IV.124	b.EXO.8.19	R
CP.P4.IV.140	b.EXO.33.20	G
CP.P4.IV.140	b.MAT.5.8	G
CP.P4.IV.140	b.REV.21.3	A
CP.P4.IV.140	b.REV.1.3	A
CP.P4.IV.140	b.REV.1.7	A
CP.P4.IV.140	b.EXO.33.14	B
CP.P4.IV.140	b.MAT.5.4	B
CP.P4.IV.140	b.JOH.11.47	C
CP.P4.IV.140	b.JOH.4.15	C
CP.P4.IV.140	b.GEN.49.15	R
CP.P4.IV.157	b.MAT.9.24	G
CP.P4.IV.157	b.MAR.5.39	G
CP.P4.IV.157	b.LUK.8.52	G
CP.P4.IV.157	b.JOH.11.38	G
CP.P4.IV.157	b.JOH.11.39	A
CP.P4.IV.157	b.1PE.2.7	A
CP.P4.IV.157	b.REV.11.9	A
CP.P4.IV.157	b.MAR.5.43	B
CP.P4.IV.157	b.MAT.9.28	B
CP.P4.IV.157	b.MAT.9.22	C
CP.P4.IV.157	b.JOH.8.7	C
CP.P4.IV.157	b.1KI.22.26	R
CP.P4.IV.177	b.MAR.9.36	G
CP.P4.IV.177	b.MAR.9.37	G
CP.P4.IV.177	b.MAR.10.13	G
CP.P4.IV.177	b.MAR.10.14	G
CP.P4.IV.177	b.1JO.3.10	A
CP.P4.IV.177	b.ROM.14.17	A
CP.P4.IV.177	b.LUK.18.16	A
CP.P4.IV.177	b.MAR.10.11	B
CP.P4.IV.177	b.MAR.9.42	B
CP.P4.IV.177	b.ACT.14.22	C
CP.P4.IV.177	b.LUK.11.20	C
CP.P4.IV.177	b.JOB.42.10	R
CP.P5.I.31	b.LUK.16.31	G
CP.P5.I.31	b.1TI.1.13	A
CP.P5.I.31	b.JOH.8.43	A
CP.P5.I.31	b.1CO.14.16	A
CP.P5.I.31	b.LUK.16.26	B
CP.P5.I.31	b.LUK.16.25	B
CP.P5.I.31	b.MAR.13.19	C
CP.P5.I.31	b.MAR.4.22	C
CP.P5.I.31	b.ISA.5.9	R
CP.P5.I.6	b.MAR.5.8	G
CP.P5.I.6	b.MAR.5.9	G
CP.P5.I.6	b.LUK.8.30	G
CP.P5.I.6	b.2CO.12.15	A
CP.P5.I.6	b.REV.3.4	A
CP.P5.I.6	b.HEB.10.1	A
CP.P5.I.6	b.MAR.5.13	B
CP.P5.I.6	b.MAR.5.16	B
CP.P5.I.6	b.JOH.6.8	C
CP.P5.I.6	b.JOH.8.9	C
CP.P5.I.6	b.PSA.42.5	R
CP.P5.I.79	b.PRO.30.8	G
CP.P5.I.79	b.MAT.6.11	G
CP.P5.I.79	b.LUK.11.3	G
CP.P5.I.79	b.REV.3.17	A
CP.P5.I.79	b.REV.21.9	A
CP.P5.I.79	b.REV.8.2	A
CP.P5.I.79	b.LUK.11.10	B
CP.P5.I.79	b.LUK.11.7	B
CP.P5.I.79	b.JOH.14.17	C
CP.P5.I.79	b.JOH.4.10	C
CP.P5.I.79	b.2KI.9.37	R
CP.P5.III.55	b.MAT.6.3	G
CP.P5.III.55	b.MAT.6.4	G
CP.P5.III.55	b.TIT.3.8	A
CP.P5.III.55	b.1CO.14.16	A
CP.P5.III.55	b.1CO.10.30	A
CP.P5.III.55	b.MAT.6.8	B
CP.P5.III.55	b.MAT.6.10	B
CP.P5.III.55	b.JOH.6.6	C
CP.P5.III.55	b.MAT.20.15	C
CP.P5.III.55	b.HAB.3.9	R
CP.P5.IV.140	b.ISA.24.5	G
CP.P5.IV.140	b.ISA.24.6	G
CP.P5.IV.140	b.REV.10.8	A
CP.P5.IV.140	b.PRO.7.13	A
CP.P5.IV.140	b.COL.3.23	A
CP.P5.IV.140	b.ISA.24.10	B
CP.P5.IV.140	b.ISA.24.14	B
CP.P5.IV.140	b.JOH.8.7	C
CP.P5.IV.140	b.JOH.11.47	C
CP.P5.IV.140	b.2CH.25.20	R
CP.P5.IV.22	b.LUK.12.14	G
CP.P5.IV.22	b.ROM.14.8	A
CP.P5.IV.22	b.1CO.5.3	A
CP.P5.IV.22	b.JOH.18.40	A
CP.P5.IV.22	b.LUK.12.18	B
CP.P5.IV.22	b.LUK.12.22	B
CP.P5.IV.22	b.JOH.4.10	C
CP.P5.IV.22	b.JOH.8.7	C
CP.P5.IV.22	b.PSA.72.16	R
CP.P6.II.46	b.MAT.7.7	G
CP.P6.II.46	b.LUK.11.9	G
CP.P6.II.46	b.1JO.2.29	A
CP.P6.II.46	b.1JO.5.13	A
CP.P6.II.46	b.1TH.4.2	A
CP.P6.II.46	b.MAT.7.2	B
CP.P6.II.46	b.LUK.11.1	B
CP.P6.II.46	b.JAM.3.13	C
CP.P6.II.46	b.JOH.14.17	C
CP.P6.II.46	b.JOH.2.23	R
CP.P6.II.62	b.MAT.6.10	G
CP.P6.II.62	b.MAT.26.42	G
CP.P6.II.62	b.LUK.11.2	G
CP.P6.II.62	b.1TI.5.25	A
CP.P6.II.62	b.ROM.1.10	A
CP.P6.II.62	b.LUK.12.29	A
CP.P6.II.62	b.MAT.6.4	B
CP.P6.II.62	b.MAT.6.15	B
CP.P6.II.62	b.LUK.22.42	C
CP.P6.II.62	b.JOH.14.18	C
CP.P6.II.62	b.LUK.20.44	R
CP.P6.IV.25	b.LUK.5.8	G
CP.P6.IV.25	b.2PE.1.5	A
CP.P6.IV.25	b.1PE.4.18	A
CP.P6.IV.25	b.1JO.2.14	A
CP.P6.IV.25	b.LUK.5.16	B
CP.P6.IV.25	b.LUK.5.15	B
CP.P6.IV.25	b.LUK.18.14	C
CP.P6.IV.25	b.JAM.3.13	C
CP.P6.IV.25	b.GEN.30.20	R
CP.P6.VI.26	b.EXO.8.19	G
CP.P6.VI.26	b.LUK.11.20	G
CP.P6.VI.26	b.LUK.18.13	A
CP.P6.VI.26	b.JAM.1.24	A
CP.P6.VI.26	b.LUK.8.16	A
CP.P6.VI.26	b.LUK.11.24	B
CP.P6.VI.26	b.EXO.8.23	B
CP.P6.VI.26	b.MAT.3.12	R
CP.P6.VIII.24	b.GEN.4.10	G
CP.P6.VIII.24	b.GEN.4.11	G
CP.P6.VIII.24	b.ROM.5.12	A
CP.P6.VIII.24	b.ACT.22.7	A
CP.P6.VIII.24	b.ACT.9.4	A
CP.P6.VIII.24	b.GEN.4.15	B
CP.P6.VIII.24	b.GEN.4.18	B
CP.P6.VIII.24	b.MAR.16.15	C
CP.P6.VIII.24	b.LUK.5.8	C
CP.P6.VIII.24	b.PRO.26.24	R
CP.P6.VIII.34	b.MAT.20.22	G
CP.P6.VIII.34	b.MAT.26.42	G
CP.P6.VIII.34	b.MAR.14.36	G
CP.P6.VIII.34	b.LUK.22.42	G
CP.P6.VIII.34	b.2PE.3.4	A
CP.P6.VIII.34	b.1CO.9.22	A
CP.P6.VIII.34	b.1CO.12.8	A
CP.P6.VIII.34	b.MAT.26.48	B
CP.P6.VIII.34	b.MAT.26.47	B
CP.P6.VIII.34	b.JOH.6.9	C
CP.P6.VIII.34	b.JOH.4.13	C
CP.P6.VIII.34	b.JOB.14.7	R
