item_id	novel	paragraph_id	verse_id	type	systems
dd5348a1	BK	BK.35_2-20.33	b.JOB.32.14	find	S3:26
b6609750	BK	BK.35_1-52.105	b.JOS.8.5	find	S3:23
d8cafb71	BK	BK.35_1-50.60	b.LUK.2.20	gold	
e9f20bb5	C&P	CP.P3.IV.72	b.1CH.2.52	find	S2:10
78e18b96	C&P	CP.P1.I.18	b.ACT.6.15	find	S3:21
57211263	C&P	CP.P6.III.69	b.JER.44.17	find	S3:36
bfd2c701	BK	BK.35_1-56.51	b.REV.22.11	find	S1:25
9bd0b11a	C&P	CP.P2.V.55	b.MAT.22.39	gold	
9b5ed4d1	BK	BK.35_1-59.62	b.1CH.2.52	find	S2:32
db3e7e31	C&P	CP.P1.II.37	b.ACT.14.22	gold	
56ab56cf	C&P	CP.P5.IV.58	b.LUK.22.59	find	S3:40
40636967	C&P	CP.P4.VI.16	b.1CH.3.1	find	S1:14
bf2a1dc8	C&P	CP.P5.I.86	b.REV.22.12	find	S2:26
4c67733b	BK	BK.35_1-35.29	b.1KI.22.15	hard	
0886bd0b	BK	BK.35_1-44.87	b.REV.22.11	find	S1:23
71652072	C&P	CP.P6.VI.4	b.1CO.14.29	find	S1:18
97ca4e2d	C&P	CP.P3.V.26	b.ACT.22.29	find	S3:25
c0aa824d	C&P	CP.P2.I.83	b.1CH.2.52	find	S2:20
d8124da5	BK	BK.35_1-29.16	b.1CH.2.52	find	S1:20,S2:18
9b32565e	BK	BK.35_1-41.12	b.MAT.7.5	gold	
93261c60	C&P	CP.P1.II.17	b.JOH.19.4	gold	
719657fb	C&P	CP.P2.VI.112	b.JOH.5.42	find	S3:19
930e9c04	BK	BK.35_1-06.38	b.REV.22.19	find	S2:9
e43c93d4	BK	BK.35_1-43.4	b.PHI.1.1	find	S1:6
2b10e608	C&P	CP.P6.II.61	b.2SA.15.20	hard	
0d84d702	BK	BK.35_2-04.92	b.2TI.3.2	find	S1:31
3d61b9cb	C&P	CP.P2.V.60	b.JOH.16.12	find	S3:30
dd793759	BK	BK.35_2-11.76	b.1CH.2.52	find	S2:3
6259f1e5	C&P	CP.P2.VII.34	b.REV.22.20	find	S2:38
1d2ec50e	C&P	CP.P6.VIII.34	b.MAT.26.42	gold	
f674c446	C&P	CP.P6.II.32	b.ISA.52.5	hard	
acf261cf	BK	BK.35_2-33.49	b.2TH.1.11	find	S3:8
44cd20f6	C&P	CP.P5.II.12	b.1CH.27.15	hard	
c2cabd02	BK	BK.35_1-12.8	b.PRO.23.24	find	S3:35
28d5ae93	C&P	CP.P1.IV.30	b.JOH.13.9	hard	
cb773749	BK	BK.35_1-25.7	b.EST.3.2	find	S3:3
ebe17d5b	BK	BK.35_2-27.1	b.2CH.25.6	hard	
6a753db5	BK	BK.35_1-52.23	b.JOB.32.22	find	S2:37
65441582	C&P	CP.P3.II.36	b.1CH.2.52	find	S1:16,S2:13
d0539438	C&P	CP.P4.IV.151	b.JOH.11.24	find	S3:4
9c6a9b1e	C&P	CP.P3.I.16	b.REV.22.11	find	S1:27
a4d331eb	BK	BK.35_1-19.14	b.2TI.3.2	find	S1:15,S2:10
83f927c9	BK	BK.35_1-09.39	b.2CO.9.3	find	S3:32
a755e942	C&P	CP.P3.V.26	b.ACT.16.39	find	S3:27
e552bcdb	C&P	CP.P2.VII.34	b.REV.22.11	find	S2:17
66c4f205	C&P	CP.P6.II.61	b.MAT.18.27	find	S2:8
9d149328	BK	BK.35_1-50.119	b.REV.22.14	find	S1:8
dafb3fca	C&P	CP.P4.IV.149	b.JOH.11.20	find	S3:6
15f01d4a	C&P	CP.P4.I.69	b.1CH.2.52	find	S1:6,S2:3
350e35b5	C&P	CP.P4.IV.151	b.JOH.11.26	find	S3:8
4f42c78b	C&P	CP.P5.III.63	b.1CH.3.1	find	S1:10
b7a9b89f	C&P	CP.P4.VI.106	b.REV.22.12	find	S1:37
24a3e280	BK	BK.35_1-25.10	b.GEN.24.1	find	S3:37
43fd461b	BK	BK.35_1-25.10	b.1CO.4.10	find	S2:2
5395f3eb	BK	BK.35_1-51.81	b.REV.21.21	find	S1:1,S2:4
a83c7382	BK	BK.35_1-12.8	b.MIC.4.9	find	S3:27
949dc52f	C&P	CP.P5.V.11	b.REV.22.21	find	S1:12
74a6f44a	BK	BK.35_1-48.19	b.1CO.16.6	find	S3:39
8aac622f	C&P	CP.P1.I.18	b.ACT.7.57	find	S3:22
ce14bcfb	C&P	CP.P2.VII.34	b.REV.22.21	find	S2:30
81c876ef	BK	BK.35_1-51.15	b.1CH.2.52	find	S2:20
c060c2f7	BK	BK.35_2-05.33	b.ROM.12.15	find	S1:7,S2:40
cd41db70	C&P	CP.P4.IV.157	b.JOH.11.38	gold	
ee2be875	BK	BK.35_1-26.43	b.2KI.4.21	find	S3:34
998dab33	BK	BK.35_2-11.76	b.2PE.2.16	find	S3:40
4eba0bd4	BK	BK.35_2-11.66	b.1CH.3.1	find	S2:26
d42f0e22	BK	BK.35_2-02.33	b.MAT.27.45	find	S2:29
ce62abe3	C&P	CP.P4.II.34	b.REV.22.21	find	S1:24
10925f7c	BK	BK.35_1-59.32	b.HEB.12.6	find	S1:3
cfc8dcdb	BK	BK.35_1-52.194	b.1CH.2.52	find	S2:7
ab23e606	BK	BK.35_1-25.10	b.DAN.11.38	find	S3:28
4579026d	C&P	CP.P5.V.11	b.REV.22.20	find	S1:23
1ce28597	C&P	CP.P2.VI.60	b.1CH.11.21	find	S3:35
48a8a652	C&P	CP.P5.IV.35	b.REV.22.21	find	S1:33
45909157	C&P	CP.P3.V.104	b.JOH.9.38	find	S3:26
c19ebf7e	BK	BK.35_1-59.35	b.1CH.2.52	find	S2:16
80797f47	C&P	CP.P3.IV.74	b.REV.22.14	find	S1:11
1f1cd162	C&P	CP.P4.IV.149	b.JOH.11.19	find	S3:2
4cb8c74c	BK	BK.35_2-33.49	b.1SA.25.15	find	S3:12
ffd48990	C&P	CP.P1.I.18	b.MAR.14.69	find	S3:17
d0fcc05b	C&P	CP.P5.III.61	b.GAL.4.16	find	S1:1,S2:5
bb807e32	BK	BK.35_1-36.11	b.MAT.4.1	gold	
02b00b0d	C&P	CP.P2.III.90	b.JOH.5.8	find	S1:28
5b7bd834	C&P	CP.P4.II.98	b.MAR.13.29	find	S3:14
db0b3e89	BK	BK.35_1-34.25	b.REV.22.21	find	S1:37
f5b0d6f8	BK	BK.35_1-29.39	b.ACT.15.39	find	S2:23
3672ae41	C&P	CP.P2.VII.94	b.ZEC.12.8	find	S1:5
d4e994f9	C&P	CP.P2.IV.20	b.EZE.48.1	find	S1:26
8fc99c85	BK	BK.35_1-09.47	b.REV.22.14	find	S1:36
982de038	BK	BK.35_1-50.18	b.ACT.5.8	find	S3:11
ca434457	C&P	CP.P3.V.26	b.REV.22.20	find	S2:21
bc37d403	BK	BK.35_2-04.22	b.1CO.16.4	find	S1:10,S2:33
e658dc54	BK	BK.35_2-00.2	b.JOH.11.21	find	S1:2
f64720db	C&P	CP.P4.IV.64	b.REV.22.21	find	S1:7
0c1bf234	C&P	CP.P2.VI.51	b.1TI.3.14	find	S1:22
07202973	BK	BK.35_1-44.120	b.MAR.16.9	gold	
ba5bbde5	C&P	CP.P5.V.11	b.REV.22.17	find	S2:37
da0f753d	C&P	CP.P3.V.102	b.JOH.14.17	gold	
e0ec42e6	C&P	CP.EP.II.19	b.JOH.14.6	gold	
e87392b9	BK	BK.35_2-18.52	b.REV.22.13	find	S1:32
ffec2324	BK	BK.35_1-04.7	b.1CO.3.17	find	S1:16,S2:24
dd13a497	BK	BK.35_1-44.116	b.DEU.22.29	find	S3:1
ead7e15a	C&P	CP.P2.VI.112	b.1SA.21.14	find	S3:23
b1342df4	C&P	CP.P4.II.27	b.REV.22.11	find	S1:21
978b5f9e	BK	BK.35_2-10.37	b.2CH.17.18	find	S3:29
3cec6a43	C&P	CP.P4.II.75	b.1TI.1.2	find	S2:9
31b8ef6a	BK	BK.35_2-20.33	b.JOB.31.37	find	S3:17
5a1907db	C&P	CP.P6.III.69	b.1KI.22.16	find	S3:37
c36ef011	BK	BK.35_1-52.186	b.REV.22.21	find	S1:27
810b33ea	C&P	CP.P4.IV.151	b.JOH.11.25	find	S3:3
c3725572	C&P	CP.P4.IV.161	b.JOH.19.40	find	S3:24
c7abe3c5	BK	BK.35_1-29.39	b.REV.22.19	find	S2:28
04a395a3	BK	BK.35_1-59.32	b.1CO.1.13	find	S1:17
d1017cac	BK	BK.35_1-10.22	b.MAT.18.17	find	S3:19
07e89b4b	C&P	CP.P5.V.28	b.1CH.2.52	find	S1:30
65a281d8	C&P	CP.P3.V.42	b.JOH.7.40	find	S2:35
bb16f647	BK	BK.35_2-11.76	b.1CH.3.1	find	S2:15
928219ab	C&P	CP.P3.IV.13	b.1CO.7.16	find	S1:13
9e81a34b	C&P	CP.P2.VII.34	b.ACT.16.27	find	S3:28
3ad86a74	C&P	CP.P3.V.26	b.LUK.18.23	find	S3:16
bc3b80d1	C&P	CP.P4.IV.177	b.MAR.10.14	gold	
a5a0c235	C&P	CP.P5.I.86	b.REV.22.11	find	S2:23
f35a75af	BK	BK.35_1-36.43	b.MAT.19.21	gold	
b5a617cf	BK	BK.35_2-15.37	b.GEN.1.8	gold	
c4c4ab1d	C&P	CP.P2.VII.34	b.JDG.19.27	find	S3:34
93281c23	BK	BK.35_2-20.29	b.REV.11.18	find	S1:22
c42a2679	C&P	CP.P3.IV.96	b.1CH.2.52	find	S2:36
fc1ff87c	C&P	CP.EP.II.19	b.GEN.4.12	gold	
9829ee0f	C&P	CP.P3.V.104	b.1CH.2.54	find	S2:15
035911e8	C&P	CP.P3.I.16	b.REV.22.10	find	S1:39
df433dfa	C&P	CP.P5.V.41	b.ACT.20.37	hard	
3a8d51e7	C&P	CP.P4.IV.64	b.REV.22.13	find	S1:32,S2:39
ceb78be5	C&P	CP.EP.I.5	b.ISA.44.5	find	S2:32
5bcc120e	C&P	CP.P3.V.104	b.JER.26.15	find	S3:38
9ec13f3b	BK	BK.35_1-53.86	b.1CO.15.47	find	S1:18,S2:34
9a90c513	BK	BK.35_2-12.16	b.REV.22.11	find	S1:19,S2:11
27e44d37	C&P	CP.P4.II.75	b.1CH.2.52	find	S2:1
0a84b926	BK	BK.35_1-08.14	b.JER.31.13	gold	
ef1288d1	C&P	CP.EP.II.6	b.EPH.4.20	hard	
a3642e68	C&P	CP.P6.IV.10	b.1CH.3.1	find	S1:35
d45946e5	C&P	CP.P4.IV.64	b.REV.22.15	find	S2:31
fdcef3ed	BK	BK.35_2-10.7	b.EZE.37.2	find	S3:33
f86777a8	BK	BK.35_1-25.54	b.MAT.16.18	gold	
fbd2ffd5	BK	BK.35_1-56.28	b.JOH.9.24	hard	
a6d52149	C&P	CP.P4.II.75	b.2CO.13.6	find	S3:10
cf1a5049	BK	BK.35_1-25.2	b.ACT.3.6	find	S3:36
6a2d4020	BK	BK.35_2-33.49	b.2CO.13.7	find	S3:31
3bd1b89d	C&P	CP.P4.II.102	b.2TH.2.3	find	S1:38
41395e99	BK	BK.35_1-43.7	b.REV.22.21	find	S1:40
3a599257	BK	BK.35_1-32.30	b.REV.22.21	find	S1:28
df419c6b	BK	BK.35_1-09.32	b.1TI.6.11	find	S3:5
80c73997	BK	BK.35_1-10.22	b.1CO.14.23	find	S3:18
22debec8	C&P	CP.P4.IV.105	b.REV.22.11	find	S1:17
b6ec61ad	BK	BK.35_2-10.51	b.ROM.6.2	find	S2:27
e15bb1bc	BK	BK.35_1-60.20	b.1CH.2.52	find	S2:5
f7a15340	C&P	CP.P6.III.5	b.1JO.5.20	find	S1:15
99990edb	C&P	CP.P2.V.1	b.1KI.10.21	hard	
5c86c226	BK	BK.35_1-06.2	b.LUK.10.34	find	S3:24
1ef06f16	BK	BK.35_1-35.12	b.ACT.13.9	hard	
a79edad4	C&P	CP.P4.IV.149	b.JOH.11.22	find	S3:5
25ed8685	BK	BK.35_1-43.4	b.ROM.5.7	find	S1:29,S2:35
f8034747	C&P	CP.P4.II.75	b.MAR.10.28	find	S3:11
a563de89	C&P	CP.P2.I.63	b.1CH.3.1	find	S1:2,S2:11
b27065c4	C&P	CP.P1.II.5	b.1CH.3.1	find	S2:33
dbaf2cef	C&P	CP.P1.I.14	b.JUD.1.4	find	S1:29
0984ec91	BK	BK.35_2-12.38	b.1CH.2.52	find	S2:6
42328afe	C&P	CP.P3.V.104	b.HEB.10.7	find	S2:22
e809d2b2	C&P	CP.P6.III.69	b.2CH.18.15	find	S3:32
ead67ce0	BK	BK.35_1-12.19	b.1CH.3.1	find	S1:33,S2:31
bca05ad6	C&P	CP.P6.V.120	b.1CH.17.16	hard	
cf7c4876	BK	BK.35_2-27.1	b.ROM.3.21	find	S1:9
86f587e0	C&P	CP.P4.II.98	b.LUK.10.10	find	S3:15
1775a248	BK	BK.35_2-16.31	b.1CH.2.52	find	S2:21
ee62fb43	C&P	CP.P1.II.23	b.MAR.15.34	gold	
43346f98	C&P	CP.P2.VII.94	b.1CH.3.1	find	S1:8
7c27f37c	C&P	CP.P2.VII.34	b.ACT.12.14	find	S3:31
9f36c994	C&P	CP.P4.IV.166	b.1CH.2.52	find	S2:18
4a0f0960	BK	BK.35_1-40.5	b.REV.9.15	gold	
3d114ce9	BK	BK.35_1-41.4	b.MAT.21.9	gold	
1ff0c492	BK	BK.35_2-22.1	b.JOH.10.25	find	S1:35,S2:8
e7771667	BK	BK.35_1-08.14	b.JER.31.15	gold	
69ec4601	BK	BK.35_1-21.66	b.JON.1.14	hard	
3bad6f0d	BK	BK.35_1-21.66	b.ACT.21.6	find	S2:13
db8854ad	BK	BK.35_1-09.39	b.2CO.7.14	find	S3:6
e5f6ffe8	C&P	CP.P5.I.88	b.1CH.3.1	find	S2:27
7d515f2c	BK	BK.35_1-12.8	b.EZR.10.40	hard	
34f8687c	C&P	CP.P6.II.11	b.ACT.11.4	find	S3:33
c57cf38e	C&P	CP.P3.V.26	b.REV.22.12	find	S2:2
9f2ce668	BK	BK.35_1-57.10	b.HOS.11.5	find	S1:4,S2:19
0b14cbc1	C&P	CP.P2.VI.112	b.MAR.7.18	find	S3:13
357b1c4e	BK	BK.35_1-34.33	b.GEN.4.9	gold	
364f29fa	C&P	CP.EP.II.26	b.ROM.6.4	gold	
56f70387	C&P	CP.P1.VII.1	b.MAT.14.16	find	S1:9
36c7d7d6	C&P	CP.P3.II.35	b.ACT.21.40	find	S1:40
f299ae96	BK	BK.35_1-27.35	b.HEB.12.6	find	S1:5
b106de7a	BK	BK.35_1-34.25	b.REV.22.11	find	S1:21
7347fef2	C&P	CP.P2.VII.94	b.REV.15.3	find	S1:3
2eb1433c	BK	BK.35_1-41.10	b.MAT.18.3	gold	
a0f54c34	C&P	CP.P4.II.98	b.REV.22.15	find	S2:29
d1123998	BK	BK.35_1-36.6	b.JOH.8.33	gold	
5bd27e07	BK	BK.35_1-48.19	b.JOH.7.44	hard	
bb566cab	BK	BK.35_1-26.43	b.LUK.11.7	find	S3:25
817d575c	C&P	CP.P1.VI.41	b.JOH.4.14	gold	
6fdb1811	BK	BK.35_1-32.33	b.1CH.3.1	find	S1:11
9da6e3b8	C&P	CP.P4.II.87	b.1CH.2.52	find	S2:14
8563de11	BK	BK.35_1-25.2	b.GEN.20.11	find	S3:30
0c191ccf	C&P	CP.P4.IV.154	b.ACT.9.18	hard	
748d1623	BK	BK.35_2-14.94	b.JOB.16.4	find	S3:16
270a494a	C&P	CP.P1.II.17	b.PSA.22.6	gold	
883b36f4	BK	BK.35_1-25.2	b.2CO.8.21	find	S3:22
0e172118	BK	BK.35_2-11.66	b.1CH.2.52	find	S2:14
7ba1e7b3	C&P	CP.P6.V.10	b.JDG.2.19	hard	
eb8cae98	BK	BK.35_1-56.8	b.2KI.1.15	find	S3:14
9c3dc71a	BK	BK.35_1-56.51	b.REV.22.21	find	S1:24
0afd407c	C&P	CP.P1.II.23	b.MAT.26.15	gold	
b547d08d	BK	BK.35_1-06.2	b.JOS.2.7	find	S3:10
6a99569b	BK	BK.35_1-40.65	b.EPH.1.16	find	S3:38
bd6cdaf0	C&P	CP.P2.I.63	b.1CH.2.52	find	S1:4,S2:12
27543590	C&P	CP.P1.II.17	b.MAR.4.22	gold	
f7d08be7	C&P	CP.P4.IV.64	b.REV.22.11	find	S1:36,S2:28
14275847	BK	BK.35_1-13.35	b.PHI.4.2	find	S1:14
76692734	BK	BK.35_1-12.65	b.REV.2.4	hard	
78ede927	BK	BK.35_1-12.36	b.1TI.2.8	find	S1:34
fbd0d1ff	BK	BK.35_1-57.1	b.EZE.13.22	hard	
2fbf0688	BK	BK.35_1-44.56	b.1CH.3.1	find	S1:39
6a9f288b	C&P	CP.P4.I.89	b.1CH.2.52	find	S2:7
61ac4233	BK	BK.35_1-51.80	b.PRO.6.35	find	S3:21
c1730b88	C&P	CP.P1.II.37	b.LUK.7.47	gold	
69c7db49	C&P	CP.P3.V.104	b.1CH.2.52	find	S2:6
bf05dab4	BK	BK.35_1-06.2	b.2KI.9.6	hard	
9fa8fb1c	BK	BK.35_1-42.6	b.ACT.12.7	find	S3:7
aa49f8f1	BK	BK.35_2-10.51	b.PSA.135.16	hard	
1f00ee38	C&P	CP.P5.I.88	b.1CH.2.52	find	S2:4
4f95901e	BK	BK.35_1-25.7	b.EST.3.5	find	S3:20
9bd659bd	BK	BK.35_1-08.37	b.LUK.15.7	gold	
08d5eb4b	BK	BK.35_1-19.25	b.JOH.10.16	gold	
3d3c68f5	C&P	CP.P1.I.9	b.NEH.7.12	find	S2:40
a324d5a5	C&P	CP.P2.I.7	b.ISA.21.8	find	S3:18
4592d258	C&P	CP.P1.II.25	b.ISA.49.23	gold	
7ef5b4ab	C&P	CP.P4.II.75	b.1CH.2.54	find	S2:24
b50a56eb	BK	BK.35_1-58.54	b.1CH.2.52	find	S2:25
2ba5ef84	BK	BK.35_1-33.14	b.EXO.13.2	gold	
dcdd0492	BK	BK.35_1-35.26	b.REV.19.2	gold	
f578dcb1	C&P	CP.P6.II.61	b.1CH.2.51	find	S2:34
37200c1c	C&P	CP.P4.II.98	b.MAT.24.33	find	S3:12
d769b4d6	BK	BK.35_1-45.2	b.JOH.2.1	gold	
83122ac2	C&P	CP.P1.II.23	b.GEN.19.14	gold	
d363534f	C&P	CP.P3.V.26	b.HOS.3.5	find	S1:34,S2:19
5fad1d2f	C&P	CP.P4.VI.75	b.REV.22.14	find	S1:20
13be019f	C&P	CP.P4.II.75	b.ACT.12.14	find	S3:9
43d963be	BK	BK.35_1-43.4	b.1CH.2.52	find	S2:36
bd017f57	BK	BK.35_1-00.2	b.LUK.11.16	hard	
946d27fd	BK	BK.35_1-35.29	b.1CH.2.52	find	S2:17
bff0fea2	C&P	CP.P5.I.88	b.1CH.2.53	find	S2:25
9be36784	BK	BK.35_2-02.33	b.LUK.23.44	find	S2:22
a2338bc0	C&P	CP.P3.V.104	b.MAR.1.44	find	S3:39
bc862d27	BK	BK.35_1-36.6	b.MAT.24.30	gold	
3bece91d	C&P	CP.P3.V.102	b.LUK.22.25	gold	
46622536	C&P	CP.P4.II.102	b.GEN.1.22	hard	
cefba3de	BK	BK.35_1-42.6	b.EZR.3.12	find	S3:4
e06182e1	BK	BK.35_1-56.8	b.MAR.1.24	find	S3:13
58d5e20a	C&P	CP.P5.V.11	b.REV.22.12	find	S1:19,S2:16
3fadc7ee	C&P	CP.P4.IV.147	b.JOH.11.1	find	S3:7
05636902	BK	BK.35_1-56.8	b.LUK.23.32	find	S3:15
1f607e66	BK	BK.35_1-53.22	b.REV.22.11	find	S1:26,S2:12
e25b7e98	C&P	CP.P4.VI.75	b.REV.22.21	find	S1:25
1d324ddd	C&P	CP.P4.IV.161	b.JOH.11.44	find	S3:1
2c766e85	BK	BK.35_1-25.10	b.GEN.18.11	find	S3:9
181df0cd	BK	BK.35_1-06.38	b.REV.22.12	find	S1:38,S2:1
d66a9da6	BK	BK.35_1-34.67	b.1CH.2.52	find	S2:39
dc7cd2cc	BK	BK.35_2-18.52	b.REV.22.11	find	S1:12
e17b9f1f	BK	BK.35_1-42.6	b.REV.11.11	find	S3:2
b28e5a8a	BK	BK.35_1-40.43	b.1CH.2.52	find	S1:30,S2:38
69edc125	C&P	CP.P3.V.26	b.REV.22.21	find	S1:31
0de787cb	BK	BK.35_1-06.38	b.REV.22.21	find	S2:30
2132dac5	C&P	CP.P2.V.60	b.2CO.11.6	find	S3:20
39c78b82	C&P	CP.P1.V.27	b.PSA.89.13	hard	
42860828	BK	BK.35_1-32.30	b.REV.22.11	find	S1:13
76166071	C&P	CP.P2.V.60	b.PHI.1.9	find	S3:29
00889b18	C&P	CP.EP.II.19	b.EZE.14.21	gold	
