item_id	score	reason
8821a7da	0	
00293783	2	Ив. Карамазов о церкви, отлучающей непослушного и преступного: основание -- Мф 18:17 (церковная дисциплина), слов стиха нет, соответствие по ситуации
23ba3df2	0	
cc8c06c9	0	
a619cc85	0	
44b3d359	1	общее слово «вместе»
cc9cbbd6	3	«не произносите имени ее всуе» -- заповедь «не произноси имени Господа... напрасно», формула перенесена на Катерину Ивановну
67069d5f	0	
30fbb036	0	
361cd7c5	0	
34c8be49	0	
2069ff10	2	«деньги нам теперь пуще патоки» -- сравнение по образцу «вожделеннее золота, слаще меда» (Пс 18:11), без общих слов
62b65e39	0	
bdebe24b	3	«Воистину ложь есмь и отец лжи!» -- Ин 8:44 «лжец и отец лжи», с поправкой «не отец лжи, это я всё в текстах сбиваюсь»
d9f8aa95	1	общее слово «доказательство»
4cfe51de	0	
6f5c8227	0	
fcd7da55	3	дословное чтение Ин 11:23-26
15fb31af	0	
78cafb42	0	
c630e498	0	
b8dc6ab1	0	
21dfc15d	1	фраза «после трех», тема смерти, но не отсылка
2aa1cb83	3	«в духе и славе Илии» -- Лк 1:17 «в духе и силе Илии»
ba5c408f	0	
2eced6e3	0	
015f5ed9	0	
8a08fdc9	0	
909ba2ab	0	
21b47b9d	0	
65d83dfb	0	
e902a6cf	0	
623db994	1	формула «Я есмь ... и жизнь» параллельна Ин 14:6, но пассаж цитирует Ин 11:25, не этот стих
bdd39a18	0	
c559aed7	1	общее «мы здесь»
64dcc7c0	2	«кровь в тебе кричит» -- образ «голос крови вопиет» (Быт 4:10), слов стиха нет, Каин не назван
cda7b06c	0	
a7f4ea56	0	
2d619252	0	
4ef27d11	2	«райские двери отверсты» (в кавычках) -- «дверь отверста на небе» (Откр 4:1), общий корень и образ
1f56e237	0	
0c853416	3	«ты ей ложесна разверз» -- Исх 34:19 «разверзающее ложесна»
49df5690	1	общий корень «наполн-», тема вина, не отсылка к стиху
26ad0d67	0	
6f4fef0b	1	упоминание Авраама и стад его, но не завет из стиха
645fd79f	0	
13cf119f	1	общее слово «похвала»
5c878b48	3	дословное чтение Ин 11:25-26
56ee9ca3	2	«преуспевать в любви» -- «преуспевай в ... любви» (1 Тим 6:11), характерное сочетание
33bacf02	1	формула «Глагола им Иисус» / «сказал им Иисус», содержание иное
e337ad10	0	
65d00db9	0	
23431a1a	0	
0529856a	1	«как птички небесные» -- мотив Лк 12:24, а не этого стиха
43aad727	1	чтение Ин 2:1-2, но стих 2:6 в тексте не звучит
d0116dce	0	
5a31a342	0	
76dbd7ba	0	
6652123d	0	
9158ec25	0	
9946206f	2	«Се человек!» (Ин 19:5) в кавычках: тот же эпизод, что Ин 19:4 (Пилат выводит Иисуса), но слова стиха 19:4 не звучат
5cc046fa	2	«Прав ты, господи, ибо открылись пути твои» -- «истинны и праведны суды Его» (Откр 19:2), хвалебный лад Апокалипсиса
399e09b4	0	
6c911ae2	1	общая фраза «всю жизнь свою»
6fb056ea	0	
280344c8	0	
96e8bdf3	0	
2ead3f94	3	дословная цитата «проклят гнев их, ибо жесток» (Быт 49:7)
b0d6e828	1	общее слово «дверь»
d906ceda	3	дословное чтение Ин 11:24
9881ce31	0	
59bc9728	1	однокоренное «не приму/не примет», не отсылка
c0e37fb6	0	
602c5c58	1	совпадает только имя Иисус (в стихе Иисус Навин)
fdd4f710	0	
0c8fa4ce	0	
a5b1be55	0	
87c2b99d	0	
35c69709	1	общее «не приняли»
57d247a3	0	
22cfa87b	3	«перст всевышнего» -- «перст Божий» (Исх 8:19), идиома с заменой слова
9bd6f6d2	3	прямое цитирование и обсуждение слов «не от мира сего» (Ин 18:36)
3cbdd26a	0	
3704020f	0	
a206d1ac	1	общее слово «воды»
f418b36f	1	«связывать и развязывать» -- Мф 16:19, а не Ин 20:21; тема посланничества
133179cc	0	
5f617872	0	
6944a34f	1	общее слово «предложил»
dc0a235b	3	дословное чтение Ин 2:7 (церковнославянский текст)
ab46def6	0	
0d03e4c0	1	вода/питьё во сне, но не отсылка к Ин 4
51c0a398	0	
79b91474	3	«Семь лет, только семь лет!... как на семь дней» -- Быт 29:20, тот же оборот
8ad4eac4	1	общее «им Иисус»
3ae14ab7	3	дословное чтение Ин 11:19
e33da11c	1	упомянут Новый завет перед чтением, стих 11:25 не звучит
7791e124	0	
3647ab47	3	дословное чтение Ин 11:21-22
b7b87575	0	
7f616f83	0	
8730de0c	0	
ff18af0b	0	
8c6e4b00	0	
0c2dd9b7	0	
dec417cf	0	
10b34399	2	сон о заразе: «убивали друг друга... в бессмысленной злобе», «друг на друга» -- Мф 24:10 «друг друга будут предавать и возненавидят друг друга», апокалиптический мотив
0449f72c	3	дословная цитата Ин 11:1
0072f667	0	
ed942760	0	
e54d047d	0	
29b24d8b	0	
8cc1aa48	0	
a6610803	1	общее слово «дверь»
50bb135f	0	
2a361899	0	
96c1e4d2	0	
9516cf9d	1	общие «вышел», «дверь»
34578f4a	3	дословное чтение Ин 11:44
d3a377a2	0	
b008a549	0	
02e94050	0	
e42fc319	0	
06244e28	1	общее слово «церковь»
45f809b5	0	
305b1d3c	1	общая тема казни/«на смерть»
c2f7cd93	0	
1831391a	0	
fee42694	3	дословное чтение Ин 11:20
5314c74f	3	дословное чтение Ин 11:25
7696dfea	0	
269a29cb	0	
4ea4b909	0	
53805ccd	0	
c81ccfb4	0	
ede5e8ad	0	
429e9013	1	тот же круг (оживление умершего), другой эпизод
b2b5cf8e	0	
92d31009	0	
c6fc6f7a	1	общее выражение «ниц упасть», не отсылка
0f042727	0	
dfce3581	1	общий оборот «пойду с ним» / «пойди с ним»
b1d895b9	0	
dbc8c746	3	«Прощаются же и теперь грехи твои мнози, за то, что возлюбила много» -- Лк 7:47-48, слова близки
e314ffde	0	
69e3bbd5	0	
87629725	1	общее «в преклонных летах», не отсылка
c20e1108	0	
54411688	0	
f6999e0b	1	«кирпичик на всеобщее счастие» -- возможна отсылка к Вавилону (Быт 11:3), но не обозначена
1ce06934	0	
cc92cb70	1	формула «Глагола им Иисус» / «говорит им Иисус»
648347c7	0	
e1bba428	0	
d88355f9	0	
649aafe6	0	
091815ae	0	
c91ddd36	0	
57823a4b	0	
f6a61d26	0	
bdacea66	0	
d91eec18	0	
357e4d89	0	
091e054a	1	общее слово «доказательство»
eef468ed	0	
33c9a8a5	0	
69bc419e	0	
7ef08216	0	
83eda942	0	
3b0c452f	0	
bd142ec4	0	
8990287c	0	
24825844	2	прямая отсылка к притче о богатом и Лазаре («лоно Авраамово»), к которой относится Лк 16:26 о непреодолимой пропасти
07c34659	0	
39c1a4ae	0	
734376d4	0	
db65db0d	0	
ed4978ba	0	
6f0ea5eb	0	
fd63153b	0	
b1522388	0	
48f52da0	0	
546b35a7	0	
caf02a77	0	
e3e8f973	0	
f725e3f6	3	«То третье диаволово искушение!» -- прямое называние искушения царствами мира (Мф 4:8-9)
4d11bbc0	1	общее «приняли слово»
ab341d10	0	
243a9ab2	0	
269bd15e	0	
8b7e6efd	1	общий корень «примите/приняли слово»
74647100	0	
d59ea541	1	общее «судите/судит»
1b057bd5	0	
f2f7993f	0	
1a2f7571	0	
30875673	0	
c9200bd2	1	вода/жажда, общее слово «вода»
3d1bccaa	1	общий корень «заперт-»
42475ad4	1	общее слово «гостиница»
82fd271a	0	
0ee7ae9f	0	
ad549596	0	
ba82d5af	0	
88828da8	0	
66468498	3	«А об одном кающемся больше радости в небе, чем о десяти праведных» -- Лк 15:7, близкий пересказ со ссылкой «сказано давно»
6506af98	0	
b9e1b777	0	
72482c75	0	
52f5f7c3	0	
99b79b8c	0	
c0de4eec	0	
c7bfd0b1	0	
cf963ded	2	цитата из Ин 2:7 с редким словом «водоносы», введённым в Ин 2:6 (тот же эпизод, соседний стих)
d1a168c0	0	
973b9c52	1	общее «приняли слова/слово»
2a2fa5a5	0	
2b0dfbb2	0	
013ea098	0	
e76ea214	0	
d8bac5f3	0	
ec65053c	0	
a0fab64d	0	
ce87f766	1	общее выражение «ниц упасть»
