target_id	source_id
CP.EP.II.19	b.LUK.11.44
CP.EP.II.19	b.ISA.50.2
CP.EP.II.19	b.LUK.9.11
CP.EP.II.19	b.JER.52.16
CP.EP.II.19	b.EZE.20.40
CP.EP.II.19	b.LEV.26.37
CP.EP.II.19	b.DEU.30.1
CP.EP.II.19	b.ISA.14.19
CP.EP.II.19	b.JOH.13.22
CP.EP.II.19	b.ACT.19.38
CP.EP.II.19	b.EZE.6.13
CP.EP.II.19	b.EZE.7.27
CP.EP.II.19	b.JER.46.21
CP.EP.II.19	b.PSA.78.50
CP.EP.II.19	b.EZE.4.17
CP.EP.II.19	b.EZE.39.16
CP.EP.II.19	b.JER.14.18
CP.EP.II.19	b.ISA.32.12
CP.EP.II.19	b.PSA.74.6
CP.EP.II.19	b.DEU.32.43
CP.EP.II.19	b.REV.3.8
CP.EP.II.19	b.NEH.9.17
CP.EP.II.19	b.2TH.3.15
CP.EP.II.19	b.REV.18.17
CP.EP.II.19	b.MAR.14.68
CP.EP.II.19	b.1SA.3.2
CP.EP.II.19	b.AMO.5.22
CP.EP.II.19	b.ECC.8.9
CP.EP.II.19	b.AMO.4.10
CP.EP.II.19	b.ISA.41.26
CP.EP.II.19	b.ISA.13.8
CP.EP.II.19	b.ECC.8.17
CP.EP.II.19	b.ISA.1.7
CP.EP.II.19	b.JOH.7.46
CP.EP.II.19	b.ISA.25.2
CP.EP.II.19	b.EST.1.13
CP.EP.II.19	b.LEV.5.3
CP.EP.II.19	b.LUK.18.13
CP.EP.II.19	b.COL.1.23
CP.EP.II.19	b.ECC.11.5
CP.EP.II.19	b.ISA.17.12
CP.EP.II.19	b.PRO.30.18
CP.EP.II.19	b.EZE.39.12
CP.EP.II.19	b.GEN.42.23
CP.EP.II.19	b.EZE.22.4
CP.EP.II.19	b.ISA.22.2
CP.EP.II.19	b.REV.21.8
CP.EP.II.19	b.REV.6.4
CP.EP.II.19	b.GEN.19.17
CP.EP.II.19	b.JER.36.16
CP.EP.II.19	b.PHI.1.10
CP.EP.II.19	b.2KI.25.12
CP.EP.II.19	b.1KI.20.25
CP.EP.II.19	b.JOB.38.40
CP.EP.II.19	b.ACT.17.7
CP.EP.II.19	b.NAH.2.7
CP.EP.II.19	b.LEV.5.2
CP.EP.II.19	b.DAN.8.27
CP.EP.II.19	b.LEV.5.4
CP.EP.II.19	b.JAM.5.9
CP.EP.II.19	b.EZE.43.3
CP.EP.II.19	b.2SA.3.34
CP.EP.II.19	b.ROM.11.20
CP.EP.II.19	b.ROM.1.27
CP.EP.II.19	b.LUK.23.48
CP.EP.II.19	b.NAH.3.19
CP.EP.II.19	b.PSA.61.4
CP.P4.IV.8	b.2KI.14.26
CP.P4.IV.8	b.2CH.28.24
CP.P4.IV.8	b.JOB.3.7
CP.P4.IV.8	b.2SA.23.11
CP.P4.IV.8	b.EZE.46.23
CP.P4.IV.8	b.EZE.42.10
CP.P4.IV.8	b.MAR.2.2
CP.P4.IV.8	b.EZE.40.29
CP.P4.IV.8	b.EZE.10.10
CP.P4.IV.8	b.MAT.27.61
CP.P4.IV.8	b.JER.26.23
CP.P4.IV.8	b.JOB.31.32
CP.P4.IV.8	b.REV.20.7
CP.P4.IV.8	b.NEH.13.5
CP.P4.IV.8	b.2KI.10.25
CP.P4.IV.8	b.JOH.12.1
CP.P4.IV.8	b.GEN.19.11
CP.P4.IV.8	b.JOH.11.57
CP.P4.IV.8	b.JDG.19.26
CP.P4.IV.8	b.1SA.19.3
CP.P4.IV.8	b.ACT.3.12
CP.P4.IV.8	b.1KI.7.5
CP.P4.IV.8	b.ISA.28.20
CP.P4.IV.8	b.2CH.36.16
CP.P4.IV.8	b.DEU.32.25
CP.P4.IV.8	b.PHI.2.5
CP.P4.IV.8	b.1KI.6.16
CP.P4.IV.8	b.MAR.4.5
CP.P4.IV.8	b.ACT.16.13
CP.P4.IV.8	b.MAT.26.55
CP.P4.IV.8	b.JOH.6.22
CP.P4.IV.8	b.1CO.7.29
CP.P4.IV.8	b.MAT.13.5
CP.P4.IV.8	b.MAT.12.10
CP.P4.IV.8	b.EXO.12.30
CP.P4.IV.8	b.JOS.2.15
CP.P4.IV.8	b.1KI.7.4
CP.P4.IV.8	b.LUK.6.6
CP.P4.IV.8	b.LUK.22.52
CP.P4.IV.8	b.REV.21.4
CP.P4.IV.8	b.SON.8.9
CP.P4.IV.8	b.LUK.5.29
CP.P4.IV.8	b.JER.52.7
CP.P4.IV.8	b.1KI.3.12
CP.P4.IV.8	b.ACT.17.1
CP.P4.IV.8	b.MAR.3.1
CP.P4.IV.8	b.ZEP.2.14
CP.P4.IV.8	b.1KI.6.34
CP.P4.IV.8	b.ISA.5.8
CP.P4.IV.8	b.JOH.18.1
CP.P4.IV.8	b.EZE.41.16
CP.P4.IV.8	b.2SA.17.19
CP.P4.IV.8	b.EZE.40.12
CP.P4.IV.8	b.SON.2.9
CP.P4.IV.8	b.EZE.40.38
CP.P4.IV.8	b.JDG.21.9
CP.P4.IV.8	b.HAG.2.3
CP.P4.IV.8	b.1CO.1.5
CP.EP.II.26	b.ROM.8.8
CP.EP.II.26	b.1SA.9.26
CP.EP.II.26	b.MAR.3.5
CP.EP.II.26	b.1SA.25.43
CP.EP.II.26	b.1SA.14.11
CP.EP.II.26	b.ACT.28.27
CP.EP.II.26	b.EXO.8.18
CP.EP.II.26	b.MAR.6.19
CP.EP.II.26	b.MAR.9.10
CP.EP.II.26	b.HOS.5.13
CP.EP.II.26	b.PRO.29.13
CP.EP.II.26	b.LUK.19.3
CP.EP.II.26	b.LEV.20.12
CP.EP.II.26	b.GEN.21.27
CP.EP.II.26	b.2KI.2.7
CP.EP.II.26	b.LUK.8.36
CP.EP.II.26	b.JDG.21.18
CP.EP.II.26	b.ZEC.1.21
CP.EP.II.26	b.JDG.19.8
CP.EP.II.26	b.1SA.2.34
CP.EP.II.26	b.ISA.13.8
CP.EP.II.26	b.ISA.7.1
CP.EP.II.26	b.REV.10.4
CP.EP.II.26	b.JER.46.5
CP.EP.II.26	b.ZEP.1.18
CP.EP.II.26	b.DAN.11.27
CP.EP.II.26	b.NEH.7.61
CP.EP.II.26	b.ISA.44.18
CP.EP.II.26	b.JDG.19.6
CP.EP.II.26	b.1TH.2.17
CP.EP.II.26	b.2PE.2.14
CP.EP.II.26	b.JOB.29.24
CP.EP.II.26	b.RUT.1.19
CP.EP.II.26	b.LEV.20.11
CP.EP.II.26	b.SON.5.6
CP.EP.II.26	b.MAT.13.15
CP.EP.II.26	b.JOH.16.12
CP.EP.II.26	b.JOS.15.63
CP.EP.II.26	b.LEV.20.13
CP.EP.II.26	b.NAH.2.10
CP.EP.II.26	b.PSA.21.11
CP.EP.II.26	b.DAN.5.8
CP.EP.II.26	b.MAR.7.24
CP.EP.II.26	b.JDG.1.19
CP.EP.II.26	b.1SA.21.13
CP.EP.II.26	b.JOB.13.3
CP.EP.II.26	b.JER.5.22
CP.EP.II.26	b.GEN.19.19
CP.EP.II.26	b.GEN.21.31
CP.EP.II.26	b.DAN.6.4
CP.EP.II.26	b.EZE.46.18
CP.EP.II.26	b.MAT.12.22
CP.EP.II.26	b.MAR.9.34
CP.EP.II.26	b.EZE.21.19
CP.EP.II.26	b.DAN.5.15
CP.EP.II.26	b.NUM.12.5
CP.EP.II.26	b.LUK.1.6
CP.EP.II.26	b.ROM.11.20
CP.EP.II.26	b.GEN.45.3
CP.EP.II.26	b.JON.1.13
CP.EP.II.26	b.GEN.41.21
CP.EP.II.26	b.ISA.36.12
CP.P1.VI.2	b.DEU.24.10
CP.P1.VI.2	b.LEV.13.53
CP.P1.VI.2	b.JOB.28.8
CP.P1.VI.2	b.JUD.1.18
CP.P1.VI.2	b.JOB.36.33
CP.P1.VI.2	b.1CO.4.4
CP.P1.VI.2	b.JER.34.11
CP.P1.VI.2	b.ISA.57.10
CP.P1.VI.2	b.2KI.4.23
CP.P1.VI.2	b.JOB.11.6
CP.P1.VI.2	b.JOH.11.49
CP.P1.VI.2	b.JOH.12.6
CP.P1.VI.2	b.EZE.10.10
CP.P1.VI.2	b.EZR.3.6
CP.P1.VI.2	b.PRO.7.22
CP.P1.VI.2	b.PRO.7.10
CP.P1.VI.2	b.ISA.47.7
CP.P1.VI.2	b.LUK.7.42
CP.P1.VI.2	b.MAR.11.13
CP.P1.VI.2	b.2SA.13.18
CP.P1.VI.2	b.JOB.12.12
CP.P1.VI.2	b.RUT.3.15
CP.P1.VI.2	b.LUK.23.18
CP.P1.VI.2	b.EZE.6.9
CP.P1.VI.2	b.ACT.3.12
CP.P1.VI.2	b.ECC.10.14
CP.P1.VI.2	b.GEN.38.25
CP.P1.VI.2	b.1TI.6.4
CP.P1.VI.2	b.DAN.10.14
CP.P1.VI.2	b.LUK.11.6
CP.P1.VI.2	b.GEN.44.5
CP.P1.VI.2	b.JOB.8.9
CP.P1.VI.2	b.ZEC.7.14
CP.P1.VI.2	b.ACT.20.7
CP.P1.VI.2	b.2CH.11.20
CP.P1.VI.2	b.MAT.26.17
CP.P1.VI.2	b.PRO.9.13
CP.P1.VI.2	b.ACT.26.26
CP.P1.VI.2	b.LUK.9.49
CP.P1.VI.2	b.JOH.20.1
CP.P1.VI.2	b.RUT.3.17
CP.P1.VI.2	b.GEN.24.21
CP.P1.VI.2	b.MAR.10.48
CP.P1.VI.2	b.MAT.20.31
CP.P1.VI.2	b.2CH.9.6
CP.P1.VI.2	b.LUK.24.31
CP.P1.VI.2	b.JER.48.11
CP.P1.VI.2	b.JOH.1.27
CP.P1.VI.2	b.JOB.24.20
CP.P1.VI.2	b.JOB.24.13
CP.P1.VI.2	b.EZE.36.31
CP.P1.VI.2	b.LUK.2.44
CP.P1.VI.2	b.2CH.29.3
CP.P1.VI.2	b.LEV.5.12
CP.P1.VI.2	b.ECC.9.5
CP.P1.VI.2	b.1PE.1.20
CP.P1.VI.2	b.ACT.21.4
CP.P1.VI.2	b.JOS.8.14
CP.P1.VI.2	b.MAR.6.10
CP.P1.VI.2	b.MAT.21.19
CP.P1.VI.2	b.JER.49.16
CP.P1.VI.2	b.2SA.20.3
CP.P1.VI.2	b.LUK.22.59
CP.P1.VI.2	b.LUK.24.1
CP.P1.VI.2	b.REV.18.11
CP.P1.VI.2	b.1PE.1.5
CP.P1.VI.2	b.1TI.4.1
CP.P1.VI.2	b.ACT.21.12
CP.P1.VI.2	b.ROM.6.9
CP.P5.I.31	b.ISA.50.2
CP.P5.I.31	b.HEB.12.19
CP.P5.I.31	b.MAT.19.8
CP.P5.I.31	b.JOH.16.4
CP.P5.I.31	b.LEV.17.5
CP.P5.I.31	b.ISA.9.3
CP.P5.I.31	b.1SA.27.3
CP.P5.I.31	b.DEU.12.23
CP.P5.I.31	b.PRO.17.7
CP.P5.I.31	b.NUM.16.45
CP.P5.I.31	b.ISA.59.1
CP.P5.I.31	b.JOH.5.34
CP.P5.I.31	b.ISA.54.11
CP.P5.I.31	b.JDG.14.6
CP.P5.I.31	b.JOH.8.43
CP.P5.I.31	b.JOB.19.15
CP.P5.I.31	b.1KI.10.3
CP.P5.I.31	b.GEN.35.6
CP.P5.I.31	b.DAN.6.2
CP.P5.I.31	b.EZE.18.30
CP.P5.I.31	b.HEB.9.25
CP.P5.I.31	b.ISA.36.12
CP.P5.I.31	b.2CO.11.21
CP.P5.I.31	b.ISA.29.14
CP.P5.I.31	b.ECC.2.24
CP.P5.I.31	b.ACT.23.14
CP.P5.I.31	b.1KI.8.9
CP.P5.I.31	b.JOH.10.10
CP.P5.I.31	b.1KI.10.21
CP.P5.I.31	b.PSA.149.7
CP.P5.I.31	b.EZE.6.6
CP.P5.I.31	b.ROM.4.16
CP.P5.I.31	b.1SA.28.8
CP.P5.I.31	b.EZE.44.3
CP.P5.I.31	b.1CO.3.18
CP.P5.I.31	b.TIT.3.13
CP.P5.I.31	b.LEV.20.14
CP.P5.I.31	b.ISA.58.4
CP.P5.I.31	b.NEH.6.8
CP.P5.I.31	b.JOB.33.10
CP.P5.I.31	b.MAT.5.13
CP.P5.I.31	b.2CO.12.11
CP.P5.I.31	b.2KI.18.20
CP.P5.I.31	b.1CO.6.7
CP.P5.I.31	b.EZE.31.14
CP.P5.I.31	b.JOB.10.16
CP.P5.I.31	b.2CO.12.13
CP.P5.I.31	b.PSA.59.13
CP.P5.I.31	b.REV.9.15
CP.P5.I.31	b.MIC.4.9
CP.P5.I.31	b.NUM.1.53
CP.P5.I.31	b.NUM.15.39
CP.P5.I.31	b.JAM.5.17
CP.P5.I.31	b.EXO.21.19
CP.P5.I.31	b.2CH.9.6
CP.P5.I.31	b.JOS.11.20
CP.P5.I.31	b.GAL.1.7
CP.P5.I.31	b.JOH.9.3
CP.P5.I.31	b.JOB.6.26
CP.P5.I.31	b.MAL.3.10
CP.P5.I.31	b.2CO.8.14
CP.P5.I.31	b.JER.2.21
CP.P5.I.31	b.GEN.12.19
CP.P5.I.31	b.JOB.13.24
CP.P5.I.31	b.JER.14.4
CP.P5.I.31	b.NUM.32.32
CP.P5.I.31	b.JOS.14.11
CP.P5.I.31	b.JOB.19.28
CP.P5.I.31	b.2SA.13.25
CP.P5.I.31	b.GEN.18.19
CP.P5.I.31	b.JOH.6.38
CP.P5.I.31	b.ROM.11.20
CP.P5.I.31	b.HAG.2.3
CP.P5.I.31	b.GAL.6.12
CP.P5.I.31	b.JAM.1.18
CP.P5.IV.22	b.1KI.14.24
CP.P5.IV.22	b.ROM.10.6
CP.P5.IV.22	b.PSA.73.16
CP.P5.IV.22	b.ZEC.8.12
CP.P5.IV.22	b.DEU.25.5
CP.P5.IV.22	b.ROM.9.19
CP.P5.IV.22	b.2KI.17.41
CP.P5.IV.22	b.ISA.44.7
CP.P5.IV.22	b.EXO.22.10
CP.P5.IV.22	b.NUM.31.30
CP.P5.IV.22	b.EZE.33.26
CP.P5.IV.22	b.LEV.18.27
CP.P5.IV.22	b.ROM.14.8
CP.P5.IV.22	b.ISA.1.5
CP.P5.IV.22	b.GEN.18.5
CP.P5.IV.22	b.1SA.28.18
CP.P5.IV.22	b.ISA.37.34
CP.P5.IV.22	b.JER.7.10
CP.P5.IV.22	b.1CO.3.3
CP.P5.IV.22	b.ISA.47.7
CP.P5.IV.22	b.LEV.18.29
CP.P5.IV.22	b.MAT.26.66
CP.P5.IV.22	b.JAM.5.13
CP.P5.IV.22	b.SON.1.1
CP.P5.IV.22	b.2TI.2.7
CP.P5.IV.22	b.EZE.16.50
CP.P5.IV.22	b.1JO.3.12
CP.P5.IV.22	b.ROM.9.6
CP.P5.IV.22	b.1JO.2.21
CP.P5.IV.22	b.EZE.44.6
CP.P5.IV.22	b.EXO.1.17
CP.P5.IV.22	b.JOH.8.19
CP.P5.IV.22	b.1KI.3.26
CP.P5.IV.22	b.1CO.6.7
CP.P5.IV.22	b.MAT.10.26
CP.P5.IV.22	b.ACT.12.9
CP.P5.IV.22	b.RUT.1.13
CP.P5.IV.22	b.NUM.22.37
CP.P5.IV.22	b.MIC.4.9
CP.P5.IV.22	b.MAT.12.7
CP.P5.IV.22	b.EZE.18.24
CP.P5.IV.22	b.ISA.53.4
CP.P5.IV.22	b.JER.6.15
CP.P5.IV.22	b.JOB.6.26
CP.P5.IV.22	b.1CO.7.40
CP.P5.IV.22	b.EZE.18.12
CP.P5.IV.22	b.LEV.18.26
CP.P5.IV.22	b.JOH.11.13
CP.P5.IV.22	b.JER.35.10
CP.P5.IV.22	b.EZE.18.13
CP.P5.IV.22	b.JOH.9.30
CP.P5.IV.22	b.JOH.14.7
CP.P5.IV.22	b.JER.32.35
CP.P5.IV.22	b.1CO.4.8
CP.P5.IV.22	b.2CO.11.5
CP.P5.IV.22	b.1TH.4.6
CP.P5.IV.22	b.2CO.1.17
CP.P5.IV.22	b.NUM.31.47
CP.P5.IV.22	b.ROM.11.11
CP.P5.IV.22	b.JOB.34.33
CP.P5.IV.22	b.1CO.4.9
CP.P5.IV.22	b.1CO.7.28
CP.P5.IV.22	b.2CH.25.16
CP.P5.IV.22	b.JER.8.12
CP.P5.IV.22	b.LUK.15.10
CP.EP.II.31	b.EXO.22.27
CP.EP.II.31	b.1KI.10.5
CP.EP.II.31	b.HEB.11.7
CP.EP.II.31	b.2KI.6.13
CP.EP.II.31	b.JOB.11.6
CP.EP.II.31	b.ISA.57.10
CP.EP.II.31	b.LEV.9.13
CP.EP.II.31	b.JER.32.28
CP.EP.II.31	b.HEB.11.19
CP.EP.II.31	b.EXO.5.14
CP.EP.II.31	b.LUK.18.4
CP.EP.II.31	b.JER.38.3
CP.EP.II.31	b.JDG.14.6
CP.EP.II.31	b.1CH.10.12
CP.EP.II.31	b.GEN.38.18
CP.EP.II.31	b.MAT.2.11
CP.EP.II.31	b.ACT.7.5
CP.EP.II.31	b.JOS.10.32
CP.EP.II.31	b.REV.10.2
CP.EP.II.31	b.JER.32.3
CP.EP.II.31	b.COL.2.14
CP.EP.II.31	b.JER.40.1
CP.EP.II.31	b.ACT.5.4
CP.EP.II.31	b.EXO.4.7
CP.EP.II.31	b.EZE.33.22
CP.EP.II.31	b.JOS.14.7
CP.EP.II.31	b.GEN.24.21
CP.EP.II.31	b.GEN.43.26
CP.EP.II.31	b.REV.10.9
CP.EP.II.31	b.ACT.12.15
CP.EP.II.31	b.ACT.10.4
CP.EP.II.31	b.EXO.32.8
CP.EP.II.31	b.LUK.2.28
CP.EP.II.31	b.EXO.4.6
CP.EP.II.31	b.JDG.14.9
CP.EP.II.31	b.MAT.22.31
CP.EP.II.31	b.GEN.31.32
CP.EP.II.31	b.ISA.53.7
CP.EP.II.31	b.JDG.6.18
CP.EP.II.31	b.1SA.25.35
CP.EP.II.31	b.LAM.2.14
CP.EP.II.31	b.JER.36.21
CP.EP.II.31	b.PSA.83.17
CP.P4.IV.124	b.ACT.12.4
CP.P4.IV.124	b.JER.3.7
CP.P4.IV.124	b.ROM.15.20
CP.P4.IV.124	b.PRO.7.10
CP.P4.IV.124	b.JOH.8.6
CP.P4.IV.124	b.MAT.27.55
CP.P4.IV.124	b.ISA.35.9
CP.P4.IV.124	b.JOH.8.11
CP.P4.IV.124	b.REV.6.7
CP.P4.IV.124	b.1SA.1.6
CP.P4.IV.124	b.LUK.7.13
CP.P4.IV.124	b.LUK.18.13
CP.P4.IV.124	b.PRO.7.13
CP.P4.IV.124	b.GEN.24.21
CP.P4.IV.124	b.GEN.39.14
CP.P4.IV.124	b.DEU.22.27
CP.P4.IV.124	b.JOH.20.14
CP.P4.IV.124	b.RUT.2.13
CP.P4.IV.124	b.JER.3.10
CP.P4.IV.124	b.LUK.9.7
CP.P4.IV.124	b.1SA.4.20
CP.P4.IV.124	b.PRO.9.4
CP.P4.IV.124	b.JOH.11.15
CP.P4.IV.124	b.PRO.9.16
CP.P4.IV.124	b.REV.22.5
CP.P4.IV.124	b.PSA.59.15
CP.P2.III.25	b.NUM.22.6
CP.P2.III.25	b.1SA.28.22
CP.P2.III.25	b.DEU.2.28
CP.P2.III.25	b.JDG.5.12
CP.P2.III.25	b.LAM.5.4
CP.P2.III.25	b.NUM.16.45
CP.P2.III.25	b.GEN.18.5
CP.P2.III.25	b.ISA.3.6
CP.P2.III.25	b.DEU.15.17
CP.P2.III.25	b.GEN.37.27
CP.P2.III.25	b.SON.1.3
CP.P2.III.25	b.2TI.2.7
CP.P2.III.25	b.HAB.3.14
CP.P2.III.25	b.1SA.26.11
CP.P2.III.25	b.RUT.4.8
CP.P2.III.25	b.REV.3.18
CP.P2.III.25	b.JOH.2.8
CP.P2.III.25	b.GEN.12.19
CP.P2.III.25	b.GEN.27.3
CP.P2.III.25	b.RUT.4.4
CP.P2.III.25	b.PRO.9.2
CP.P1.VI.41	b.EST.4.4
CP.P1.VI.41	b.ECC.12.5
CP.P1.VI.41	b.1KI.1.1
CP.P1.VI.41	b.EZE.26.16
CP.P1.VI.41	b.ISA.21.13
CP.P1.VI.41	b.ZEC.11.2
CP.P1.VI.41	b.HOS.5.13
CP.P1.VI.41	b.JOH.21.6
CP.P1.VI.41	b.NEH.8.10
CP.P1.VI.41	b.EXO.10.15
CP.P1.VI.41	b.LUK.12.6
CP.P1.VI.41	b.1KI.19.6
CP.P1.VI.41	b.REV.18.17
CP.P1.VI.41	b.MAT.10.42
CP.P1.VI.41	b.DEU.21.13
CP.P1.VI.41	b.EZE.15.4
CP.P1.VI.41	b.EXO.32.24
CP.P1.VI.41	b.1CH.15.12
CP.P1.VI.41	b.SON.1.1
CP.P1.VI.41	b.ACT.25.25
CP.P1.VI.41	b.DEU.21.16
CP.P1.VI.41	b.GEN.26.8
CP.P1.VI.41	b.LUK.6.48
CP.P1.VI.41	b.RUT.3.13
CP.P1.VI.41	b.JER.18.14
CP.P1.VI.41	b.EST.6.4
CP.P1.VI.41	b.REV.10.2
CP.P1.VI.41	b.ECC.8.17
CP.P1.VI.41	b.1SA.28.8
CP.P1.VI.41	b.ECC.6.10
CP.P1.VI.41	b.EXO.33.6
CP.P1.VI.41	b.JOB.33.21
CP.P1.VI.41	b.ACT.10.10
CP.P1.VI.41	b.ACT.28.17
CP.P1.VI.41	b.ISA.22.24
CP.P1.VI.41	b.GEN.44.5
CP.P1.VI.41	b.1KI.6.18
CP.P1.VI.41	b.LAM.1.2
CP.P1.VI.41	b.GEN.38.19
CP.P1.VI.41	b.EXO.39.20
CP.P1.VI.41	b.PRO.25.25
CP.P1.VI.41	b.REV.12.12
CP.P1.VI.41	b.ISA.17.12
CP.P1.VI.41	b.LUK.20.36
CP.P1.VI.41	b.JER.22.23
CP.P1.VI.41	b.ACT.25.11
CP.P1.VI.41	b.EXO.39.19
CP.P1.VI.41	b.SON.5.12
CP.P1.VI.41	b.EXO.7.24
CP.P1.VI.41	b.LUK.1.22
CP.P1.VI.41	b.ACT.27.15
CP.P1.VI.41	b.PRO.27.3
CP.P1.VI.41	b.LEV.6.11
CP.P1.VI.41	b.1CH.15.3
CP.P1.VI.41	b.EXO.28.26
CP.P1.VI.41	b.ACT.27.20
CP.P1.VI.41	b.GEN.24.32
CP.P1.VI.41	b.LUK.9.52
CP.P1.VI.41	b.GEN.28.11
CP.P1.VI.41	b.EZE.46.18
CP.P1.VI.41	b.JOB.27.19
CP.P1.VI.41	b.EXO.33.5
CP.P1.VI.41	b.ROM.9.11
CP.P1.VI.41	b.JOH.13.4
CP.P1.VI.41	b.ISA.17.14
CP.P1.VI.41	b.EZE.31.16
CP.P1.VI.41	b.LUK.8.23
CP.P1.VI.41	b.ROM.3.27
CP.P1.II.17	b.ACT.11.26
CP.P1.II.17	b.1CH.17.17
CP.P1.II.17	b.ISA.44.7
CP.P1.II.17	b.MAT.8.9
CP.P1.II.17	b.2SA.17.12
CP.P1.II.17	b.PRO.17.7
CP.P1.II.17	b.MAT.22.15
CP.P1.II.17	b.2KI.4.23
CP.P1.II.17	b.ACT.27.12
CP.P1.II.17	b.LAM.1.17
CP.P1.II.17	b.LUK.22.27
CP.P1.II.17	b.JOH.18.28
CP.P1.II.17	b.2SA.13.13
CP.P1.II.17	b.HAB.2.19
CP.P1.II.17	b.2TI.2.9
CP.P1.II.17	b.ACT.7.12
CP.P1.II.17	b.DEU.25.9
CP.P1.II.17	b.JOB.21.4
CP.P1.II.17	b.JER.4.31
CP.P1.II.17	b.ACT.23.29
CP.P1.II.17	b.ISA.41.10
CP.P1.II.17	b.2SA.16.19
CP.P1.II.17	b.GEN.30.33
CP.P1.II.17	b.JER.13.21
CP.P1.II.17	b.1CH.16.7
CP.P1.II.17	b.ROM.1.13
CP.P1.II.17	b.GAL.4.13
CP.P1.II.17	b.2TI.2.7
CP.P1.II.17	b.ISA.41.26
CP.P1.II.17	b.DEU.30.13
CP.P1.II.17	b.GAL.5.3
CP.P1.II.17	b.LEV.11.26
CP.P1.II.17	b.GEN.19.20
CP.P1.II.17	b.JOB.38.35
CP.P1.II.17	b.JOH.21.18
CP.P1.II.17	b.LUK.22.26
CP.P1.II.17	b.1KI.3.26
CP.P1.II.17	b.ISA.43.9
CP.P1.II.17	b.JOH.8.21
CP.P1.II.17	b.1KI.20.9
CP.P1.II.17	b.LUK.9.57
CP.P1.II.17	b.GEN.31.10
CP.P1.II.17	b.MAT.26.40
CP.P1.II.17	b.MAT.26.14
CP.P1.II.17	b.RUT.1.13
CP.P1.II.17	b.GAL.4.12
CP.P1.II.17	b.NUM.10.9
CP.P1.II.17	b.ECC.12.14
CP.P1.II.17	b.EPH.6.11
CP.P1.II.17	b.PRO.3.23
CP.P1.II.17	b.EXO.34.9
CP.P1.II.17	b.JDG.1.12
CP.P1.II.17	b.RUT.2.2
CP.P1.II.17	b.JOS.15.16
CP.P1.II.17	b.JER.13.23
CP.P1.II.17	b.MAT.11.16
CP.P1.II.17	b.ISA.54.4
CP.P1.II.17	b.GEN.12.19
CP.P1.II.17	b.1KI.18.12
CP.P1.II.17	b.JOH.8.22
CP.P1.II.17	b.DEU.30.12
CP.P1.II.17	b.JDG.20.26
CP.P1.II.17	b.ACT.5.26
CP.P1.II.17	b.2KI.16.5
CP.P1.II.17	b.EZE.30.18
CP.P1.II.17	b.RUT.4.4
CP.P1.II.17	b.JER.11.12
CP.P1.II.17	b.NUM.10.13
CP.P1.II.17	b.JER.11.21
CP.P4.IV.1	b.2SA.19.42
CP.P4.IV.1	b.PSA.71.3
CP.P4.IV.1	b.JDG.19.27
CP.P4.IV.1	b.1SA.15.34
CP.P4.IV.1	b.EZE.8.8
CP.P4.IV.1	b.JOB.23.7
CP.P4.IV.1	b.EZE.46.21
CP.P4.IV.1	b.ACT.10.43
CP.P4.IV.1	b.ACT.1.9
CP.P4.IV.1	b.JER.49.22
CP.P4.IV.1	b.EZE.40.9
CP.P4.IV.1	b.EZE.41.3
CP.P4.IV.1	b.JOB.34.22
CP.P4.IV.1	b.2KI.4.15
CP.P4.IV.1	b.EZE.24.7
CP.P4.IV.1	b.1JO.3.22
CP.P4.IV.1	b.JOB.31.32
CP.P4.IV.1	b.1KI.6.4
CP.P4.IV.1	b.GEN.19.11
CP.P4.IV.1	b.2SA.11.2
CP.P4.IV.1	b.2SA.13.18
CP.P4.IV.1	b.JDG.19.26
CP.P4.IV.1	b.PRO.7.9
CP.P4.IV.1	b.1JO.4.9
CP.P4.IV.1	b.DAN.2.10
CP.P4.IV.1	b.LUK.6.48
CP.P4.IV.1	b.LUK.21.25
CP.P4.IV.1	b.PRO.21.9
CP.P4.IV.1	b.MAR.9.33
CP.P4.IV.1	b.EZE.40.13
CP.P4.IV.1	b.1SA.23.13
CP.P4.IV.1	b.MAR.2.1
CP.P4.IV.1	b.1KI.17.10
CP.P4.IV.1	b.PRO.25.24
CP.P4.IV.1	b.JDG.12.9
CP.P4.IV.1	b.DAN.4.35
CP.P4.IV.1	b.JOS.2.15
CP.P4.IV.1	b.PRO.7.27
CP.P4.IV.1	b.1SA.23.18
CP.P4.IV.1	b.EZE.46.22
CP.P4.IV.1	b.EZE.40.19
CP.P4.IV.1	b.ACT.16.26
CP.P4.IV.1	b.ECC.5.15
CP.P4.IV.1	b.MAT.12.29
CP.P4.IV.1	b.JOB.16.21
CP.P4.IV.1	b.DAN.8.7
CP.P4.IV.1	b.MAR.8.4
CP.P4.IV.1	b.DAN.3.29
CP.P4.IV.1	b.DEU.3.24
CP.P4.IV.1	b.2SA.5.23
CP.P4.IV.1	b.LUK.19.4
CP.P4.IV.1	b.2SA.16.13
CP.P4.IV.1	b.2SA.2.15
CP.P4.IV.1	b.GEN.24.38
CP.P4.IV.1	b.2SA.11.13
CP.P4.IV.1	b.1CH.7.29
CP.P4.IV.1	b.JOH.7.34
CP.P4.IV.1	b.JER.1.13
CP.P4.IV.1	b.NUM.23.3
CP.P4.IV.1	b.1CH.14.14
CP.P4.IV.1	b.1JO.2.27
CP.P4.IV.1	b.EZE.40.17
CP.P4.IV.1	b.JOS.15.20
CP.P3.I.43	b.ROM.1.23
CP.P3.I.43	b.1CH.26.6
CP.P3.I.43	b.ECC.1.16
CP.P3.I.43	b.PRO.8.1
CP.P3.I.43	b.MAR.13.23
CP.P3.I.43	b.GEN.15.10
CP.P3.I.43	b.ISA.59.4
CP.P3.I.43	b.PRO.17.7
CP.P3.I.43	b.EZE.28.2
CP.P3.I.43	b.JER.27.16
CP.P3.I.43	b.EZE.17.9
CP.P3.I.43	b.1CO.3.3
CP.P3.I.43	b.ISA.27.7
CP.P3.I.43	b.2CO.11.21
CP.P3.I.43	b.GEN.30.33
CP.P3.I.43	b.MAT.26.48
CP.P3.I.43	b.2TI.2.7
CP.P3.I.43	b.LUK.7.8
CP.P3.I.43	b.2CO.8.7
CP.P3.I.43	b.EZE.3.27
CP.P3.I.43	b.EZE.13.8
CP.P3.I.43	b.LUK.22.47
CP.P3.I.43	b.JOB.6.25
CP.P3.I.43	b.EZE.38.14
CP.P3.I.43	b.EZE.38.17
CP.P3.I.43	b.ISA.17.12
CP.P3.I.43	b.JER.34.17
CP.P3.I.43	b.MIC.4.9
CP.P3.I.43	b.MAR.14.44
CP.P3.I.43	b.PSA.137.1
CP.P3.I.43	b.2CH.9.6
CP.P3.I.43	b.HEB.9.7
CP.P3.I.43	b.JAM.3.2
CP.P3.I.43	b.JOB.6.26
CP.P3.I.43	b.PRO.16.22
CP.P3.I.43	b.PSA.93.3
CP.P3.I.43	b.2CH.18.7
CP.P3.I.43	b.2CO.12.19
CP.P3.I.43	b.PRO.1.20
CP.P3.I.43	b.JER.8.14
CP.P3.I.43	b.JOB.36.4
CP.P3.I.43	b.1CO.4.8
CP.P3.I.43	b.PRO.31.29
CP.P3.I.43	b.1CO.9.8
CP.P3.I.43	b.ZEC.6.2
CP.P3.I.43	b.ROM.11.20
CP.P3.I.43	b.2SA.12.7
CP.P3.I.43	b.JOS.9.13
CP.P4.II.82	b.PRO.19.10
CP.P4.II.82	b.EZE.16.15
CP.P4.II.82	b.MAT.24.34
CP.P4.II.82	b.LUK.4.11
CP.P4.II.82	b.DEU.11.11
CP.P4.II.82	b.LUK.7.46
CP.P4.II.82	b.LEV.11.5
CP.P4.II.82	b.DEU.31.13
CP.P4.II.82	b.JOS.10.11
CP.P4.II.82	b.DEU.4.5
CP.P4.II.82	b.EXO.20.26
CP.P4.II.82	b.LUK.10.19
CP.P4.II.82	b.MAT.10.9
CP.P4.II.82	b.1TI.3.3
CP.P4.II.82	b.DEU.6.1
CP.P4.II.82	b.DEU.11.8
CP.P4.II.82	b.MAT.12.31
CP.P4.II.82	b.PRO.23.10
CP.P4.II.82	b.EXO.8.2
CP.P4.II.82	b.EPH.3.13
CP.P4.II.82	b.LEV.11.6
CP.P4.II.82	b.PRO.4.14
CP.P4.II.82	b.DEU.32.47
CP.P4.II.82	b.EPH.5.3
CP.P4.II.82	b.1CO.11.17
CP.P4.II.82	b.DEU.4.14
CP.P4.II.82	b.DEU.29.10
CP.P4.II.82	b.1SA.1.16
CP.P4.II.82	b.1CO.9.26
CP.P4.II.82	b.JOH.7.14
CP.P6.VIII.24	b.LAM.1.20
CP.P6.VIII.24	b.LUK.7.38
CP.P6.VIII.24	b.MAR.3.5
CP.P6.VIII.24	b.DAN.8.17
CP.P6.VIII.24	b.DAN.10.9
CP.P6.VIII.24	b.NUM.16.45
CP.P6.VIII.24	b.MAR.9.20
CP.P6.VIII.24	b.JER.28.7
CP.P6.VIII.24	b.REV.13.3
CP.P6.VIII.24	b.DAN.9.8
CP.P6.VIII.24	b.ECC.8.9
CP.P6.VIII.24	b.ROM.5.12
CP.P6.VIII.24	b.LUK.24.8
CP.P6.VIII.24	b.PSA.105.42
CP.P6.VIII.24	b.DEU.31.28
CP.P6.VIII.24	b.ACT.11.16
CP.P6.VIII.24	b.JER.50.7
CP.P6.VIII.24	b.JER.40.3
CP.P6.VIII.24	b.2KI.10.9
CP.P6.VIII.24	b.ACT.9.4
CP.P6.VIII.24	b.MIC.7.9
CP.P6.VIII.24	b.LAM.1.2
CP.P6.VIII.24	b.REV.1.7
CP.P6.VIII.24	b.GEN.4.5
CP.P6.VIII.24	b.EZE.22.4
CP.P6.VIII.24	b.NEH.8.7
CP.P6.VIII.24	b.NUM.2.17
CP.P6.VIII.24	b.MAR.14.72
CP.P6.VIII.24	b.1KI.13.1
CP.P6.VIII.24	b.LUK.22.61
CP.P6.VIII.24	b.1JO.3.8
CP.P6.VIII.24	b.2SA.3.34
CP.P6.VIII.24	b.JER.20.9
CP.P6.VIII.24	b.ACT.7.60
CP.P6.VIII.24	b.ECC.9.14
CP.P6.VIII.24	b.EZE.28.16
CP.P6.VIII.24	b.1SA.17.49
CP.P6.VIII.24	b.2CH.34.27
CP.P6.VIII.24	b.MAT.26.75
CP.P6.VIII.24	b.HAB.3.6
CP.P6.VIII.24	b.JER.50.15
CP.P6.VIII.24	b.ZEP.1.17
CP.P6.VIII.24	b.MAT.18.26
CP.P6.VIII.24	b.ROM.3.23
CP.P6.VIII.24	b.PRO.14.2
CP.P1.II.29	b.LEV.10.16
CP.P1.II.29	b.EZE.43.22
CP.P1.II.29	b.GEN.19.22
CP.P1.II.29	b.ISA.21.8
CP.P1.II.29	b.NEH.2.6
CP.P1.II.29	b.ISA.44.7
CP.P1.II.29	b.EZE.8.1
CP.P1.II.29	b.AMO.4.7
CP.P1.II.29	b.JER.31.4
CP.P1.II.29	b.ISA.57.10
CP.P1.II.29	b.EZE.12.7
CP.P1.II.29	b.PRO.24.32
CP.P1.II.29	b.DAN.2.28
CP.P1.II.29	b.ISA.38.12
CP.P1.II.29	b.ACT.14.20
CP.P1.II.29	b.LUK.10.35
CP.P1.II.29	b.LUK.9.13
CP.P1.II.29	b.ISA.40.26
CP.P1.II.29	b.ISA.47.7
CP.P1.II.29	b.ACT.16.11
CP.P1.II.29	b.JOH.8.14
CP.P1.II.29	b.2KI.10.6
CP.P1.II.29	b.ACT.10.23
CP.P1.II.29	b.DAN.5.18
CP.P1.II.29	b.JER.42.10
CP.P1.II.29	b.RUT.4.6
CP.P1.II.29	b.HAB.3.16
CP.P1.II.29	b.JER.13.20
CP.P1.II.29	b.LUK.24.14
CP.P1.II.29	b.1SA.7.16
CP.P1.II.29	b.JDG.19.8
CP.P1.II.29	b.2KI.8.15
CP.P1.II.29	b.2TI.2.7
CP.P1.II.29	b.GAL.4.15
CP.P1.II.29	b.ZEC.1.21
CP.P1.II.29	b.DAN.4.34
CP.P1.II.29	b.PSA.83.2
CP.P1.II.29	b.2SA.7.10
CP.P1.II.29	b.JER.50.31
CP.P1.II.29	b.ACT.25.17
CP.P1.II.29	b.NEH.2.3
CP.P1.II.29	b.JDG.21.4
CP.P1.II.29	b.MAT.8.21
CP.P1.II.29	b.1KI.11.38
CP.P1.II.29	b.JOH.8.21
CP.P1.II.29	b.NUM.29.26
CP.P1.II.29	b.JON.4.7
CP.P1.II.29	b.NEH.6.15
CP.P1.II.29	b.DEU.16.7
CP.P1.II.29	b.2SA.7.19
CP.P1.II.29	b.EZE.22.4
CP.P1.II.29	b.ACT.20.15
CP.P1.II.29	b.ISA.52.10
CP.P1.II.29	b.DEU.4.6
CP.P1.II.29	b.EZE.1.1
CP.P1.II.29	b.JOB.10.15
CP.P1.II.29	b.GEN.31.28
CP.P1.II.29	b.1SA.27.1
CP.P1.II.29	b.RUT.2.13
CP.P1.II.29	b.JER.52.31
CP.P1.II.29	b.1CO.4.3
CP.P1.II.29	b.EZE.33.21
CP.P1.II.29	b.1KI.22.23
CP.P1.II.29	b.2KI.25.16
CP.P1.II.29	b.GEN.12.19
CP.P1.II.29	b.ACT.21.8
CP.P1.II.29	b.ISA.51.6
CP.P1.II.29	b.LUK.23.40
CP.P1.II.29	b.ACT.23.32
CP.P1.II.29	b.NUM.7.36
CP.P1.II.29	b.LUK.21.36
CP.P1.II.29	b.1CH.17.9
CP.P1.II.29	b.JER.7.31
CP.P1.II.29	b.PSA.104.18
CP.P1.III.39	b.DAN.5.16
CP.P1.III.39	b.EZE.23.31
CP.P1.III.39	b.NEH.2.6
CP.P1.III.39	b.PRO.28.3
CP.P1.III.39	b.DEU.29.19
CP.P1.III.39	b.2SA.13.26
CP.P1.III.39	b.DAN.7.28
CP.P1.III.39	b.RUT.2.11
CP.P1.III.39	b.ACT.5.34
CP.P1.III.39	b.2KI.7.19
CP.P1.III.39	b.1SA.22.15
CP.P1.III.39	b.1CO.13.2
CP.P1.III.39	b.ISA.57.10
CP.P1.III.39	b.ROM.8.27
CP.P1.III.39	b.EXO.5.14
CP.P1.III.39	b.1PE.4.2
CP.P1.III.39	b.NEH.9.17
CP.P1.III.39	b.ISA.50.1
CP.P1.III.39	b.1CO.16.12
CP.P1.III.39	b.NEH.6.19
CP.P1.III.39	b.EZE.13.13
CP.P1.III.39	b.2SA.11.2
CP.P1.III.39	b.RUT.4.6
CP.P1.III.39	b.2CO.11.21
CP.P1.III.39	b.1PE.4.19
CP.P1.III.39	b.EZR.10.19
CP.P1.III.39	b.ZEC.1.21
CP.P1.III.39	b.EZE.13.11
CP.P1.III.39	b.ROM.1.13
CP.P1.III.39	b.2TI.2.7
CP.P1.III.39	b.MAT.26.41
CP.P1.III.39	b.2JO.1.6
CP.P1.III.39	b.LUK.22.46
CP.P1.III.39	b.GAL.4.15
CP.P1.III.39	b.2CO.8.5
CP.P1.III.39	b.EZE.47.5
CP.P1.III.39	b.MAT.10.28
CP.P1.III.39	b.DAN.7.19
CP.P1.III.39	b.1TH.2.17
CP.P1.III.39	b.ISA.64.5
CP.P1.III.39	b.REV.2.2
CP.P1.III.39	b.LEV.5.3
CP.P1.III.39	b.DEU.15.2
CP.P1.III.39	b.1CO.6.7
CP.P1.III.39	b.1KI.20.9
CP.P1.III.39	b.1CO.9.22
CP.P1.III.39	b.RUT.1.13
CP.P1.III.39	b.JOH.21.16
CP.P1.III.39	b.GEN.31.41
CP.P1.III.39	b.ISA.63.18
CP.P1.III.39	b.RUT.1.12
CP.P1.III.39	b.2CO.12.15
CP.P1.III.39	b.2KI.7.2
CP.P1.III.39	b.2CH.14.7
CP.P1.III.39	b.MAR.14.38
CP.P1.III.39	b.RUT.2.13
CP.P1.III.39	b.DEU.22.28
CP.P1.III.39	b.LEV.5.4
CP.P1.III.39	b.1SA.10.16
CP.P1.III.39	b.2KI.4.35
CP.P1.III.39	b.GEN.12.19
CP.P1.III.39	b.EZE.17.18
CP.P1.III.39	b.EXO.13.8
CP.P1.III.39	b.JON.4.2
CP.P1.III.39	b.JOH.3.19
CP.P1.III.39	b.LUK.1.7
CP.P1.III.39	b.DAN.4.18
CP.P1.III.39	b.DAN.2.9
CP.P1.III.39	b.JER.2.34
CP.P1.III.39	b.JOS.14.10
CP.P1.III.39	b.ISA.47.9
CP.P1.III.39	b.JOS.10.20
CP.P1.III.39	b.1JO.5.11
CP.P1.III.39	b.RUT.4.4
CP.P1.III.39	b.JOH.21.17
CP.P1.III.39	b.EZE.10.6
CP.P1.II.1	b.ACT.21.34
CP.P1.II.1	b.ACT.18.11
CP.P1.II.1	b.GEN.6.4
CP.P1.II.1	b.LEV.13.53
CP.P1.II.1	b.DEU.29.19
CP.P1.II.1	b.1CH.13.2
CP.P1.II.1	b.JUD.1.18
CP.P1.II.1	b.NUM.16.45
CP.P1.II.1	b.ISA.57.10
CP.P1.II.1	b.JER.46.21
CP.P1.II.1	b.LUK.18.4
CP.P1.II.1	b.2CH.16.10
CP.P1.II.1	b.REV.14.3
CP.P1.II.1	b.JER.11.15
CP.P1.II.1	b.GEN.29.14
CP.P1.II.1	b.JOB.6.2
CP.P1.II.1	b.MAR.15.42
CP.P1.II.1	b.MAR.1.45
CP.P1.II.1	b.MAT.10.11
CP.P1.II.1	b.JOB.15.9
CP.P1.II.1	b.JOH.9.27
CP.P1.II.1	b.NUM.11.20
CP.P1.II.1	b.EZE.34.12
CP.P1.II.1	b.LAM.1.1
CP.P1.II.1	b.DAN.10.14
CP.P1.II.1	b.ISA.41.23
CP.P1.II.1	b.LUK.8.42
CP.P1.II.1	b.LEV.5.3
CP.P1.II.1	b.ACT.10.10
CP.P1.II.1	b.LAM.1.2
CP.P1.II.1	b.DAN.12.9
CP.P1.II.1	b.2CO.12.13
CP.P1.II.1	b.JOB.12.5
CP.P1.II.1	b.1CO.9.22
CP.P1.II.1	b.1SA.17.39
CP.P1.II.1	b.1KI.16.7
CP.P1.II.1	b.JOH.7.43
CP.P1.II.1	b.LUK.8.37
CP.P1.II.1	b.DAN.11.35
CP.P1.II.1	b.NUM.16.47
CP.P1.II.1	b.NUM.31.8
CP.P1.II.1	b.2CO.12.15
CP.P1.II.1	b.JAM.4.4
CP.P1.II.1	b.DAN.12.4
CP.P1.II.1	b.MAT.11.23
CP.P1.II.1	b.LEV.5.4
CP.P1.II.1	b.LUK.2.44
CP.P1.II.1	b.NUM.11.21
CP.P1.II.1	b.2SA.18.22
CP.P1.II.1	b.2SA.3.34
CP.P1.II.1	b.EXO.33.5
CP.P1.II.1	b.JOH.5.9
CP.P1.II.1	b.1PE.1.20
CP.P1.II.1	b.JER.2.34
CP.P1.II.1	b.NUM.21.9
CP.P1.II.1	b.LUK.24.1
CP.P1.II.1	b.ISA.47.9
CP.P1.II.1	b.1PE.1.5
CP.P1.II.1	b.1TI.4.1
CP.P1.II.1	b.JER.48.38
CP.EP.II.22	b.ACT.21.34
CP.EP.II.22	b.RUT.2.23
CP.EP.II.22	b.GEN.41.3
CP.EP.II.22	b.1CH.20.5
CP.EP.II.22	b.EZE.17.7
CP.EP.II.22	b.1SA.30.9
CP.EP.II.22	b.GEN.41.17
CP.EP.II.22	b.JER.46.21
CP.EP.II.22	b.GEN.19.30
CP.EP.II.22	b.JER.35.15
CP.EP.II.22	b.DEU.8.12
CP.EP.II.22	b.JOE.3.1
CP.EP.II.22	b.2CH.16.10
CP.EP.II.22	b.2KI.4.17
CP.EP.II.22	b.JER.33.12
CP.EP.II.22	b.DAN.3.8
CP.EP.II.22	b.REV.18.17
CP.EP.II.22	b.JDG.19.9
CP.EP.II.22	b.2SA.23.10
CP.EP.II.22	b.PSA.78.34
CP.EP.II.22	b.2SA.15.2
CP.EP.II.22	b.JER.49.33
CP.EP.II.22	b.JOS.8.21
CP.EP.II.22	b.EZR.2.61
CP.EP.II.22	b.EZE.9.7
CP.EP.II.22	b.JOH.9.4
CP.EP.II.22	b.JOH.18.18
CP.EP.II.22	b.2KI.4.16
CP.EP.II.22	b.EZE.10.6
CP.EP.II.22	b.DEU.16.6
CP.EP.II.22	b.MAT.21.33
CP.EP.II.22	b.PSA.101.8
CP.EP.II.22	b.EST.1.13
CP.EP.II.22	b.ISA.17.14
CP.EP.II.22	b.ACT.12.10
CP.EP.II.22	b.EXO.9.18
CP.EP.II.22	b.MAR.12.1
CP.EP.II.22	b.JOS.10.14
CP.EP.II.22	b.ISA.17.12
CP.EP.II.22	b.NEH.7.63
CP.EP.II.22	b.ISA.5.28
CP.EP.II.22	b.JDG.9.35
CP.EP.II.22	b.2KI.7.8
CP.EP.II.22	b.NUM.16.18
CP.EP.II.22	b.1KI.20.25
CP.EP.II.22	b.2KI.6.15
CP.EP.II.22	b.GEN.17.21
CP.EP.II.22	b.ISA.20.2
CP.EP.II.22	b.JER.7.25
CP.EP.II.22	b.1CO.4.3
CP.EP.II.22	b.JER.7.13
CP.EP.II.22	b.GEN.28.11
CP.EP.II.22	b.PRO.27.14
CP.EP.II.22	b.2SA.5.17
CP.EP.II.22	b.PSA.49.17
CP.EP.II.22	b.JER.5.16
CP.EP.II.22	b.PSA.46.5
CP.EP.II.22	b.PSA.109.16
CP.EP.II.22	b.EXO.7.15
CP.EP.II.22	b.LUK.8.23
CP.EP.II.22	b.LUK.23.49
CP.P6.IV.25	b.ISA.6.5
CP.P6.IV.25	b.GEN.27.11
CP.P6.IV.25	b.ROM.7.24
CP.P6.IV.25	b.GAL.6.1
CP.P6.IV.25	b.2KI.1.12
CP.P6.IV.25	b.MAT.8.9
CP.P6.IV.25	b.EXO.16.7
CP.P6.IV.25	b.1SA.22.15
CP.P6.IV.25	b.JER.20.7
CP.P6.IV.25	b.LAM.3.1
CP.P6.IV.25	b.2KI.1.10
CP.P6.IV.25	b.ZEC.14.11
CP.P6.IV.25	b.1CO.3.3
CP.P6.IV.25	b.JOH.9.16
CP.P6.IV.25	b.2CO.11.21
CP.P6.IV.25	b.ECC.2.1
CP.P6.IV.25	b.LUK.19.22
CP.P6.IV.25	b.2TI.2.7
CP.P6.IV.25	b.ACT.10.26
CP.P6.IV.25	b.ISA.64.5
CP.P6.IV.25	b.2CO.12.11
CP.P6.IV.25	b.2CO.12.13
CP.P6.IV.25	b.ZEC.8.3
CP.P6.IV.25	b.1CO.9.22
CP.P6.IV.25	b.GAL.4.12
CP.P6.IV.25	b.MIC.4.9
CP.P6.IV.25	b.HEB.13.25
CP.P6.IV.25	b.JOB.6.26
CP.P6.IV.25	b.EXO.16.8
CP.P6.IV.25	b.PHI.1.18
CP.P6.IV.25	b.ROM.14.22
CP.P6.IV.25	b.LUK.19.7
CP.P6.IV.25	b.JOH.21.21
CP.P6.IV.25	b.JOH.6.62
CP.P6.IV.25	b.ROM.12.3
CP.P6.IV.25	b.LUK.5.8
CP.P6.IV.25	b.ROM.11.20
CP.P6.IV.25	b.1SA.18.23
CP.P6.IV.25	b.EZE.5.11
CP.P6.IV.25	b.ZEC.8.8
CP.P6.IV.25	b.JOS.10.36
CP.P3.V.102	b.ACT.26.23
CP.P3.V.102	b.ISA.44.7
CP.P3.V.102	b.JER.10.5
CP.P3.V.102	b.ROM.3.2
CP.P3.V.102	b.MAR.14.43
CP.P3.V.102	b.EZE.7.13
CP.P3.V.102	b.JDG.2.17
CP.P3.V.102	b.ROM.7.1
CP.P3.V.102	b.ACT.19.32
CP.P3.V.102	b.1CO.15.6
CP.P3.V.102	b.1CO.15.35
CP.P3.V.102	b.EXO.5.14
CP.P3.V.102	b.JOH.15.24
CP.P3.V.102	b.MAT.21.3
CP.P3.V.102	b.EXO.20.22
CP.P3.V.102	b.GEN.17.7
CP.P3.V.102	b.JOH.3.28
CP.P3.V.102	b.1CO.3.3
CP.P3.V.102	b.ISA.8.13
CP.P3.V.102	b.MAT.26.66
CP.P3.V.102	b.ISA.65.18
CP.P3.V.102	b.ROM.15.17
CP.P3.V.102	b.ACT.12.19
CP.P3.V.102	b.2CO.11.21
CP.P3.V.102	b.ISA.29.14
CP.P3.V.102	b.NEH.5.12
CP.P3.V.102	b.ROM.1.13
CP.P3.V.102	b.HEB.11.15
CP.P3.V.102	b.NUM.14.28
CP.P3.V.102	b.JER.49.33
CP.P3.V.102	b.2JO.1.6
CP.P3.V.102	b.1JO.3.12
CP.P3.V.102	b.1SA.20.38
CP.P3.V.102	b.MAT.6.2
CP.P3.V.102	b.NUM.23.2
CP.P3.V.102	b.JOH.6.65
CP.P3.V.102	b.PRO.16.29
CP.P3.V.102	b.JOB.14.2
CP.P3.V.102	b.ROM.15.18
CP.P3.V.102	b.ECC.2.21
CP.P3.V.102	b.1PE.4.17
CP.P3.V.102	b.JER.38.20
CP.P3.V.102	b.2CO.12.11
CP.P3.V.102	b.DEU.15.2
CP.P3.V.102	b.1CO.6.7
CP.P3.V.102	b.2CO.12.13
CP.P3.V.102	b.EXO.24.7
CP.P3.V.102	b.1KI.20.9
CP.P3.V.102	b.PHI.1.14
CP.P3.V.102	b.DAN.11.41
CP.P3.V.102	b.1CO.9.22
CP.P3.V.102	b.ACT.26.26
CP.P3.V.102	b.JOB.36.2
CP.P3.V.102	b.JER.14.19
CP.P3.V.102	b.1CH.9.33
CP.P3.V.102	b.NUM.16.40
CP.P3.V.102	b.EPH.2.18
CP.P3.V.102	b.NUM.5.4
CP.P3.V.102	b.EXO.10.2
CP.P3.V.102	b.NUM.24.13
CP.P3.V.102	b.ROM.14.22
CP.P3.V.102	b.JOH.15.22
CP.P3.V.102	b.GEN.27.8
CP.P3.V.102	b.ROM.6.19
CP.P3.V.102	b.JOH.9.41
CP.P3.V.102	b.JER.28.16
CP.P3.V.102	b.1CO.9.8
CP.P3.V.102	b.JOB.19.28
CP.P3.V.102	b.JOH.3.19
CP.P3.V.102	b.JER.50.40
CP.P3.V.102	b.LUK.11.19
CP.P3.V.102	b.JOB.34.33
CP.P3.V.102	b.NUM.27.23
CP.P3.V.102	b.1CO.13.2
CP.P3.V.102	b.PHI.1.24
CP.P3.V.102	b.1JO.5.11
CP.P3.V.102	b.LEV.13.32
CP.P1.II.3	b.PSA.119.157
CP.P1.II.3	b.ISA.14.16
CP.P1.II.3	b.LAM.1.7
CP.P1.II.3	b.ISA.53.2
CP.P1.II.3	b.NEH.4.16
CP.P1.II.3	b.PRO.17.7
CP.P1.II.3	b.MAR.2.2
CP.P1.II.3	b.DAN.2.31
CP.P1.II.3	b.EXO.10.15
CP.P1.II.3	b.ACT.6.15
CP.P1.II.3	b.PHI.2.24
CP.P1.II.3	b.1SA.25.17
CP.P1.II.3	b.JOB.4.16
CP.P1.II.3	b.PRO.26.12
CP.P1.II.3	b.PRO.7.10
CP.P1.II.3	b.1KI.1.2
CP.P1.II.3	b.EZE.17.9
CP.P1.II.3	b.1KI.11.28
CP.P1.II.3	b.JOS.11.11
CP.P1.II.3	b.ACT.3.10
CP.P1.II.3	b.EXO.11.5
CP.P1.II.3	b.DAN.7.8
CP.P1.II.3	b.2SA.13.18
CP.P1.II.3	b.EZE.1.5
CP.P1.II.3	b.JUD.1.19
CP.P1.II.3	b.2SA.18.27
CP.P1.II.3	b.1CO.7.5
CP.P1.II.3	b.ACT.3.12
CP.P1.II.3	b.JOS.10.32
CP.P1.II.3	b.DAN.7.20
CP.P1.II.3	b.LAM.1.1
CP.P1.II.3	b.GEN.26.7
CP.P1.II.3	b.EZE.10.10
CP.P1.II.3	b.JDG.2.22
CP.P1.II.3	b.PRO.7.7
CP.P1.II.3	b.LUK.19.41
CP.P1.II.3	b.JOB.33.21
CP.P1.II.3	b.EST.1.13
CP.P1.II.3	b.ISA.10.15
CP.P1.II.3	b.1CH.12.21
CP.P1.II.3	b.2SA.16.18
CP.P1.II.3	b.1KI.2.23
CP.P1.II.3	b.1KI.3.26
CP.P1.II.3	b.NUM.22.9
CP.P1.II.3	b.RUT.3.10
CP.P1.II.3	b.ACT.21.24
CP.P1.II.3	b.ACT.26.26
CP.P1.II.3	b.EZE.10.8
CP.P1.II.3	b.NUM.23.9
CP.P1.II.3	b.GEN.24.21
CP.P1.II.3	b.1KI.15.22
CP.P1.II.3	b.2KI.11.14
CP.P1.II.3	b.REV.9.7
CP.P1.II.3	b.AMO.9.1
CP.P1.II.3	b.1CO.15.3
CP.P1.II.3	b.PRO.18.24
CP.P1.II.3	b.SON.8.7
CP.P1.II.3	b.MAR.14.69
CP.P1.II.3	b.ISA.5.8
CP.P1.II.3	b.1KI.3.6
CP.P1.II.3	b.EXO.16.24
CP.P1.II.3	b.EXO.21.29
CP.P1.II.3	b.JOH.9.21
CP.P1.II.3	b.EZE.40.3
CP.P1.II.3	b.LAM.1.8
CP.P1.II.3	b.JOH.9.8
CP.P1.II.3	b.ECC.6.10
CP.P1.II.3	b.PSA.47.8
CP.P3.VI.62	b.REV.14.4
CP.P3.VI.62	b.NUM.30.15
CP.P3.VI.62	b.NEH.2.6
CP.P3.VI.62	b.LEV.14.48
CP.P3.VI.62	b.GEN.15.13
CP.P3.VI.62	b.1CH.17.5
CP.P3.VI.62	b.JOS.23.1
CP.P3.VI.62	b.JOS.24.20
CP.P3.VI.62	b.GAL.3.4
CP.P3.VI.62	b.ISA.44.7
CP.P3.VI.62	b.2KI.2.16
CP.P3.VI.62	b.PSA.23.5
CP.P3.VI.62	b.2CO.8.8
CP.P3.VI.62	b.MAT.8.19
CP.P3.VI.62	b.GEN.20.10
CP.P3.VI.62	b.JDG.15.16
CP.P3.VI.62	b.LEV.13.7
CP.P3.VI.62	b.2SA.7.6
CP.P3.VI.62	b.GEN.29.14
CP.P3.VI.62	b.JOS.5.12
CP.P3.VI.62	b.1CO.3.3
CP.P3.VI.62	b.ISA.47.7
CP.P3.VI.62	b.NUM.35.23
CP.P3.VI.62	b.LEV.14.43
CP.P3.VI.62	b.1CO.9.15
CP.P3.VI.62	b.NUM.11.20
CP.P3.VI.62	b.2CO.11.21
CP.P3.VI.62	b.PRO.23.35
CP.P3.VI.62	b.JOS.2.7
CP.P3.VI.62	b.GEN.30.33
CP.P3.VI.62	b.REV.3.17
CP.P3.VI.62	b.JOB.12.12
CP.P3.VI.62	b.ROM.1.13
CP.P3.VI.62	b.2TI.2.7
CP.P3.VI.62	b.1SA.9.24
CP.P3.VI.62	b.1KI.7.17
CP.P3.VI.62	b.PSA.52.1
CP.P3.VI.62	b.2CH.31.21
CP.P3.VI.62	b.JOB.24.6
CP.P3.VI.62	b.1SA.26.23
CP.P3.VI.62	b.NUM.6.19
CP.P3.VI.62	b.ACT.7.28
CP.P3.VI.62	b.MAT.1.19
CP.P3.VI.62	b.JOS.5.5
CP.P3.VI.62	b.ACT.21.3
CP.P3.VI.62	b.ACT.5.4
CP.P3.VI.62	b.2KI.18.20
CP.P3.VI.62	b.2CO.12.13
CP.P3.VI.62	b.LUK.9.57
CP.P3.VI.62	b.MAT.26.4
CP.P3.VI.62	b.EZE.1.20
CP.P3.VI.62	b.JER.41.16
CP.P3.VI.62	b.1CO.9.22
CP.P3.VI.62	b.GAL.4.12
CP.P3.VI.62	b.JER.17.16
CP.P3.VI.62	b.MIC.4.9
CP.P3.VI.62	b.2SA.12.23
CP.P3.VI.62	b.JOB.22.2
CP.P3.VI.62	b.NUM.16.50
CP.P3.VI.62	b.PSA.51.1
CP.P3.VI.62	b.1CO.10.33
CP.P3.VI.62	b.JER.2.31
CP.P3.VI.62	b.PRO.24.1
CP.P3.VI.62	b.JOB.13.3
CP.P3.VI.62	b.JOS.7.8
CP.P3.VI.62	b.LUK.12.57
CP.P3.VI.62	b.NUM.11.21
CP.P3.VI.62	b.JOB.42.7
CP.P3.VI.62	b.JOB.19.28
CP.P3.VI.62	b.2SA.14.14
CP.P3.VI.62	b.2CO.1.23
CP.P3.VI.62	b.JER.42.13
CP.P3.VI.62	b.JOS.10.20
CP.P3.VI.62	b.RUT.4.4
CP.P3.VI.62	b.2KI.15.16
CP.P4.IV.114	b.HEB.12.24
CP.P4.IV.114	b.1JO.2.7
CP.P4.IV.114	b.HEB.2.8
CP.P4.IV.114	b.2CH.34.31
CP.P4.IV.114	b.1KI.10.5
CP.P4.IV.114	b.LUK.4.17
CP.P4.IV.114	b.JOH.3.4
CP.P4.IV.114	b.2SA.19.32
CP.P4.IV.114	b.HOS.7.9
CP.P4.IV.114	b.HEB.8.8
CP.P4.IV.114	b.2CO.3.6
CP.P4.IV.114	b.JOB.14.21
CP.P4.IV.114	b.LEV.24.8
CP.P4.IV.114	b.ACT.8.32
CP.P4.IV.114	b.EZE.2.9
CP.P4.IV.114	b.1SA.2.22
CP.P4.IV.114	b.MAR.6.25
CP.P4.IV.114	b.ISA.48.6
CP.P4.IV.114	b.2KI.22.11
CP.P4.IV.114	b.2KI.7.13
CP.P4.IV.114	b.GEN.24.1
CP.P4.IV.114	b.JER.23.18
CP.P4.IV.114	b.ISA.34.16
CP.P4.IV.114	b.REV.10.2
CP.P4.IV.114	b.EZE.37.26
CP.P4.IV.114	b.REV.5.1
CP.P4.IV.114	b.JER.32.10
CP.P4.IV.114	b.GEN.25.33
CP.P4.IV.114	b.REV.21.5
CP.P4.IV.114	b.GEN.27.36
CP.P4.IV.114	b.MAT.26.28
CP.P4.IV.114	b.NUM.18.19
CP.P4.IV.114	b.JOB.42.5
CP.P4.IV.114	b.1KI.1.15
CP.P4.IV.114	b.MAL.2.5
CP.P4.IV.114	b.MAT.13.52
CP.P4.IV.114	b.LUK.22.20
CP.P4.IV.114	b.2KI.23.3
CP.P4.IV.114	b.GEN.25.31
CP.P4.IV.114	b.1CO.11.25
CP.P4.IV.114	b.1SA.4.18
CP.P4.IV.114	b.LUK.4.20
CP.P4.IV.114	b.GAL.4.24
CP.P4.IV.114	b.2KI.4.35
CP.P4.IV.114	b.NUM.22.29
CP.P4.IV.114	b.2CH.9.4
CP.P4.IV.114	b.JER.31.31
CP.P4.IV.114	b.GEN.35.29
CP.P4.IV.114	b.HEB.9.15
CP.P4.IV.114	b.GEN.20.7
CP.P4.IV.114	b.GEN.27.3
CP.P4.IV.114	b.MAR.14.24
CP.P4.IV.114	b.EZE.40.3
CP.P4.IV.114	b.1SA.10.27
CP.P4.IV.114	b.NUM.29.38
CP.P6.VIII.34	b.MAR.16.7
CP.P6.VIII.34	b.1PE.4.3
CP.P6.VIII.34	b.2SA.13.26
CP.P6.VIII.34	b.ISA.44.7
CP.P6.VIII.34	b.ECC.6.6
CP.P6.VIII.34	b.DAN.12.1
CP.P6.VIII.34	b.EZE.7.14
CP.P6.VIII.34	b.2PE.3.4
CP.P6.VIII.34	b.ISA.62.4
CP.P6.VIII.34	b.JER.50.44
CP.P6.VIII.34	b.MAT.13.56
CP.P6.VIII.34	b.PRO.23.7
CP.P6.VIII.34	b.ROM.11.18
CP.P6.VIII.34	b.EZR.6.11
CP.P6.VIII.34	b.NUM.21.33
CP.P6.VIII.34	b.2KI.3.9
CP.P6.VIII.34	b.LUK.9.33
CP.P6.VIII.34	b.JER.46.20
CP.P6.VIII.34	b.OBA.1.16
CP.P6.VIII.34	b.1CO.3.3
CP.P6.VIII.34	b.DEU.15.17
CP.P6.VIII.34	b.JDG.21.24
CP.P6.VIII.34	b.2CO.11.21
CP.P6.VIII.34	b.LUK.7.45
CP.P6.VIII.34	b.MAT.3.11
CP.P6.VIII.34	b.REV.16.18
CP.P6.VIII.34	b.ISA.51.17
CP.P6.VIII.34	b.EZE.4.11
CP.P6.VIII.34	b.2CH.2.6
CP.P6.VIII.34	b.EZE.3.11
CP.P6.VIII.34	b.JOH.6.9
CP.P6.VIII.34	b.ECC.4.10
CP.P6.VIII.34	b.ACT.5.4
CP.P6.VIII.34	b.GEN.44.5
CP.P6.VIII.34	b.EXO.4.7
CP.P6.VIII.34	b.2CO.12.13
CP.P6.VIII.34	b.DEU.2.14
CP.P6.VIII.34	b.1CO.9.22
CP.P6.VIII.34	b.JDG.19.28
CP.P6.VIII.34	b.NUM.22.37
CP.P6.VIII.34	b.2SA.12.4
CP.P6.VIII.34	b.2SA.12.23
CP.P6.VIII.34	b.MIC.4.9
CP.P6.VIII.34	b.LUK.3.16
CP.P6.VIII.34	b.1CO.11.34
CP.P6.VIII.34	b.JOB.6.26
CP.P6.VIII.34	b.ACT.13.25
CP.P6.VIII.34	b.MAT.12.29
CP.P6.VIII.34	b.EZR.5.16
CP.P6.VIII.34	b.GEN.38.21
CP.P6.VIII.34	b.1SA.2.14
CP.P6.VIII.34	b.1CO.4.8
CP.P6.VIII.34	b.ISA.14.8
CP.P6.VIII.34	b.JOH.11.11
CP.P6.VIII.34	b.MAR.9.5
CP.P6.VIII.34	b.GEN.48.15
CP.P6.VIII.34	b.JOB.9.18
CP.P6.VIII.34	b.EXO.19.13
CP.P6.VIII.34	b.JER.49.12
CP.P6.VIII.34	b.2CH.25.8
CP.P6.VIII.34	b.GEN.38.22
CP.P6.VIII.34	b.LEV.9.18
CP.EP.II.12	b.ACT.21.34
CP.EP.II.12	b.ROM.15.7
CP.EP.II.12	b.LAM.1.9
CP.EP.II.12	b.MAR.6.34
CP.EP.II.12	b.LEV.26.37
CP.EP.II.12	b.HOS.7.9
CP.EP.II.12	b.1SA.10.27
CP.EP.II.12	b.JOH.13.22
CP.EP.II.12	b.ACT.19.38
CP.EP.II.12	b.JOB.14.21
CP.EP.II.12	b.JER.46.21
CP.EP.II.12	b.EZE.4.17
CP.EP.II.12	b.LUK.14.28
CP.EP.II.12	b.JOH.12.6
CP.EP.II.12	b.2CH.16.10
CP.EP.II.12	b.2CO.11.23
CP.EP.II.12	b.MAR.14.68
CP.EP.II.12	b.TIT.3.3
CP.EP.II.12	b.PRO.13.10
CP.EP.II.12	b.DAN.7.8
CP.EP.II.12	b.ECC.8.9
CP.EP.II.12	b.2CO.3.7
CP.EP.II.12	b.ROM.1.13
CP.EP.II.12	b.ISA.13.8
CP.EP.II.12	b.JOS.8.12
CP.EP.II.12	b.JER.32.19
CP.EP.II.12	b.EZE.32.25
CP.EP.II.12	b.DAN.5.6
CP.EP.II.12	b.HAB.1.13
CP.EP.II.12	b.MAT.18.31
CP.EP.II.12	b.ACT.10.3
CP.EP.II.12	b.NUM.22.37
CP.EP.II.12	b.MAR.10.48
CP.EP.II.12	b.LUK.24.31
CP.EP.II.12	b.ROM.15.14
CP.EP.II.12	b.JOH.1.27
CP.EP.II.12	b.ROM.12.10
CP.EP.II.12	b.REV.6.4
CP.EP.II.12	b.JER.36.16
CP.EP.II.12	b.NEH.4.19
CP.EP.II.12	b.2CO.12.21
CP.EP.II.12	b.MAR.7.24
CP.EP.II.12	b.MAR.6.6
CP.EP.II.12	b.ACT.14.18
CP.EP.II.12	b.ECC.8.10
CP.EP.II.12	b.EXO.28.26
CP.EP.II.12	b.JAM.5.9
CP.EP.II.12	b.JER.3.2
CP.EP.II.12	b.EZE.43.3
CP.EP.II.12	b.RUT.3.14
CP.EP.II.12	b.GEN.48.10
CP.EP.II.12	b.1CO.4.8
CP.EP.II.12	b.ROM.16.16
CP.EP.II.12	b.HAB.3.6
CP.EP.II.12	b.ROM.1.27
CP.EP.II.12	b.MAR.15.40
CP.EP.II.12	b.SON.8.11
CP.P4.IV.177	b.NUM.22.19
CP.P4.IV.177	b.MAT.22.21
CP.P4.IV.177	b.ACT.25.24
CP.P4.IV.177	b.1SA.20.9
CP.P4.IV.177	b.JOH.1.38
CP.P4.IV.177	b.MAR.12.17
CP.P4.IV.177	b.LUK.1.18
CP.P4.IV.177	b.JOB.14.21
CP.P4.IV.177	b.NUM.13.22
CP.P4.IV.177	b.1CO.14.33
CP.P4.IV.177	b.JER.31.29
CP.P4.IV.177	b.LUK.6.20
CP.P4.IV.177	b.EZE.18.2
CP.P4.IV.177	b.GEN.42.33
CP.P4.IV.177	b.EST.4.14
CP.P4.IV.177	b.1CO.3.3
CP.P4.IV.177	b.RUT.1.16
CP.P4.IV.177	b.LUK.20.25
CP.P4.IV.177	b.EZE.14.16
CP.P4.IV.177	b.2CH.36.22
CP.P4.IV.177	b.1CO.6.9
CP.P4.IV.177	b.LUK.8.55
CP.P4.IV.177	b.PSA.56.9
CP.P4.IV.177	b.2CH.22.9
CP.P4.IV.177	b.JOH.11.1
CP.P4.IV.177	b.EST.6.1
CP.P4.IV.177	b.JER.46.5
CP.P4.IV.177	b.JOH.1.39
CP.P4.IV.177	b.MAR.10.14
CP.P4.IV.177	b.NUM.31.18
CP.P4.IV.177	b.LEV.10.1
CP.P4.IV.177	b.JOB.31.11
CP.P4.IV.177	b.MAT.19.12
CP.P4.IV.177	b.JOH.13.33
CP.P4.IV.177	b.JOE.1.3
CP.P4.IV.177	b.1SA.26.16
CP.P4.IV.177	b.2CO.11.11
CP.P4.IV.177	b.MAL.2.14
CP.P4.IV.177	b.RUT.1.13
CP.P4.IV.177	b.1SA.22.3
CP.P4.IV.177	b.EZE.43.7
CP.P4.IV.177	b.EZR.1.4
CP.P4.IV.177	b.GEN.31.30
CP.P4.IV.177	b.LUK.18.16
CP.P4.IV.177	b.MAR.8.7
CP.P4.IV.177	b.LUK.17.21
CP.P4.IV.177	b.1SA.25.33
CP.P4.IV.177	b.EZE.3.15
CP.P4.IV.177	b.1SA.1.7
CP.P4.IV.177	b.MAR.9.9
CP.P4.IV.177	b.GEN.44.26
CP.P4.IV.177	b.1PE.2.20
CP.P4.IV.177	b.EZE.14.18
CP.P4.IV.177	b.DAN.2.9
CP.P4.IV.177	b.ROM.11.20
CP.P4.IV.177	b.EZE.5.11
CP.P4.IV.177	b.JOH.11.7
CP.P2.V.55	b.JER.23.38
CP.P2.V.55	b.ACT.23.9
CP.P2.V.55	b.ISA.9.3
CP.P2.V.55	b.MAT.21.28
CP.P2.V.55	b.2SA.17.12
CP.P2.V.55	b.JER.22.17
CP.P2.V.55	b.DEU.17.7
CP.P2.V.55	b.MAL.2.15
CP.P2.V.55	b.1SA.3.19
CP.P2.V.55	b.2KI.18.24
CP.P2.V.55	b.EXO.5.14
CP.P2.V.55	b.HOS.10.1
CP.P2.V.55	b.1CH.22.19
CP.P2.V.55	b.2TI.2.19
CP.P2.V.55	b.1TH.4.10
CP.P2.V.55	b.1CO.3.3
CP.P2.V.55	b.LUK.16.9
CP.P2.V.55	b.2CH.12.14
CP.P2.V.55	b.2SA.2.27
CP.P2.V.55	b.ROM.11.7
CP.P2.V.55	b.PSA.32.6
CP.P2.V.55	b.1JO.1.8
CP.P2.V.55	b.ROM.1.13
CP.P2.V.55	b.LUK.1.4
CP.P2.V.55	b.LUK.11.8
CP.P2.V.55	b.ECC.7.25
CP.P2.V.55	b.1CH.16.30
CP.P2.V.55	b.1CO.9.10
CP.P2.V.55	b.GEN.31.8
CP.P2.V.55	b.MAR.12.31
CP.P2.V.55	b.EXO.1.12
CP.P2.V.55	b.2CH.30.19
CP.P2.V.55	b.ECC.2.21
CP.P2.V.55	b.ACT.5.4
CP.P2.V.55	b.MIC.7.3
CP.P2.V.55	b.2CO.11.29
CP.P2.V.55	b.2SA.13.30
CP.P2.V.55	b.ISA.8.20
CP.P2.V.55	b.2CO.12.13
CP.P2.V.55	b.EZE.14.9
CP.P2.V.55	b.ACT.9.21
CP.P2.V.55	b.1CO.9.22
CP.P2.V.55	b.JOB.22.2
CP.P2.V.55	b.DEU.13.9
CP.P2.V.55	b.JAM.2.14
CP.P2.V.55	b.ROM.7.7
CP.P2.V.55	b.PRO.1.11
CP.P2.V.55	b.2CH.19.3
CP.P2.V.55	b.RUT.4.8
CP.P2.V.55	b.PRO.26.25
CP.P2.V.55	b.ROM.3.19
CP.P2.V.55	b.MAR.13.34
CP.P2.V.55	b.EZR.7.10
CP.P2.V.55	b.ROM.11.6
CP.P2.V.55	b.DAN.6.24
CP.P2.V.55	b.ECC.4.4
CP.P2.V.55	b.JOH.8.46
CP.P2.V.55	b.1CO.4.8
CP.P2.V.55	b.2CO.2.5
CP.P2.V.55	b.GEN.47.9
CP.P2.V.55	b.GEN.29.2
CP.P2.V.55	b.NUM.21.35
CP.P2.V.55	b.2KI.10.14
CP.P2.V.55	b.PSA.42.10
CP.P2.V.55	b.1JO.1.6
CP.P2.V.55	b.PSA.24.2
CP.P2.V.55	b.HEB.10.25
CP.P2.V.55	b.1CO.14.10
CP.P2.V.55	b.GAL.5.13
CP.P1.V.5	b.ISA.6.8
CP.P1.V.5	b.NEH.2.6
CP.P1.V.5	b.1KI.11.39
CP.P1.V.5	b.2CO.13.2
CP.P1.V.5	b.DAN.9.22
CP.P1.V.5	b.GEN.47.18
CP.P1.V.5	b.GEN.33.12
CP.P1.V.5	b.GEN.30.26
CP.P1.V.5	b.2CO.11.16
CP.P1.V.5	b.2KI.10.25
CP.P1.V.5	b.LUK.7.7
CP.P1.V.5	b.LEV.19.6
CP.P1.V.5	b.LUK.10.35
CP.P1.V.5	b.NUM.17.8
CP.P1.V.5	b.JOS.5.12
CP.P1.V.5	b.EXO.7.25
CP.P1.V.5	b.NEH.8.13
CP.P1.V.5	b.ACT.14.20
CP.P1.V.5	b.RUT.1.16
CP.P1.V.5	b.ACT.10.23
CP.P1.V.5	b.LEV.7.16
CP.P1.V.5	b.2KI.4.18
CP.P1.V.5	b.EXO.10.4
CP.P1.V.5	b.RUT.4.4
CP.P1.V.5	b.JOS.10.32
CP.P1.V.5	b.1KI.3.18
CP.P1.V.5	b.MAR.11.12
CP.P1.V.5	b.JER.48.12
CP.P1.V.5	b.2KI.20.8
CP.P1.V.5	b.NUM.16.41
CP.P1.V.5	b.ISA.7.1
CP.P1.V.5	b.1SA.10.8
CP.P1.V.5	b.NUM.32.27
CP.P1.V.5	b.GEN.24.56
CP.P1.V.5	b.JOB.32.11
CP.P1.V.5	b.DAN.8.19
CP.P1.V.5	b.ISA.46.10
CP.P1.V.5	b.ISA.48.7
CP.P1.V.5	b.JOB.40.5
CP.P1.V.5	b.JER.30.8
CP.P1.V.5	b.NUM.10.9
CP.P1.V.5	b.JOS.6.12
CP.P1.V.5	b.1CO.4.19
CP.P1.V.5	b.EZE.24.14
CP.P1.V.5	b.LUK.2.3
CP.P1.V.5	b.JOS.6.14
CP.P1.V.5	b.JDG.20.30
CP.P1.V.5	b.1SA.30.1
CP.P1.V.5	b.REV.10.9
CP.P1.V.5	b.JOS.5.11
CP.P1.V.5	b.NUM.23.3
CP.P1.V.5	b.2CO.12.6
CP.P1.V.5	b.2SA.15.20
CP.P1.V.5	b.MAT.27.62
CP.P1.V.5	b.EXO.4.18
CP.P1.V.5	b.1KI.18.12
CP.P1.V.5	b.GEN.30.25
CP.P1.V.5	b.NUM.22.41
CP.P1.V.5	b.LEV.23.11
CP.P1.V.5	b.JOH.9.21
CP.P1.V.5	b.NUM.33.3
CP.P1.V.5	b.NAH.3.10
CP.P4.IV.157	b.MAT.28.6
CP.P4.IV.157	b.DEU.31.14
CP.P4.IV.157	b.JOH.21.23
CP.P4.IV.157	b.JOH.1.38
CP.P4.IV.157	b.MAT.9.12
CP.P4.IV.157	b.MAT.4.10
CP.P4.IV.157	b.ISA.14.19
CP.P4.IV.157	b.MAT.18.22
CP.P4.IV.157	b.MAT.8.20
CP.P4.IV.157	b.MAT.26.64
CP.P4.IV.157	b.1KI.19.9
CP.P4.IV.157	b.JOH.11.39
CP.P4.IV.157	b.MAT.9.4
CP.P4.IV.157	b.JOH.11.41
CP.P4.IV.157	b.MAT.21.16
CP.P4.IV.157	b.MAT.21.31
CP.P4.IV.157	b.MAT.21.21
CP.P4.IV.157	b.MAT.24.2
CP.P4.IV.157	b.JOS.7.25
CP.P4.IV.157	b.JOS.10.18
CP.P4.IV.157	b.LUK.7.6
CP.P4.IV.157	b.1SA.24.3
CP.P4.IV.157	b.JOS.13.1
CP.P4.IV.157	b.MAT.8.7
CP.P4.IV.157	b.ZEC.3.9
CP.P4.IV.157	b.JOB.41.30
CP.P4.IV.157	b.PSA.142.1
CP.P4.IV.157	b.RUT.3.8
CP.P4.IV.157	b.JOH.5.17
CP.P4.IV.157	b.MAT.19.18
CP.P4.IV.157	b.MAT.26.52
CP.P4.IV.157	b.JDG.11.40
CP.P4.IV.157	b.MAT.9.22
CP.P4.IV.157	b.MAT.20.34
CP.P4.IV.157	b.EZE.45.19
CP.P4.IV.157	b.LUK.23.34
CP.P4.IV.157	b.MAT.9.28
CP.P4.IV.157	b.ZEC.3.3
CP.P4.IV.157	b.MAT.26.50
CP.P4.IV.157	b.MAT.8.4
CP.P4.IV.157	b.LUK.10.41
CP.P4.IV.157	b.MAT.27.11
CP.P4.IV.157	b.HOS.14.2
CP.P4.IV.157	b.JOH.11.38
CP.P4.IV.157	b.MAT.17.20
CP.P4.IV.157	b.2KI.6.17
CP.P4.IV.157	b.JOH.20.11
CP.P4.IV.157	b.JOH.11.44
CP.P4.IV.157	b.MAT.27.50
CP.P4.IV.157	b.1JO.5.19
CP.P4.IV.157	b.JOH.11.17
CP.P4.IV.157	b.MAT.26.25
CP.P4.IV.157	b.JOH.5.8
CP.P4.IV.157	b.EZE.16.27
CP.P3.IV.115	b.NUM.14.3
CP.P3.IV.115	b.ISA.16.10
CP.P3.IV.115	b.JOB.3.7
CP.P3.IV.115	b.JER.2.25
CP.P3.IV.115	b.LAM.5.14
CP.P3.IV.115	b.LEV.26.41
CP.P3.IV.115	b.EZE.3.14
CP.P3.IV.115	b.ZEP.2.15
CP.P3.IV.115	b.2KI.4.23
CP.P3.IV.115	b.ECC.10.11
CP.P3.IV.115	b.JOH.16.10
CP.P3.IV.115	b.ZEC.14.19
CP.P3.IV.115	b.GEN.2.18
CP.P3.IV.115	b.REV.15.3
CP.P3.IV.115	b.JAM.5.13
CP.P3.IV.115	b.ROM.15.9
CP.P3.IV.115	b.LUK.16.24
CP.P3.IV.115	b.ECC.2.1
CP.P3.IV.115	b.AMO.6.2
CP.P3.IV.115	b.1SA.17.45
CP.P3.IV.115	b.LUK.16.25
CP.P3.IV.115	b.ISA.38.14
CP.P3.IV.115	b.ACT.22.5
CP.P3.IV.115	b.JER.31.15
CP.P3.IV.115	b.1KI.19.4
CP.P3.IV.115	b.JOH.16.17
CP.P3.IV.115	b.2CH.35.21
CP.P3.IV.115	b.2KI.5.12
CP.P3.IV.115	b.1SA.1.8
CP.P3.IV.115	b.REV.18.22
CP.P3.IV.115	b.2CO.11.11
CP.P3.IV.115	b.ISA.17.12
CP.P3.IV.115	b.MIC.4.9
CP.P3.IV.115	b.1CO.14.15
CP.P3.IV.115	b.NEH.2.4
CP.P3.IV.115	b.REV.5.9
CP.P3.IV.115	b.NEH.2.2
CP.P3.IV.115	b.PSA.87.7
CP.P3.IV.115	b.JOB.6.26
CP.P3.IV.115	b.JOH.16.16
CP.P3.IV.115	b.ACT.11.12
CP.P3.IV.115	b.PSA.92.1
CP.P3.IV.115	b.JOH.11.43
CP.P3.IV.115	b.1SA.21.11
CP.P3.IV.115	b.PSA.98.4
CP.P3.IV.115	b.JOH.13.36
CP.P3.IV.115	b.ACT.20.22
CP.P3.IV.115	b.ROM.15.25
CP.P3.IV.115	b.1SA.29.6
CP.P3.IV.115	b.1CO.11.17
CP.P3.IV.115	b.JOH.11.11
CP.P3.IV.115	b.DEU.30.12
CP.P3.IV.115	b.JOB.23.8
CP.P3.IV.115	b.ROM.11.11
CP.P3.IV.115	b.JOH.14.4
CP.P3.IV.115	b.1CO.4.18
CP.P3.IV.115	b.JOH.8.22
CP.P3.IV.115	b.GEN.28.20
CP.P3.IV.115	b.DEU.30.13
CP.P3.IV.115	b.GEN.45.14
CP.EP.II.33	b.LUK.11.44
CP.EP.II.33	b.2KI.8.2
CP.EP.II.33	b.PSA.103.14
CP.EP.II.33	b.JOH.2.9
CP.EP.II.33	b.HOS.7.9
CP.EP.II.33	b.LEV.24.18
CP.EP.II.33	b.EST.3.14
CP.EP.II.33	b.JOB.14.21
CP.EP.II.33	b.ECC.9.11
CP.EP.II.33	b.JOH.19.35
CP.EP.II.33	b.LEV.13.50
CP.EP.II.33	b.ISA.57.10
CP.EP.II.33	b.2CO.5.16
CP.EP.II.33	b.GEN.19.35
CP.EP.II.33	b.LEV.8.11
CP.EP.II.33	b.EZE.45.25
CP.EP.II.33	b.LEV.13.54
CP.EP.II.33	b.DEU.31.10
CP.EP.II.33	b.JOB.11.11
CP.EP.II.33	b.JER.15.9
CP.EP.II.33	b.ROM.11.2
CP.EP.II.33	b.PRO.9.18
CP.EP.II.33	b.ECC.8.7
CP.EP.II.33	b.PSA.44.21
CP.EP.II.33	b.LEV.15.24
CP.EP.II.33	b.DAN.7.8
CP.EP.II.33	b.ACT.23.27
CP.EP.II.33	b.JOB.2.13
CP.EP.II.33	b.LEV.13.21
CP.EP.II.33	b.LEV.13.33
CP.EP.II.33	b.GEN.41.5
CP.EP.II.33	b.LEV.13.26
CP.EP.II.33	b.EST.2.9
CP.EP.II.33	b.EXO.29.37
CP.EP.II.33	b.JOH.13.11
CP.EP.II.33	b.LEV.22.27
CP.EP.II.33	b.EST.8.13
CP.EP.II.33	b.LEV.5.3
CP.EP.II.33	b.MAR.4.27
CP.EP.II.33	b.GEN.29.20
CP.EP.II.33	b.EZE.44.26
CP.EP.II.33	b.GEN.42.23
CP.EP.II.33	b.LEV.15.28
CP.EP.II.33	b.JOH.7.15
CP.EP.II.33	b.LEV.23.15
CP.EP.II.33	b.LEV.14.38
CP.EP.II.33	b.LEV.5.2
CP.EP.II.33	b.HEB.9.26
CP.EP.II.33	b.LUK.17.4
CP.EP.II.33	b.1CH.9.25
CP.EP.II.33	b.LEV.24.21
CP.EP.II.33	b.LEV.13.4
CP.EP.II.33	b.JOB.12.3
CP.EP.II.33	b.JDG.14.17
CP.EP.II.33	b.ACT.23.21
CP.EP.II.33	b.JOS.22.22
CP.EP.II.33	b.LEV.5.4
CP.EP.II.33	b.1SA.1.18
CP.EP.II.33	b.JER.28.1
CP.EP.II.33	b.JER.30.7
CP.EP.II.33	b.DEU.16.3
CP.EP.II.33	b.GEN.19.33
CP.EP.II.33	b.JOS.8.14
CP.EP.II.33	b.ROM.11.20
CP.EP.II.33	b.JOB.23.10
CP.EP.II.33	b.LEV.13.31
CP.EP.II.33	b.JER.23.27
CP.P5.IV.140	b.LUK.7.38
CP.P5.IV.140	b.MAR.3.5
CP.P5.IV.140	b.LAM.1.7
CP.P5.IV.140	b.JDG.5.27
CP.P5.IV.140	b.2KI.14.8
CP.P5.IV.140	b.RUT.2.10
CP.P5.IV.140	b.EST.9.17
CP.P5.IV.140	b.EZE.43.16
CP.P5.IV.140	b.JER.38.14
CP.P5.IV.140	b.NEH.9.36
CP.P5.IV.140	b.2KI.4.37
CP.P5.IV.140	b.EZE.5.11
CP.P5.IV.140	b.EZE.28.18
CP.P5.IV.140	b.1SA.28.13
CP.P5.IV.140	b.EZE.1.17
CP.P5.IV.140	b.1KI.8.34
CP.P5.IV.140	b.MAT.22.4
CP.P5.IV.140	b.ISA.13.8
CP.P5.IV.140	b.MAR.13.27
CP.P5.IV.140	b.MAR.12.5
CP.P5.IV.140	b.MAT.17.21
CP.P5.IV.140	b.NUM.11.12
CP.P5.IV.140	b.LUK.19.41
CP.P5.IV.140	b.EZE.28.9
CP.P5.IV.140	b.DEU.26.10
CP.P5.IV.140	b.MAT.21.36
CP.P5.IV.140	b.MAR.12.4
CP.P5.IV.140	b.2KI.4.7
CP.P5.IV.140	b.1KI.3.26
CP.P5.IV.140	b.1KI.8.40
CP.P5.IV.140	b.1CH.19.6
CP.P5.IV.140	b.LUK.13.16
CP.P5.IV.140	b.1KI.20.22
CP.P5.IV.140	b.2CH.6.25
CP.P5.IV.140	b.1SA.12.11
CP.P5.IV.140	b.EZE.10.11
CP.P5.IV.140	b.PRO.7.13
CP.P5.IV.140	b.GEN.24.21
CP.P5.IV.140	b.NUM.23.9
CP.P5.IV.140	b.LUK.13.13
CP.P5.IV.140	b.GEN.39.23
CP.P5.IV.140	b.EZE.22.4
CP.P5.IV.140	b.GEN.39.12
CP.P5.IV.140	b.NEH.9.35
CP.P5.IV.140	b.RUT.1.12
CP.P5.IV.140	b.1CO.14.15
CP.P5.IV.140	b.EZE.43.17
CP.P5.IV.140	b.JER.36.14
CP.P5.IV.140	b.2SA.14.11
CP.P5.IV.140	b.1SA.1.18
CP.P5.IV.140	b.GEN.21.16
CP.P5.IV.140	b.1SA.25.41
CP.P5.IV.140	b.GEN.13.15
CP.P5.IV.140	b.JER.3.2
CP.P5.IV.140	b.EXO.21.31
CP.P5.IV.140	b.EZE.42.20
CP.P5.IV.140	b.ACT.7.60
CP.P5.IV.140	b.GEN.49.4
CP.P5.IV.140	b.DEU.25.11
CP.P5.IV.140	b.MAT.21.1
CP.P5.IV.140	b.1SA.10.19
CP.P5.IV.140	b.EZE.23.30
CP.P5.IV.140	b.GEN.27.45
CP.P5.IV.140	b.DEU.26.15
CP.P5.IV.140	b.2SA.14.5
CP.P5.IV.140	b.JER.50.15
CP.P5.IV.140	b.ROM.11.20
CP.P5.IV.140	b.LAM.1.8
CP.P5.IV.140	b.2CH.6.31
CP.P5.IV.140	b.JOB.6.3
CP.P6.VI.26	b.ZEC.11.17
CP.P6.VI.26	b.MAR.3.5
CP.P6.VI.26	b.ECC.4.11
CP.P6.VI.26	b.2CO.7.5
CP.P6.VI.26	b.LUK.6.4
CP.P6.VI.26	b.MAT.25.30
CP.P6.VI.26	b.JOB.23.7
CP.P6.VI.26	b.JOS.9.15
CP.P6.VI.26	b.DEU.25.5
CP.P6.VI.26	b.1SA.20.9
CP.P6.VI.26	b.ROM.3.2
CP.P6.VI.26	b.2KI.7.19
CP.P6.VI.26	b.PRO.17.7
CP.P6.VI.26	b.JOB.4.16
CP.P6.VI.26	b.PRO.26.12
CP.P6.VI.26	b.MAT.13.21
CP.P6.VI.26	b.ACT.23.6
CP.P6.VI.26	b.NEH.12.31
CP.P6.VI.26	b.MAT.22.35
CP.P6.VI.26	b.1SA.3.2
CP.P6.VI.26	b.1CO.16.12
CP.P6.VI.26	b.ROM.15.17
CP.P6.VI.26	b.LEV.1.2
CP.P6.VI.26	b.EZE.1.27
CP.P6.VI.26	b.EZE.1.5
CP.P6.VI.26	b.1SA.19.16
CP.P6.VI.26	b.DEU.4.32
CP.P6.VI.26	b.2CO.11.21
CP.P6.VI.26	b.PSA.38.14
CP.P6.VI.26	b.JOB.1.8
CP.P6.VI.26	b.OBA.1.11
CP.P6.VI.26	b.DAN.10.16
CP.P6.VI.26	b.2CH.20.20
CP.P6.VI.26	b.1KI.6.16
CP.P6.VI.26	b.1KI.19.4
CP.P6.VI.26	b.EZE.10.9
CP.P6.VI.26	b.LEV.22.2
CP.P6.VI.26	b.2KI.3.24
CP.P6.VI.26	b.LEV.22.13
CP.P6.VI.26	b.ROM.7.21
CP.P6.VI.26	b.LUK.18.13
CP.P6.VI.26	b.LUK.2.49
CP.P6.VI.26	b.LEV.22.7
CP.P6.VI.26	b.JOB.2.3
CP.P6.VI.26	b.DAN.7.4
CP.P6.VI.26	b.JER.38.13
CP.P6.VI.26	b.2SA.18.25
CP.P6.VI.26	b.JAM.4.2
CP.P6.VI.26	b.ACT.13.44
CP.P6.VI.26	b.NAH.2.7
CP.P6.VI.26	b.2KI.7.2
CP.P6.VI.26	b.PSA.49.7
CP.P6.VI.26	b.MAT.27.48
CP.P6.VI.26	b.1KI.2.19
CP.P6.VI.26	b.MAR.4.17
CP.P6.VI.26	b.REV.22.19
CP.P6.VI.26	b.LEV.6.2
CP.P6.VI.26	b.MAT.12.4
CP.P6.VI.26	b.MAR.14.69
CP.P6.VI.26	b.ROM.14.22
CP.P6.VI.26	b.GEN.28.11
CP.P6.VI.26	b.ACT.9.18
CP.P6.VI.26	b.JOH.9.41
CP.P6.VI.26	b.EZE.41.21
CP.P6.VI.26	b.EZE.1.26
CP.P6.VI.26	b.1KI.19.21
CP.P6.VI.26	b.SON.2.9
CP.P6.VI.26	b.EZE.40.3
CP.P6.VI.26	b.MAR.2.26
CP.P6.VI.26	b.LUK.15.8
CP.P6.VI.26	b.PHI.1.6
CP.P6.VI.26	b.PSA.63.4
CP.P5.I.79	b.ACT.23.15
CP.P5.I.79	b.ISA.56.12
CP.P5.I.79	b.MAL.1.13
CP.P5.I.79	b.LEV.22.30
CP.P5.I.79	b.DEU.2.28
CP.P5.I.79	b.1JO.3.15
CP.P5.I.79	b.1JO.2.19
CP.P5.I.79	b.PRO.27.1
CP.P5.I.79	b.AMO.2.11
CP.P5.I.79	b.JOH.13.26
CP.P5.I.79	b.GEN.18.5
CP.P5.I.79	b.EXO.10.5
CP.P5.I.79	b.NEH.13.18
CP.P5.I.79	b.JOH.7.28
CP.P5.I.79	b.EXO.31.13
CP.P5.I.79	b.JOH.4.22
CP.P5.I.79	b.PRO.6.26
CP.P5.I.79	b.JOH.8.14
CP.P5.I.79	b.JOB.15.9
CP.P5.I.79	b.REV.3.17
CP.P5.I.79	b.JOB.15.23
CP.P5.I.79	b.GEN.30.33
CP.P5.I.79	b.ROM.1.13
CP.P5.I.79	b.2TI.2.7
CP.P5.I.79	b.MAT.17.17
CP.P5.I.79	b.2KI.4.31
CP.P5.I.79	b.2PE.1.20
CP.P5.I.79	b.GEN.39.3
CP.P5.I.79	b.JER.50.31
CP.P5.I.79	b.JOB.12.2
CP.P5.I.79	b.REV.13.17
CP.P5.I.79	b.2TI.1.12
CP.P5.I.79	b.LUK.11.6
CP.P5.I.79	b.2CO.12.14
CP.P5.I.79	b.JOH.8.19
CP.P5.I.79	b.EZE.38.14
CP.P5.I.79	b.DEU.30.19
CP.P5.I.79	b.JOS.23.14
CP.P5.I.79	b.EPH.6.21
CP.P5.I.79	b.JOH.14.17
CP.P5.I.79	b.ACT.26.26
CP.P5.I.79	b.MIC.4.9
CP.P5.I.79	b.MAT.12.7
CP.P5.I.79	b.EZE.13.19
CP.P5.I.79	b.PRO.28.21
CP.P5.I.79	b.EPH.3.1
CP.P5.I.79	b.EZR.6.8
CP.P5.I.79	b.GEN.32.20
CP.P5.I.79	b.JER.11.19
CP.P5.I.79	b.LUK.24.26
CP.P5.I.79	b.1SA.12.3
CP.P5.I.79	b.1JO.3.8
CP.P5.I.79	b.JOH.14.7
CP.P5.I.79	b.JDG.4.18
CP.P5.I.79	b.GEN.12.19
CP.P5.I.79	b.NUM.11.18
CP.P5.I.79	b.JDG.19.5
CP.P5.I.79	b.GEN.20.6
CP.P5.I.79	b.EZE.20.5
CP.P5.I.79	b.JOH.14.4
CP.P5.I.79	b.MAT.5.47
CP.P5.I.79	b.RUT.4.4
CP.P5.I.79	b.EZE.38.2
CP.P5.I.6	b.1KI.10.5
CP.P5.I.6	b.DEU.29.19
CP.P5.I.6	b.DEU.12.2
CP.P5.I.6	b.2CO.8.8
CP.P5.I.6	b.PSA.23.5
CP.P5.I.6	b.PRO.17.7
CP.P5.I.6	b.GEN.20.10
CP.P5.I.6	b.JOH.12.6
CP.P5.I.6	b.1CH.6.32
CP.P5.I.6	b.GAL.1.5
CP.P5.I.6	b.JER.28.14
CP.P5.I.6	b.ACT.13.2
CP.P5.I.6	b.2CH.33.16
CP.P5.I.6	b.2CO.11.21
CP.P5.I.6	b.JOB.12.12
CP.P5.I.6	b.1KI.7.17
CP.P5.I.6	b.EZE.44.11
CP.P5.I.6	b.OBA.1.11
CP.P5.I.6	b.PRO.31.25
CP.P5.I.6	b.LAM.1.1
CP.P5.I.6	b.JOB.22.18
CP.P5.I.6	b.EZE.27.22
CP.P5.I.6	b.ACT.21.3
CP.P5.I.6	b.2CO.12.11
CP.P5.I.6	b.1PE.5.11
CP.P5.I.6	b.JDG.1.30
CP.P5.I.6	b.EZE.44.19
CP.P5.I.6	b.1CO.9.22
CP.P5.I.6	b.ROM.8.18
CP.P5.I.6	b.LUK.12.7
CP.P5.I.6	b.PRO.3.35
CP.P5.I.6	b.PRO.14.24
CP.P5.I.6	b.NUM.26.43
CP.P5.I.6	b.REV.9.7
CP.P5.I.6	b.PSA.102.18
CP.P5.I.6	b.NEH.9.35
CP.P5.I.6	b.2CO.12.15
CP.P5.I.6	b.JOB.12.3
CP.P5.I.6	b.2TI.4.14
CP.P5.I.6	b.PRO.24.34
CP.P5.I.6	b.EZE.44.12
CP.P5.I.6	b.HEB.3.3
CP.P5.I.6	b.PRO.31.29
CP.P5.I.6	b.JER.2.34
CP.P5.I.6	b.NUM.20.19
CP.P5.I.6	b.1CH.16.37
CP.P5.I.6	b.1CO.3.18
CP.P5.I.6	b.MAT.15.11
CP.P5.I.6	b.ISA.47.9
CP.P5.I.6	b.2KI.17.33
CP.P5.I.6	b.NUM.3.6
CP.P5.I.6	b.MAT.28.17
CP.P2.II.48	b.EXO.15.25
CP.P2.II.48	b.LAM.1.7
CP.P2.II.48	b.HEB.2.8
CP.P2.II.48	b.1KI.10.5
CP.P2.II.48	b.LAM.1.9
CP.P2.II.48	b.NEH.6.4
CP.P2.II.48	b.MAL.1.13
CP.P2.II.48	b.JOS.6.15
CP.P2.II.48	b.HEB.10.33
CP.P2.II.48	b.EZE.42.12
CP.P2.II.48	b.PHI.1.30
CP.P2.II.48	b.1KI.14.4
CP.P2.II.48	b.ACT.1.11
CP.P2.II.48	b.ISA.57.10
CP.P2.II.48	b.ACT.6.15
CP.P2.II.48	b.PRO.7.22
CP.P2.II.48	b.PRO.13.10
CP.P2.II.48	b.HEB.6.11
CP.P2.II.48	b.GEN.19.14
CP.P2.II.48	b.JDG.20.32
CP.P2.II.48	b.EZE.1.27
CP.P2.II.48	b.JOS.8.5
CP.P2.II.48	b.ACT.3.12
CP.P2.II.48	b.LAM.1.1
CP.P2.II.48	b.DAN.7.19
CP.P2.II.48	b.2KI.23.6
CP.P2.II.48	b.LUK.19.41
CP.P2.II.48	b.ISA.25.2
CP.P2.II.48	b.EST.1.13
CP.P2.II.48	b.JOS.20.6
CP.P2.II.48	b.PSA.45.10
CP.P2.II.48	b.ISA.10.15
CP.P2.II.48	b.ZEC.14.15
CP.P2.II.48	b.ISA.36.17
CP.P2.II.48	b.EZE.41.25
CP.P2.II.48	b.LUK.23.35
CP.P2.II.48	b.1SA.25.15
CP.P2.II.48	b.2CO.12.13
CP.P2.II.48	b.EZE.26.12
CP.P2.II.48	b.MAR.9.25
CP.P2.II.48	b.JDG.16.20
CP.P2.II.48	b.1KI.15.3
CP.P2.II.48	b.GAL.5.21
CP.P2.II.48	b.GEN.4.5
CP.P2.II.48	b.NUM.23.9
CP.P2.II.48	b.ISA.5.28
CP.P2.II.48	b.DAN.7.4
CP.P2.II.48	b.1SA.24.5
CP.P2.II.48	b.EXO.7.23
CP.P2.II.48	b.SON.5.12
CP.P2.II.48	b.NUM.28.8
CP.P2.II.48	b.LUK.23.49
CP.P2.II.48	b.LEV.26.45
CP.P2.II.48	b.ZEC.5.8
CP.P2.II.48	b.EXO.10.19
CP.P2.II.48	b.JOS.8.6
CP.P2.II.48	b.JOB.20.6
CP.P2.II.48	b.1SA.1.7
CP.P2.II.48	b.MAR.11.27
CP.P2.II.48	b.GEN.28.11
CP.P2.II.48	b.REV.21.16
CP.P2.II.48	b.2CH.9.4
CP.P2.II.48	b.JER.28.16
CP.P2.II.48	b.1TH.4.6
CP.P2.II.48	b.1KI.22.43
CP.P2.II.48	b.EZE.40.3
CP.P2.II.48	b.LAM.1.8
CP.P2.II.48	b.HAG.2.3
CP.P2.II.48	b.JER.50.4
CP.P6.II.7	b.EZE.46.17
CP.P6.II.7	b.PSA.140.10
CP.P6.II.7	b.ACT.19.15
CP.P6.II.7	b.DEU.23.22
CP.P6.II.7	b.ROM.16.2
CP.P6.II.7	b.ISA.44.7
CP.P6.II.7	b.JOB.9.29
CP.P6.II.7	b.2KI.7.19
CP.P6.II.7	b.1SA.25.8
CP.P6.II.7	b.LUK.7.44
CP.P6.II.7	b.JER.7.17
CP.P6.II.7	b.GEN.28.16
CP.P6.II.7	b.2CO.9.4
CP.P6.II.7	b.1TH.4.10
CP.P6.II.7	b.1CO.3.3
CP.P6.II.7	b.1SA.20.15
CP.P6.II.7	b.ISA.47.7
CP.P6.II.7	b.JOH.8.14
CP.P6.II.7	b.JOB.13.2
CP.P6.II.7	b.ACT.10.35
CP.P6.II.7	b.JOH.4.22
CP.P6.II.7	b.2CO.11.21
CP.P6.II.7	b.REV.3.17
CP.P6.II.7	b.2SA.16.19
CP.P6.II.7	b.JER.29.9
CP.P6.II.7	b.JOB.34.32
CP.P6.II.7	b.GEN.34.8
CP.P6.II.7	b.ROM.1.13
CP.P6.II.7	b.2TI.2.7
CP.P6.II.7	b.EXO.21.4
CP.P6.II.7	b.GAL.4.15
CP.P6.II.7	b.MAT.24.2
CP.P6.II.7	b.MAR.8.23
CP.P6.II.7	b.JER.3.6
CP.P6.II.7	b.JER.33.24
CP.P6.II.7	b.1CO.9.10
CP.P6.II.7	b.JER.23.32
CP.P6.II.7	b.JER.27.15
CP.P6.II.7	b.2CO.12.11
CP.P6.II.7	b.JDG.13.16
CP.P6.II.7	b.JER.28.15
CP.P6.II.7	b.1CO.6.7
CP.P6.II.7	b.2CO.12.13
CP.P6.II.7	b.JOB.32.11
CP.P6.II.7	b.PRO.4.23
CP.P6.II.7	b.JOH.14.17
CP.P6.II.7	b.2CO.7.4
CP.P6.II.7	b.2PE.1.12
CP.P6.II.7	b.ACT.26.26
CP.P6.II.7	b.GAL.4.12
CP.P6.II.7	b.NUM.22.37
CP.P6.II.7	b.2CO.13.5
CP.P6.II.7	b.JOB.36.2
CP.P6.II.7	b.2CH.9.6
CP.P6.II.7	b.JOE.2.2
CP.P6.II.7	b.ECC.2.15
CP.P6.II.7	b.NUM.23.20
CP.P6.II.7	b.2KI.7.2
CP.P6.II.7	b.LUK.12.49
CP.P6.II.7	b.JER.11.19
CP.P6.II.7	b.PRO.22.29
CP.P6.II.7	b.JER.23.21
CP.P6.II.7	b.2KI.1.17
CP.P6.II.7	b.2PE.2.9
CP.P6.II.7	b.LEV.5.5
CP.P6.II.7	b.JOH.8.55
CP.P6.II.7	b.JER.14.15
CP.P6.II.7	b.RUT.4.4
CP.P6.II.7	b.JER.29.31
CP.P6.II.7	b.JOH.12.19
CP.P6.II.7	b.EZE.33.21
CP.P1.II.23	b.ROM.8.8
CP.P1.II.23	b.GEN.25.34
CP.P1.II.23	b.MAT.27.46
CP.P1.II.23	b.ROM.13.3
CP.P1.II.23	b.ACT.11.26
CP.P1.II.23	b.JER.10.5
CP.P1.II.23	b.LEV.19.28
CP.P1.II.23	b.ISA.57.10
CP.P1.II.23	b.1SA.30.16
CP.P1.II.23	b.LEV.25.30
CP.P1.II.23	b.ACT.10.30
CP.P1.II.23	b.EXO.5.14
CP.P1.II.23	b.ECC.3.13
CP.P1.II.23	b.LUK.24.39
CP.P1.II.23	b.JER.38.25
CP.P1.II.23	b.EST.4.14
CP.P1.II.23	b.JOH.5.3
CP.P1.II.23	b.RUT.1.16
CP.P1.II.23	b.1CO.9.15
CP.P1.II.23	b.ACT.9.9
CP.P1.II.23	b.EZE.1.27
CP.P1.II.23	b.2CO.3.7
CP.P1.II.23	b.2CO.11.21
CP.P1.II.23	b.GEN.30.33
CP.P1.II.23	b.LUK.7.34
CP.P1.II.23	b.2KI.3.14
CP.P1.II.23	b.EZE.3.7
CP.P1.II.23	b.GEN.45.19
CP.P1.II.23	b.JOB.2.13
CP.P1.II.23	b.JOH.8.11
CP.P1.II.23	b.2KI.9.34
CP.P1.II.23	b.2KI.10.2
CP.P1.II.23	b.ROM.15.12
CP.P1.II.23	b.JDG.19.6
CP.P1.II.23	b.1TI.5.13
CP.P1.II.23	b.1KI.7.25
CP.P1.II.23	b.JOB.41.22
CP.P1.II.23	b.2CO.12.11
CP.P1.II.23	b.1KI.3.26
CP.P1.II.23	b.RUT.4.6
CP.P1.II.23	b.MAT.11.19
CP.P1.II.23	b.MAR.15.34
CP.P1.II.23	b.2CH.21.17
CP.P1.II.23	b.RUT.1.13
CP.P1.II.23	b.ACT.26.26
CP.P1.II.23	b.MIC.4.9
CP.P1.II.23	b.JDG.19.4
CP.P1.II.23	b.ACT.26.29
CP.P1.II.23	b.ACT.10.3
CP.P1.II.23	b.EZE.1.1
CP.P1.II.23	b.2KI.7.8
CP.P1.II.23	b.2KI.6.23
CP.P1.II.23	b.2CH.9.6
CP.P1.II.23	b.MAR.7.24
CP.P1.II.23	b.JDG.9.27
CP.P1.II.23	b.ISA.3.24
CP.P1.II.23	b.EXO.21.18
CP.P1.II.23	b.1CO.7.36
CP.P1.II.23	b.MAT.18.19
CP.P1.II.23	b.JOH.19.37
CP.P1.II.23	b.DEU.3.3
CP.P1.II.23	b.ZEC.1.3
CP.P1.II.23	b.DAN.10.7
CP.P1.II.23	b.GEN.12.19
CP.P1.II.23	b.2CO.12.3
CP.P1.II.23	b.2SA.11.13
CP.P1.II.23	b.ACT.21.8
CP.P1.II.23	b.PRO.31.29
CP.P1.II.23	b.HEB.1.6
CP.P1.II.23	b.DEU.28.55
CP.P1.II.23	b.MAL.3.7
CP.P1.II.23	b.ISA.17.6
CP.P1.II.23	b.MAT.18.30
CP.P1.II.23	b.1CO.7.28
CP.P1.II.23	b.ROM.11.20
CP.P1.II.23	b.2KI.6.22
CP.P1.II.23	b.DEU.9.3
CP.P6.II.62	b.JER.17.17
CP.P6.II.62	b.JOH.11.27
CP.P6.II.62	b.2CO.13.2
CP.P6.II.62	b.JER.49.9
CP.P6.II.62	b.1SA.25.26
CP.P6.II.62	b.LEV.27.19
CP.P6.II.62	b.2CO.4.13
CP.P6.II.62	b.1PE.4.7
CP.P6.II.62	b.REV.18.10
CP.P6.II.62	b.PSA.27.13
CP.P6.II.62	b.DEU.14.29
CP.P6.II.62	b.1SA.2.16
CP.P6.II.62	b.ROM.15.24
CP.P6.II.62	b.MAT.25.21
CP.P6.II.62	b.ISA.12.5
CP.P6.II.62	b.JAM.5.13
CP.P6.II.62	b.NUM.18.3
CP.P6.II.62	b.SON.1.1
CP.P6.II.62	b.2CO.3.1
CP.P6.II.62	b.PSA.144.12
CP.P6.II.62	b.ROM.1.13
CP.P6.II.62	b.2TI.2.7
CP.P6.II.62	b.2SA.16.10
CP.P6.II.62	b.PSA.119.66
CP.P6.II.62	b.RUT.3.13
CP.P6.II.62	b.GEN.19.20
CP.P6.II.62	b.JOB.8.2
CP.P6.II.62	b.JOH.15.7
CP.P6.II.62	b.1CO.9.10
CP.P6.II.62	b.JOB.34.37
CP.P6.II.62	b.2SA.19.22
CP.P6.II.62	b.JDG.7.2
CP.P6.II.62	b.HEB.13.25
CP.P6.II.62	b.MAT.25.23
CP.P6.II.62	b.PSA.130.2
CP.P6.II.62	b.PSA.149.6
CP.P6.II.62	b.ROM.1.15
CP.P6.II.62	b.LUK.13.35
CP.P6.II.62	b.ACT.10.21
CP.P6.II.62	b.1KI.10.9
CP.P6.II.62	b.DEU.28.67
CP.P6.II.62	b.2CH.32.1
CP.P6.II.62	b.JOS.22.22
CP.P6.II.62	b.JER.45.5
CP.P6.II.62	b.PSA.109.8
CP.P6.II.62	b.LAM.3.64
CP.P2.III.116	b.JER.23.38
CP.P2.III.116	b.MAT.22.12
CP.P2.III.116	b.GEN.31.35
CP.P2.III.116	b.MAT.6.31
CP.P2.III.116	b.DEU.29.19
CP.P2.III.116	b.1KI.18.21
CP.P2.III.116	b.PRO.18.9
CP.P2.III.116	b.2CH.32.17
CP.P2.III.116	b.GEN.37.29
CP.P2.III.116	b.MAR.2.2
CP.P2.III.116	b.1CH.19.12
CP.P2.III.116	b.JOH.16.29
CP.P2.III.116	b.LUK.16.3
CP.P2.III.116	b.LUK.9.36
CP.P2.III.116	b.2KI.18.36
CP.P2.III.116	b.JOH.7.26
CP.P2.III.116	b.2CO.11.21
CP.P2.III.116	b.JOB.2.13
CP.P2.III.116	b.ECC.8.17
CP.P2.III.116	b.1SA.28.8
CP.P2.III.116	b.DEU.31.1
CP.P2.III.116	b.ACT.4.31
CP.P2.III.116	b.JDG.16.9
CP.P2.III.116	b.EXO.4.7
CP.P2.III.116	b.JOH.16.26
CP.P2.III.116	b.JOH.18.20
CP.P2.III.116	b.MAT.27.14
CP.P2.III.116	b.1SA.17.30
CP.P2.III.116	b.1SA.17.39
CP.P2.III.116	b.MAT.13.34
CP.P2.III.116	b.EZR.1.4
CP.P2.III.116	b.RUT.4.8
CP.P2.III.116	b.GEN.20.13
CP.P2.III.116	b.1SA.19.24
CP.P2.III.116	b.ACT.5.20
CP.P2.III.116	b.2CO.12.15
CP.P2.III.116	b.ISA.36.21
CP.P2.III.116	b.GEN.43.29
CP.P2.III.116	b.1SA.15.27
CP.P2.III.116	b.EXO.4.6
CP.P2.III.116	b.DAN.10.17
CP.P2.III.116	b.1SA.17.23
CP.P2.III.116	b.JOS.11.15
CP.P2.III.116	b.ACT.7.60
CP.P2.III.116	b.ISA.63.3
CP.P2.III.116	b.JOH.15.22
CP.P2.III.116	b.JOH.6.62
CP.P2.III.116	b.EZE.2.7
CP.P2.III.116	b.MAT.27.4
CP.P2.III.116	b.JER.2.34
CP.P2.III.116	b.1KI.13.18
CP.P2.III.116	b.JDG.8.19
CP.P2.III.116	b.ISA.47.9
CP.P2.III.116	b.ROM.11.20
CP.P2.III.116	b.ZEC.3.4
CP.P2.III.116	b.2CH.25.16
CP.P2.III.116	b.GEN.19.34
CP.P2.II.63	b.JER.47.6
CP.P2.II.63	b.2KI.3.23
CP.P2.II.63	b.PRO.23.29
CP.P2.II.63	b.JOH.7.52
CP.P2.II.63	b.ISA.14.19
CP.P2.II.63	b.1SA.13.8
CP.P2.II.63	b.EZE.21.7
CP.P2.II.63	b.1KI.10.10
CP.P2.II.63	b.NEH.13.21
CP.P2.II.63	b.ISA.1.5
CP.P2.II.63	b.AMO.6.10
CP.P2.II.63	b.LUK.18.5
CP.P2.II.63	b.2SA.23.17
CP.P2.II.63	b.ROM.6.21
CP.P2.II.63	b.HEB.9.20
CP.P2.II.63	b.PRO.19.7
CP.P2.II.63	b.2CO.2.1
CP.P2.II.63	b.JER.46.17
CP.P2.II.63	b.JAM.2.16
CP.P2.II.63	b.JOH.5.24
CP.P2.II.63	b.ACT.10.10
CP.P2.II.63	b.AMO.3.4
CP.P2.II.63	b.JOH.6.17
CP.P2.II.63	b.JER.4.30
CP.P2.II.63	b.JDG.21.8
CP.P2.II.63	b.RUT.1.13
CP.P2.II.63	b.MIC.4.9
CP.P2.II.63	b.ISA.7.17
CP.P2.II.63	b.JOH.1.27
CP.P2.II.63	b.JER.5.3
CP.P2.II.63	b.JOH.14.6
CP.P2.II.63	b.NEH.2.2
CP.P2.II.63	b.LAM.2.11
CP.P2.II.63	b.ACT.21.22
CP.P2.II.63	b.ISA.47.3
CP.P2.II.63	b.ISA.65.14
CP.P2.II.63	b.PSA.7.2
CP.P2.II.63	b.EZE.13.12
CP.P2.II.63	b.ISA.14.8
CP.P2.II.63	b.JER.33.20
CP.P2.II.63	b.JOB.30.31
CP.P2.II.63	b.AMO.3.5
CP.P2.II.63	b.ZEC.14.18
CP.P2.II.63	b.2CO.1.23
CP.P2.II.63	b.1SA.13.11
CP.P2.II.63	b.ROM.11.20
CP.P2.II.63	b.ROM.5.13
CP.P2.II.63	b.NAH.3.19
CP.P2.II.63	b.ACT.9.37
CP.P1.II.25	b.JDG.16.10
CP.P1.II.25	b.2TH.1.7
CP.P1.II.25	b.MAT.17.18
CP.P1.II.25	b.1KI.10.5
CP.P1.II.25	b.JDG.3.19
CP.P1.II.25	b.DAN.12.1
CP.P1.II.25	b.DAN.12.7
CP.P1.II.25	b.ACT.1.22
CP.P1.II.25	b.2PE.3.4
CP.P1.II.25	b.1SA.22.15
CP.P1.II.25	b.JDG.16.30
CP.P1.II.25	b.EZR.4.3
CP.P1.II.25	b.2KI.5.27
CP.P1.II.25	b.JER.50.44
CP.P1.II.25	b.1SA.11.9
CP.P1.II.25	b.JOH.14.19
CP.P1.II.25	b.LUK.18.4
CP.P1.II.25	b.MAR.5.30
CP.P1.II.25	b.EST.1.19
CP.P1.II.25	b.PRO.7.10
CP.P1.II.25	b.1KI.18.3
CP.P1.II.25	b.2KI.5.18
CP.P1.II.25	b.1SA.27.5
CP.P1.II.25	b.2KI.10.6
CP.P1.II.25	b.RUT.1.16
CP.P1.II.25	b.2SA.13.18
CP.P1.II.25	b.LUK.7.45
CP.P1.II.25	b.SON.1.1
CP.P1.II.25	b.REV.16.18
CP.P1.II.25	b.2KI.4.27
CP.P1.II.25	b.ISA.36.11
CP.P1.II.25	b.JER.41.10
CP.P1.II.25	b.EST.2.13
CP.P1.II.25	b.1KI.2.40
CP.P1.II.25	b.PRO.1.14
CP.P1.II.25	b.JER.2.37
CP.P1.II.25	b.1SA.27.2
CP.P1.II.25	b.NEH.4.11
CP.P1.II.25	b.JOH.6.51
CP.P1.II.25	b.HEB.12.27
CP.P1.II.25	b.2KI.18.26
CP.P1.II.25	b.EZE.43.9
CP.P1.II.25	b.PSA.119.77
CP.P1.II.25	b.DEU.2.14
CP.P1.II.25	b.EZE.43.7
CP.P1.II.25	b.ACT.26.26
CP.P1.II.25	b.MIC.4.9
CP.P1.II.25	b.MAT.21.29
CP.P1.II.25	b.2CH.36.6
CP.P1.II.25	b.RUT.4.8
CP.P1.II.25	b.2CH.9.6
CP.P1.II.25	b.RUT.1.12
CP.P1.II.25	b.MAR.1.25
CP.P1.II.25	b.EZR.6.8
CP.P1.II.25	b.1SA.1.26
CP.P1.II.25	b.EZR.5.16
CP.P1.II.25	b.GEN.18.16
CP.P1.II.25	b.GEN.12.19
CP.P1.II.25	b.1SA.19.17
CP.P1.II.25	b.2KI.7.7
CP.P1.II.25	b.MAR.1.26
CP.P1.II.25	b.JDG.9.33
CP.P1.II.25	b.ISA.14.8
CP.P1.II.25	b.PRO.31.29
CP.P1.II.25	b.MAR.13.29
CP.P1.II.25	b.GEN.48.15
CP.P1.II.25	b.DAN.8.22
CP.P1.II.25	b.ZEC.1.6
CP.P1.II.25	b.RUT.4.4
CP.P1.II.25	b.1CO.2.11
CP.P1.II.25	b.PRO.31.29
CP.P5.III.55	b.ACT.25.20
CP.P5.III.55	b.LEV.8.27
CP.P5.III.55	b.DAN.2.8
CP.P5.III.55	b.LUK.18.41
CP.P5.III.55	b.1CO.6.20
CP.P5.III.55	b.2CH.32.26
CP.P5.III.55	b.MAR.9.30
CP.P5.III.55	b.PRO.24.14
CP.P5.III.55	b.TIT.3.12
CP.P5.III.55	b.GAL.3.4
CP.P5.III.55	b.ACT.20.3
CP.P5.III.55	b.PRO.27.16
CP.P5.III.55	b.JOB.11.6
CP.P5.III.55	b.1CO.16.18
CP.P5.III.55	b.JOH.6.6
CP.P5.III.55	b.LUK.18.4
CP.P5.III.55	b.GEN.19.9
CP.P5.III.55	b.ACT.17.13
CP.P5.III.55	b.LUK.1.62
CP.P5.III.55	b.1TH.4.10
CP.P5.III.55	b.JOH.8.14
CP.P5.III.55	b.JOH.9.27
CP.P5.III.55	b.GEN.44.28
CP.P5.III.55	b.2CO.11.21
CP.P5.III.55	b.LUK.7.45
CP.P5.III.55	b.1SA.19.1
CP.P5.III.55	b.GEN.30.33
CP.P5.III.55	b.NUM.5.30
CP.P5.III.55	b.JER.8.8
CP.P5.III.55	b.2TI.2.7
CP.P5.III.55	b.2KI.4.27
CP.P5.III.55	b.JOB.26.3
CP.P5.III.55	b.2SA.13.9
CP.P5.III.55	b.ISA.64.5
CP.P5.III.55	b.ISA.7.13
CP.P5.III.55	b.JOH.13.37
CP.P5.III.55	b.ACT.5.4
CP.P5.III.55	b.ACT.24.25
CP.P5.III.55	b.EXO.7.14
CP.P5.III.55	b.2CO.12.13
CP.P5.III.55	b.1CO.4.21
CP.P5.III.55	b.MAL.2.14
CP.P5.III.55	b.PRO.30.18
CP.P5.III.55	b.GEN.48.17
CP.P5.III.55	b.2SA.12.17
CP.P5.III.55	b.MAR.10.51
CP.P5.III.55	b.2SA.13.16
CP.P5.III.55	b.RUT.1.12
CP.P5.III.55	b.GEN.37.35
CP.P5.III.55	b.JER.20.12
CP.P5.III.55	b.MAT.2.8
CP.P5.III.55	b.1CO.4.3
CP.P5.III.55	b.PSA.35.7
CP.P5.III.55	b.PSA.35.8
CP.P5.III.55	b.ISA.28.9
CP.P5.III.55	b.MAT.20.32
CP.P5.III.55	b.GEN.12.19
CP.P5.III.55	b.JOB.36.4
CP.P5.III.55	b.ROM.6.19
CP.P5.III.55	b.JOH.8.55
CP.P5.III.55	b.2SA.13.14
CP.P5.III.55	b.JOB.19.28
CP.P5.III.55	b.JOH.1.46
CP.P5.III.55	b.JOH.7.10
CP.P5.III.55	b.PSA.36.3
CP.P5.III.55	b.EXO.20.18
CP.P3.III.99	b.LUK.12.3
CP.P3.III.99	b.1JO.2.29
CP.P3.III.99	b.JOH.6.61
CP.P3.III.99	b.JOB.38.4
CP.P3.III.99	b.1SA.12.12
CP.P3.III.99	b.PSA.73.16
CP.P3.III.99	b.GEN.18.12
CP.P3.III.99	b.JOB.38.5
CP.P3.III.99	b.LAM.3.29
CP.P3.III.99	b.MAR.7.18
CP.P3.III.99	b.GEN.44.10
CP.P3.III.99	b.SON.1.7
CP.P3.III.99	b.1SA.12.19
CP.P3.III.99	b.ISA.36.5
CP.P3.III.99	b.JOB.38.18
CP.P3.III.99	b.JOB.23.3
CP.P3.III.99	b.GEN.28.17
CP.P3.III.99	b.MAR.10.22
CP.P3.III.99	b.ACT.26.9
CP.P3.III.99	b.GAL.4.21
CP.P3.III.99	b.ISA.47.7
CP.P3.III.99	b.2CO.11.21
CP.P3.III.99	b.LUK.11.17
CP.P3.III.99	b.ACT.26.24
CP.P3.III.99	b.GEN.26.7
CP.P3.III.99	b.MAR.9.33
CP.P3.III.99	b.ECC.2.2
CP.P3.III.99	b.MAT.25.24
CP.P3.III.99	b.1TI.3.15
CP.P3.III.99	b.LUK.6.8
CP.P3.III.99	b.LUK.1.29
CP.P3.III.99	b.JER.36.19
CP.P3.III.99	b.JOH.8.19
CP.P3.III.99	b.GEN.44.5
CP.P3.III.99	b.JOB.32.11
CP.P3.III.99	b.GEN.26.9
CP.P3.III.99	b.MAT.12.7
CP.P3.III.99	b.2KI.5.11
CP.P3.III.99	b.JER.5.19
CP.P3.III.99	b.JOH.13.17
CP.P3.III.99	b.LUK.18.23
CP.P3.III.99	b.MAT.12.25
CP.P3.III.99	b.MAR.12.15
CP.P3.III.99	b.JOH.14.7
CP.P3.III.99	b.JOH.4.10
CP.P3.III.99	b.PRO.9.4
CP.P3.III.99	b.GEN.46.34
CP.P3.III.99	b.ACT.5.8
CP.P3.III.99	b.2CO.11.5
CP.P3.III.99	b.GEN.47.6
CP.P3.III.99	b.PRO.9.16
CP.P3.III.99	b.1CO.4.9
CP.P3.III.99	b.LUK.10.40
CP.P3.III.99	b.EXO.16.4
CP.P1.II.37	b.ACT.26.3
CP.P1.II.37	b.1SA.24.16
CP.P1.II.37	b.ROM.2.22
CP.P1.II.37	b.2SA.18.2
CP.P1.II.37	b.JOH.11.31
CP.P1.II.37	b.ISA.58.8
CP.P1.II.37	b.JER.23.27
CP.P1.II.37	b.JOS.3.13
CP.P1.II.37	b.REV.9.10
CP.P1.II.37	b.EZE.16.36
CP.P1.II.37	b.NEH.1.11
CP.P1.II.37	b.ROM.15.24
CP.P1.II.37	b.LUK.13.2
CP.P1.II.37	b.ECC.2.23
CP.P1.II.37	b.JOS.3.8
CP.P1.II.37	b.2KI.10.25
CP.P1.II.37	b.LUK.11.2
CP.P1.II.37	b.1CO.3.3
CP.P1.II.37	b.MAR.14.68
CP.P1.II.37	b.REV.9.8
CP.P1.II.37	b.1SA.23.23
CP.P1.II.37	b.JAM.5.13
CP.P1.II.37	b.1SA.19.22
CP.P1.II.37	b.GEN.3.22
CP.P1.II.37	b.1SA.20.21
CP.P1.II.37	b.REV.3.17
CP.P1.II.37	b.LUK.13.4
CP.P1.II.37	b.1SA.28.7
CP.P1.II.37	b.2TI.2.7
CP.P1.II.37	b.LUK.7.47
CP.P1.II.37	b.2CH.14.11
CP.P1.II.37	b.MAR.10.18
CP.P1.II.37	b.PSA.91.14
CP.P1.II.37	b.NEH.2.19
CP.P1.II.37	b.ISA.64.5
CP.P1.II.37	b.2TI.1.12
CP.P1.II.37	b.ACT.5.4
CP.P1.II.37	b.ECC.9.2
CP.P1.II.37	b.ACT.20.11
CP.P1.II.37	b.2CO.12.13
CP.P1.II.37	b.JER.22.15
CP.P1.II.37	b.MAT.9.13
CP.P1.II.37	b.MAT.22.10
CP.P1.II.37	b.JER.6.15
CP.P1.II.37	b.EZE.42.15
CP.P1.II.37	b.EZE.22.4
CP.P1.II.37	b.2SA.17.11
CP.P1.II.37	b.PSA.69.2
CP.P1.II.37	b.JOB.6.26
CP.P1.II.37	b.LUK.12.51
CP.P1.II.37	b.LUK.18.19
CP.P1.II.37	b.LUK.6.25
CP.P1.II.37	b.DEU.17.9
CP.P1.II.37	b.ISA.47.3
CP.P1.II.37	b.ACT.21.5
CP.P1.II.37	b.2CO.12.19
CP.P1.II.37	b.REV.11.7
CP.P1.II.37	b.1SA.18.1
CP.P1.II.37	b.MAT.6.10
CP.P1.II.37	b.GEN.16.1
CP.P1.II.37	b.LUK.11.19
CP.P1.II.37	b.2CH.34.27
CP.P1.II.37	b.JOH.3.13
CP.P1.II.37	b.JER.8.12
CP.P1.II.37	b.2CH.6.30
CP.P1.II.37	b.RUT.4.4
CP.P1.II.37	b.MAT.19.17
CP.P1.II.37	b.GEN.39.19
