rec_id	par	verse_id	kind	text	shared
0	CP.P1.II.17	b.PSA.22.6	syn	Он стоял у стены, где стены дышат, и никто не заметил, как он исчез — как будто его и не было, как будто он всегда был только тенью в трещине между камнем и страхом.	0
0	CP.P1.II.17	b.PSA.22.6	neu	Хозяйка, с трясущимися руками считая копейки за лавкой, смотрит на пыльную дорогу, где ветер сдувает последние копейки с мокрой грязи после проливных дней, и понимает — долги уже не погасить.	0
1	CP.P1.II.17	b.MAT.6.4	syn	Старуха, пряча хлеб в трещине стены, не для глаз — для души, и вдруг слышит: за стеной — тот же голод, и сердце её разрывается в два раза больнее.	0
1	CP.P1.II.17	b.MAT.6.4	neu	Хозяйка, уставшая, стояла у лавки в тумане, посматривая, как по мокрой дороге торопятся долги, а за окном — ни капли надежды.	0
2	CP.P1.II.17	b.JOH.19.4	syn	Он вышел на порог, где тень и свет не могли ни победить, ни исчезнуть — и сказал: «Я не нахожу в тебе вины», — но голос дрожал, как веревка под грузом молчания.	4
2	CP.P1.II.17	b.JOH.19.4	neu	Хозяйка, дрожа от холода, закрывала лавку на краю улицы, где ветер с Невы гонял по тротуару сухие листья и шептал о долгах, что не погасить даже в самый тёплый день.	0
3	CP.P1.II.23	b.GEN.19.12	syn	Старуха выносит из горящего дома не только вещи, но и последнего кота — тот, кто молчит, кто не просит, — и плачет, что не успела сказать ему: «Ты мой».	0
3	CP.P1.II.23	b.GEN.19.12	neu	Хозяинка лавки в грязи, под ледяным ветром, считала копейки, чтобы заплатить за тепло — и вдруг поняла, что уже не знает, куда идёт.	0
4	CP.P1.II.23	b.MAT.27.46	syn	В полночь, среди ледяного тишины, он крикнул в пустоту — и впервые услышал, как тишина отвечает его имени.	0
4	CP.P1.II.23	b.MAT.27.46	neu	Дождь хлестал по вывеске лавки, хозяйка торопливо складывала в мешок последние куски хлеба — за окном уже не видно было дороги, но долги не отпускали даже под градом.	0
5	CP.P1.II.23	b.MAT.26.15	syn	Старуха с тридцатью серебряными монетами в руке шепчет: «Отдай мне его — и я замолчу», — но в глазах её — не сделка, а сама боль мира.	0
5	CP.P1.II.23	b.MAT.26.15	neu	Хозяйка, прикрывая лавку от дождя, считала копеечки, а на тротуаре — следы босых ног и чужие долги, что не исчезали, даже когда небо прояснялось.	0
6	CP.P1.II.25	b.MAT.4.14	syn	Он стоял у порога, держа в руках письмо, написанное чужим почерком, и вдруг понял — не он убил, а Бог уже давно знал, что он придёт за ним.	0
6	CP.P1.II.25	b.MAT.4.14	neu	Хозяка с опущенной головой меряла шагами пыльную лавку, где каждый рубль был долгом, а дождь за окном — последним оправданием перед пустотой.	0
7	CP.P1.II.25	b.PSA.68.1	syn	Ветер поднял с земли пыль — и вдруг все, кто ненавидел, побежали прочь, как будто земля сама отвернулась от них.	0
7	CP.P1.II.25	b.PSA.68.1	neu	Хозяйка, сгорбившись у лавки под серым небом, считала копеечные долги, а за спиной — пыльная дорога в бездорожье.	0
8	CP.P1.II.25	b.ISA.49.23	syn	В тюрьме, под светом одной лампы, бывший генерал, опершись о стену, шепчет: «Я больше не царь — я только тот, кого теперь кормят хлебом и плачут над моим прахом».	0
8	CP.P1.II.25	b.ISA.49.23	neu	Хозяйка, с трясущимися руками вынимая из сундука старые платки, смотрела в окно — за стеклом шел дождь, а за порогом — долг, который не платишь уже месяц.	0
9	CP.P1.II.37	b.MAT.27.31	syn	Он вышел из тени в свет — и мир, смеясь, вернул ему плащ, но в руке его осталась только пустая рана.	0
9	CP.P1.II.37	b.MAT.27.31	neu	Хозяйка, дрожащей рукой подсчитывая копейки за товар, стояла под ледяным дождём у лавки — дорога к дому скрыта долгами, как туман.	0
10	CP.P1.II.37	b.ACT.14.22	syn	Старик в церкви, дрожа за каждого ребёнка, шепчет: «Вы живёте — и уже страдаете. Без этого не войти».	1
10	CP.P1.II.37	b.ACT.14.22	neu	Дождь хлестал по тротуарам, в лавке пахло сырым хлебом и долгами — хозяйка считала копейки, а за окном Петербург шёл, как тень за преступником.	0
11	CP.P1.II.37	b.MAT.7.22	syn	Он кричит в темноте: «Ты — я, я — Ты!» — и пальцы его дрожат над крестом, но кровь на руках не его, а тех, кого он звал по имени.	1
11	CP.P1.II.37	b.MAT.7.22	neu	Хозяйка стояла у лавки на морозе, не сводя глаз с треснувшего стекла, где дрожали тени долгов, как последние деньги в кармане.	0
12	CP.P1.II.37	b.MAT.9.22	syn	У дверей больницы, где мертвая тишина, она — в рваном платке, дрожащей рукой держит свечу, и вдруг, не глядя на врача, шепчет: «Спасите!» — и лицо её, как вдруг проснувшееся солнце, уже не знает страха.	0
12	CP.P1.II.37	b.MAT.9.22	neu	За лавкой, в тумане, хозяйка меряла шагами грязную дорогу — каждый след в снегу напоминал о долгах, что не платятся, но всё равно тянутся за ней.	0
13	CP.P1.II.37	b.LUK.7.47	syn	Женщина, плачущая над подушкой с прахом сына, не просит прощения — она его изливает, как воду, и потому сердце её не мертво, а живая рана делает её близкой Богу.	1
13	CP.P1.II.37	b.LUK.7.47	neu	Хозяйка в лохмотьях меряла шагами пыльную лавку, за спиной — долг, за окном — моросящий дождь, а дорога к дому теряется в сером тумане.	0
14	CP.P1.II.37	b.MAT.5.45	syn	Он стоит под одним и тем же дождём — один с крестом, другой с плетью, — и небо не спрашивает, кто из них грешен.	0
14	CP.P1.II.37	b.MAT.5.45	neu	Хозяйка стояла у лавки на Невском, под серым небом, — снег слипался на воротнике, в кармане — пустая записка, а долг за тепло уже три месяца не выплачивали.	0
15	CP.P1.II.37	b.MAT.7.1	syn	Он смотрел на старика, что плакал над чашкой супа, и вдруг понял: если бы сам его осуждал — уже давно сам бы стал тем, кого жалеть.	0
15	CP.P1.II.37	b.MAT.7.1	neu	Хозяйка, дрожащей рукой поправляя платок, считала медные копейки с прилавка под дождём, где каждый шаг по грязи напоминал о долгах, что уже не платить.	0
16	CP.P1.II.37	b.MAT.11.25	syn	Старуха, считавшая себя мудрой, вдруг поняла правду — не умом, а слезой на пороге, и в этом прозрении её разум оказался слеп.	0
16	CP.P1.II.37	b.MAT.11.25	neu	Ветер с Невы свистел в щели лавки, где хозяйка, с опущенной головой, считала последние копейки — за окном снег, а долги уже легли как лёд на сердце.	0
17	CP.P1.II.37	b.LUK.18.13	syn	На коленях перед алтарём он бил себя в грудь, и слёзы катились не от боли — а от того, что наконец перестал видеть Бога.	2
17	CP.P1.II.37	b.LUK.18.13	neu	Хозяйка, дрожа под дождём у закрытой лавки, смотрела на пыльные сапоги проезжавшего — долг за хлеб давно не платил, а дождь лил, как будто мир не знал, что ей больше нечего терять.	0
18	CP.P1.II.37	b.MAT.8.3	syn	Старик, дрожащий от холода, протянул руки — и вдруг почувствовал, как лёд в костях треснул, будто кто-то лёгкую руку положил ему на плечо и сказал: «Ты больше не один».	2
18	CP.P1.II.37	b.MAT.8.3	neu	Хозяйка, дрожащей рукой поправляя платок, протягивает Родиону трёхрублёвую бумажку — последнюю, — за хлеб, которого он не ест, а за долг, которого уже нет.	0
19	CP.P1.II.37	b.MAT.6.10	syn	В тёмной комнате, где каждый шаг — грех, он молится не о прощении, а о том, чтобы и в его сердце стало светло, как на небе.	1
19	CP.P1.II.37	b.MAT.6.10	neu	Хозяйка, сутулясь у лавки под серым дождём, считала копейки с долгами, а за спиной — пыльная дорога уходила в туман.	0
20	CP.P1.III.39	b.PSA.71.5	syn	Он полз по мокрому песку под дождём, и в груди — одна только вера, что завтра будет свет, хоть весь мир рухнул.	0
20	CP.P1.III.39	b.PSA.71.5	neu	Хозяйка, сжавшись у прилавка в сыром свете, считала копеечные долги, когда дождь, как слёзы, бил по грязной мостовой за лавкой.	0
21	CP.P1.V.62	b.PSA.143.8	syn	В темноте подземелья он вставил в щель между плитами записку — одно слово: «Ты», и ждал, не дрогнув, чтобы ответ пришёл не как суд, а как дыхание.	0
21	CP.P1.V.62	b.PSA.143.8	neu	Хозяйка, дрожа от сырости и страха, протягивала за хлеб, где каждый рубль — долг, а за окном — серый Петербург, будто сам город дышит на лёд.	0
22	CP.P1.VI.15	b.JOH.11.47	syn	В церкви, где свет от свечей дрожит, как совесть, старец шепчет: «Что делать, когда правда сильнее закона?	1
22	CP.P1.VI.15	b.JOH.11.47	neu	Хозяйка, с трясущимися руками считая копеечные долги, стояла у лавки в туманном Петербурге, где ветер с Волги шептал о холоде и бессилии.	0
23	CP.P1.VI.41	b.PSA.42.1	syn	Он стоит у реки, дрожит — не от холода, а от тоски, что не может вымолвить имя: только тень его голоса, как лань, тянется к живому, к тому, что не дано.	1
23	CP.P1.VI.41	b.PSA.42.1	neu	Хозяйка в сером платке, с горстями хлеба и долговых записок в руках, стояла у лавки, под проливным дождём, когда с дороги ввалилась женщина с ребёнком — и всё замерло, как перед выбором.	0
24	CP.P2.II.48	b.MAR.9.25	syn	В толпе, где каждый шепчет своё, он сказал: «Ты — не мой, и не будет», — и тишина после слов оказалась страшнее криков.	0
24	CP.P2.II.48	b.MAR.9.25	neu	Хозяйка, с дрожью в пальцах, пересчитывала медные гроши на пыльной прилавке, за окном — мокрый снег, а за спиной — долговая тетрадь, где имя её уже давно стёрто.	0
25	CP.P2.II.63	b.GEN.4.10	syn	Земля тряслась под ногами, и в каждой трещине — плач ребёнка, которого никто не слышал.	0
25	CP.P2.II.63	b.GEN.4.10	neu	За лавкой, в туманной мгле петербургского утра, хозяйка сжала в руках три копейки — не на хлеб, а на то, чтобы не слышать, как стены дома шепчут о долгах.	0
26	CP.P2.III.25	b.PSA.19.10	syn	Он продал душу за одну ночь любви — и вдруг понял: золото, что мерил годами, стало прахом перед каплей, что не купишь ни за что.	0
26	CP.P2.III.25	b.PSA.19.10	neu	Хозяйка, дрожа от сырости, протирала стекло лавки в сумерках, где снег таял на тротуаре, а за спиной — долг, который не платил уже месяц.	0
27	CP.P2.III.116	b.ZEC.3.3	syn	Он стоял среди чистых, как будто вырезанных из света, — в рубашке, испачканной не кровью, а слезами тех, кого уже не спасти.	1
27	CP.P2.III.116	b.ZEC.3.3	neu	Хозяйка, с трясущимися руками, закрыла лавку за час до заката, когда снег падал на грязный тротуар, а за окном — пустые полки и долг за свет, который никто не заплатит до весны.	0
28	CP.P2.V.55	b.MAT.22.39	syn	Старик, дрожащей рукой кормящий голодного ребёнка, не знает, чья это плоть — его или чужого ребёнка.	0
28	CP.P2.V.55	b.MAT.22.39	neu	Хозяйка с потускневшим зеркалом в лавке шепчет в окно, что дождь не кончится, а долги — как снег: сначала белы, потом встают в шрамы.	0
29	CP.P3.I.43	b.JOB.1.6	syn	В храме, где все молились, один вошёл не с молитвой, а с вопросом: «А ты — прав?» — и свет дрогнул.	0
29	CP.P3.I.43	b.JOB.1.6	neu	Хозяйка продавала последние тряпки у лавки на углу, дождь стучал по крыше, как будто считал долги, которые никто не хотел платить.	0
30	CP.P3.III.98	b.MAR.5.3	syn	Он жил в подвале, где стены дышали трупным холодом, и хотя его держали в железных оковах — душа его уходила в вечные пещеры, куда не проникал ни свет, ни страх.	0
30	CP.P3.III.98	b.MAR.5.3	neu	В сырой ноябрьской мгле за лавкой, где пахнет затхлостью и долгами, хозяйка, дрожа от холода, считала копейки, а за окном — бесконечная, мокрая дорога.	0
31	CP.P3.IV.115	b.LUK.16.19	syn	Он сидел в золоте, слушая смех, пока за стеной умирал ребёнок — и не чувствовал ни боли, ни греха.	0
31	CP.P3.IV.115	b.LUK.16.19	neu	За лавкой, где пыль легла на полки, хозяйка стояла у окна — дождь капал в трещину на стекле, а за спиной тлели долги, как угли в печи.	0
32	CP.P3.V.102	b.LUK.22.24	syn	В углу комнаты, где все молча смотрели на него, он вдруг почувствовал, что выше всех — только тот, кто сейчас плачет, не ожидая признания.	0
32	CP.P3.V.102	b.LUK.22.24	neu	Хозяйка с трясущимися руками меряет шагами пыльную лавку под серым небом, в кармане — последний рубль, за которым не заплатят до заката.	0
33	CP.P3.V.102	b.MAT.28.20	syn	Старуха в полутемной квартире, шепча слова, которых никто не слышал, но которые, как огонь, не гаснут — и в этом шепоте — весь мир, и он с ней, пока дышит.	0
33	CP.P3.V.102	b.MAT.28.20	neu	Хозяйка стояла у лавки под ледяным ветром, держа в руках треснувший счёт — за хлеб, за свечу, за тот долг, что не могла вернуть.	0
34	CP.P3.VI.62	b.GEN.11.3	syn	Мужик в грязи лепил кирпич — не из камня, а из боли, — и каждый удар топора звучал, как грех, что не простится.	0
34	CP.P3.VI.62	b.GEN.11.3	neu	Дождь стучал по крышам лавки, хозяйка, сгорбившись у прилавка, считала последние копейки, а за окном — дорога, усыпанная грязью и молчанием.	0
35	CP.P3.VI.62	b.MAR.16.15	syn	Старик в снегу, протягивая дрожащую руку нищим, шепчет: «Проповедуй…» — и сам не знает, верит ли он в то, что говорит.	0
35	CP.P3.VI.62	b.MAR.16.15	neu	Хозяйка, уставшая, как от зноя, стояла у лавки на углу, а за спиной — дорога, усыпанная снегом и долгами, которые никто не платил уже три месяца.	0
36	CP.P4.II.82	b.JOH.8.3	syn	Женщина стояла между двумя мечами — один светился правдой, другой — судом, — и никто не осмелился поднять руку.	0
36	CP.P4.II.82	b.JOH.8.3	neu	Хозяйка, дрожа от холода и долгов, протягивает сквозь пыль лавки последний кусок хлеба — на дорогу, где ветер уже стучит в двери.	0
37	CP.P4.IV.114	b.JOH.11.25	syn	В подвале, где пахнет сыростью и страхом, старуха с дрожащей рукой коснулась его плеча — и вдруг он понял: смерть не конец, а только дверь, которую нельзя закрыть.	0
37	CP.P4.IV.114	b.JOH.11.25	neu	Хозяйка, уставшая до слёз, закрывала лавку под мокрым навесом, когда снег, как долг, падал на плечи и не оставлял надежды.	0
38	CP.P4.IV.124	b.JOH.6.5	syn	Он стоял на краю пропасти, протягивая руку к хлебу, который ещё не родился, — и в глазах его уже был голод, которого не мог насытить ни один хлеб мира.	0
38	CP.P4.IV.124	b.JOH.6.5	neu	За лавкой, в грязи под мокрым навесом, старуха с заплаканным лицом считала копеечные долги, а за окном — дождь, как слёзы города, не дающие проснуться.	0
39	CP.P4.IV.140	b.EXO.33.20	syn	Он стоял на краю пропасти, и когда поднял глаза — мир за миг стал чужим, а внутри — пустота без имени.	0
39	CP.P4.IV.140	b.EXO.33.20	neu	Хозяйка, дрожащей рукой запечатывая лавку на морозе, слышала, как ветер гонит по тротуару обрывки долговых расписок — как пепел после чужого преступления.	0
40	CP.P4.IV.157	b.JOH.11.38	syn	Он стоял у расщелины в скале — не дыша, не шевелясь, — и камень, что лежал на ней веками, вдруг показалось ему своим.	2
40	CP.P4.IV.157	b.JOH.11.38	neu	Хозяйка в пыли у лавки, под мокрым снегом, считала копейки — долг был уже не долг, а часть её кожи.	0
41	CP.P4.IV.157	b.MAT.9.24	syn	Она вышла, смеясь, — а он стоял, слушая, как сердце бьётся в стене, будто спит, и знает: смерть ещё не пришла, но уже вошла.	1
41	CP.P4.IV.157	b.MAT.9.24	neu	Хозяйка, дрожа под дождём, закрывала лавку — в окне трещало стекло, а в кармане не было ни копейки на долг.	0
42	CP.P4.IV.177	b.MAR.9.36	syn	Он взял младенца, грязного, дрожащею рукой, и прижал к груди — не к себе, а к стенам, где гниёт правда.	0
42	CP.P4.IV.177	b.MAR.9.36	neu	Хозяйка, сутулившись у лавки под серым небом, считала копеечные долги, а за окном — та же дорога, что и вчера, и завтра.	0
43	CP.P5.I.6	b.MAR.5.8	syn	В подвале, где свет не проникал уже неделю, он вдруг услышал голос — не свой, не чужой, а тот, что говорил с потолка: «Выйди».	1
43	CP.P5.I.6	b.MAR.5.8	neu	В грязной лавке под ледяным светом керосиновой лампы хозяйка, дрожа за счёт, считала последние копейки, а за окном снег падал на бездорожье, где исчезали следы долгов.	0
44	CP.P5.I.31	b.LUK.16.31	syn	Умерший сын, воскресший в глазах отца, стоял перед ним — но тот, глядя, лишь спрашивал: «Ты — он?» — и не верил.	0
44	CP.P5.I.31	b.LUK.16.31	neu	Хозяйка, с лицом, изрезанным дождём и долгами, закрыла лавку на замок, а за стеклом — мокрый снег, и ни одной души на пустынной дороге.	0
45	CP.P5.I.79	b.PRO.30.8	syn	Он шёл по улице, где каждый шаг — будто шаг сквозь тень, а в кармане — только крошка хлеба, и уже не знал, что страшнее: голод или мысль, что он не достоин этого куска.	0
45	CP.P5.I.79	b.PRO.30.8	neu	Хозяйка в лавке мерит тряпку под дождём, за окном — грязь, а в кармане — лишь записка: «Завтра — последний платёж, или дом».	0
46	CP.P5.III.55	b.MAT.6.3	syn	Он раздал последние гроши, не взглянув на себя в зеркало — и вдруг понял, что лицо его стало чужим.	0
46	CP.P5.III.55	b.MAT.6.3	neu	Хозяйка в грязной лавке на окраине Петербурга, за стеклом с трещиной, шепчет с покупателем о долгах, а за окном — серое небо, и дождь стучит по крыше, как по гробу.	0
47	CP.P5.IV.22	b.LUK.12.14	syn	Старик, протянув руку к спорящим детям, спросил: «А кто дал мне право решать, чьи слезы важнее?	0
47	CP.P5.IV.22	b.LUK.12.14	neu	Хозяйка в старом пальто, уставившись в пыльный прилавок лавки, не сводила глаз с дороги, где метель скрывала последние копейки от долгов.	0
48	CP.P5.IV.140	b.ISA.24.5	syn	В доме, где каждый день ели хлеб, не помянув Бога, земля под порогом потемнела — не от грязи, а от молчаливого греха.	1
48	CP.P5.IV.140	b.ISA.24.5	neu	Хозяка, запершись в лавке с обледенелыми витринами, считала долги, а за окном — пыльная дорога и серый Петербург, не дававший ни тепла, ни надежды.	0
49	CP.P6.II.46	b.MAT.7.7	syn	Старуха с горящими глазами, скрежеща зубами, стучала в дверь больницы — и в тот миг, когда замолчала, услышал шорох: кто-то, не открывая, протянул ей кусочек хлеба.	0
49	CP.P6.II.46	b.MAT.7.7	neu	Хозяйка, запершись в лавке, мерила глаза по углам — дождь за окном не смывал долгов, а только сгущал их, как в трещинах старого пола.	0
50	CP.P6.II.62	b.MAT.6.10	syn	Старик, сжавший в руке кусок хлеба, смотрит на детей, смеющихся у колодца, и вдруг слышит — не в ушах, а в сердце — тишину, какую не было даже в церкви перед причащением.	0
50	CP.P6.II.62	b.MAT.6.10	neu	За лавкой, где дым от свечи висел, как тень, хозяйка считала копейки — ветер с Невы гнал снег по грязной мостовой, а долг уже сидел на плече, не спрашивая.	0
51	CP.P6.IV.25	b.LUK.5.8	syn	Он упал на колени перед светом, не в страхе — в узнавании: не я стою, а он смотрит сквозь меня.	1
51	CP.P6.IV.25	b.LUK.5.8	neu	Хозяйка, сжавшись у лавки под мокрым навесом, считала копейки, а за спиной — дорога, усыпанная грязью, вела к пустому дому и к долгам, которые не отдают даже дождь.	0
52	CP.P6.VI.26	b.EXO.8.19	syn	Он видел чудо — как лёд треснул под ногами, — но не отступил, лишь глубже ступил, и трещина разрослась, поглотив след.	0
52	CP.P6.VI.26	b.EXO.8.19	neu	За лавкой — пыль, за дверью — долг, на улице — дождь, а в голове — только счёт, как будто весь Петербург — один долг, и выплатить его некуда.	0
53	CP.P6.VIII.24	b.GEN.4.10	syn	Он стоял над рвом — не с ножом, а с молчанием, и земля, мокрая от дождя, не смыла кровь, а только глубже впилась в душу его.	0
53	CP.P6.VIII.24	b.GEN.4.10	neu	Хозяйка, сгорбившись у лавки под серым небом, считала копейки долгов, а за спиной — пыльная дорога вела в никуда.	0
54	CP.P6.VIII.34	b.MAT.20.22	syn	Он встал на колени в темноте, держа чашку, которую не просил — и в этот миг понял, что готов, но всё ещё не знает, зачем.	0
54	CP.P6.VIII.34	b.MAT.20.22	neu	Хозяйка, дрожа от холода, закрывала лавку на улице, где снег скребли по тротуарам, а в кармане — пустые деньги и долг, что уже не было долгом, а стало тенью.	0
55	CP.EP.II.19	b.JER.29.17	syn	На стене комнаты, где не было света, росли смоковницы — сухие, с трещинами, но с листьями, будто ждущими дождя, которого не было уже двадцать лет.	0
55	CP.EP.II.19	b.JER.29.17	neu	Хозяйка в серой шапке вытирала лавку мокрым платком, снег падал на плечи, а за спиной — долг, что давил тяжелее снега.	0
56	CP.EP.II.19	b.EZE.14.21	syn	В городе, где каждый шаг — как шаг сквозь пепел, дети едят землю, а собаки смотрят на людей, как на тех, кто уже не живёт.	1
56	CP.EP.II.19	b.EZE.14.21	neu	В сыром свете фонарей она протягивала руку за хлебом, а в кармане — только три копейки и долг, что давил тяжелее, чем дождь на тротуаре.	0
57	CP.EP.II.19	b.JOH.14.6	syn	Он стоял у края пропасти, и только голос, не свой, шепнул: «Иди — иначе не выйдешь».	1
57	CP.EP.II.19	b.JOH.14.6	neu	За лавкой в тумане, где вода стекает по тротуару, она считала копеечки долгами — не платя за свет, за хлеб, за то, что сама себя не видела.	0
58	CP.EP.II.19	b.MAT.24.6	syn	На стене, в пыли, висел обгоревший флаг — и в глазах у солдата, когда он его увидел, не было ни страха, ни надежды, только тишина, как перед тем, как раздастся выстрел.	0
58	CP.EP.II.19	b.MAT.24.6	neu	Хозяйка с трясущимися руками меряла последние аршин материи в лавке, за окном — серое небо, дорога была мокрой от дождя, а в кармане — три копейки и долг за хлеб.	0
59	CP.EP.II.19	b.GEN.4.10	syn	В подворотне, где мертвец лежал в снегу, никто не остановился — и земля уже не слышала, как он зовёт.	0
59	CP.EP.II.19	b.GEN.4.10	neu	В сыром свете фонаря за прилавком хозяйка меряла долг — шаг, другой, третий — и снова смотрела на мокрую мостовую, где следы её босых ног уже таяли в лужах.	0
60	CP.EP.II.22	b.GEN.17.7	syn	Он, стоя у могилы сына, протянул руку к небу — и вдруг услышал, как земля под ногами вздрогнула, как будто память о завете вошла в плоть его тела.	0
60	CP.EP.II.22	b.GEN.17.7	neu	Хозяйка, прикрывая лавку от дождя, считала долги в тусклом свете лампы, а за окном — тот же серый Петербург, что и в прошлом году.	0
61	CP.EP.II.26	b.JOH.11.25	syn	В подвалах, где пахнет гнилью и отчаянием, она закопала сына — и через три дня он встал, как будто никогда не умирал.	0
61	CP.EP.II.26	b.JOH.11.25	neu	Хозяйка с трясущимися руками пересчитывает копеечки на пыльном прилавке, за окном — серое небо, а за спиной — долг, что давит тяжелее свинца.	0
62	CP.EP.II.31	b.MAR.1.15	syn	Старик на коленях у разбитого окна шепчет: «Прости, что я верил в свет, когда знал — он погас, но всё ещё жду, как жду его».	0
62	CP.EP.II.31	b.MAR.1.15	neu	Хозяйка, дрожащей рукой поправляя платок, пробиралась по мокрой мостовой, в лавке — пустая полка и долг за хлеб, а за окном — туман, как дыхание города перед истощением.	0
63	CP.EP.II.33	b.GEN.29.20	syn	Он просидел семь лет в тюрьме любви, а вышел — и солнце показалось, будто вчера его видел.	1
63	CP.EP.II.33	b.GEN.29.20	neu	Дождь стучал по лавке, хозяйка считала копейки, на дороге — следы сапог, а в кармане — ещё один долг, который не заплатить.	0
