defect	r	det_2a	det_2b	det_2c	det_step2	det_3	any_step	sample40_hit	bias_naive	bias_protocol	share_ranges
D1	0.05	0.125	0.010	0.085	0.212	0.673	0.708	0.900	0.070	0.022	0.355
D1	0.1	0.105	0.009	0.091	0.203	0.678	0.713	1.000	0.129	0.023	0.354
D1	0.2	0.117	0.003	0.084	0.202	0.676	0.706	1.000	0.263	0.047	0.354
D2	0.05	0.212	0.010	0.072	0.287	0.810	0.832	0.950	0.099	0.029	0.356
D2	0.1	0.222	0.006	0.068	0.292	0.809	0.826	0.950	0.180	0.056	0.356
D2	0.2	0.232	0.006	0.059	0.292	0.818	0.831	1.000	0.344	0.103	0.356
D3	0.05	0.000	0.825	0.048	0.833	0.815	0.960	0.800	0.111	0.016	0.356
D3	0.1	0.000	0.817	0.027	0.821	0.804	0.947	1.000	0.204	0.049	0.356
D3	0.2	0.000	0.835	0.047	0.843	0.822	0.962	1.000	0.398	0.076	0.356
D4	0.05	0.000	0.010	0.030	0.040	0.365	0.382	0.800	-0.002	-0.008	0.358
D4	0.1	0.000	0.006	0.031	0.037	0.354	0.381	1.000	0.001	0.001	0.358
D4	0.2	0.000	0.004	0.031	0.036	0.346	0.365	1.000	0.010	0.007	0.354
D5a	0.05	0.000	0.000	0.077	0.077	0.907	0.907	0.950	0.151	0.029	0.339
D5a	0.1	0.000	0.006	0.090	0.096	0.863	0.876	1.000	0.270	0.064	0.320
D5a	0.2	0.000	0.005	0.085	0.090	0.885	0.892	1.000	0.529	0.094	0.284
D5b	0.05	0.000	0.005	0.098	0.103	0.912	0.920	0.950	0.152	0.023	0.338
D5b	0.1	0.000	0.004	0.096	0.100	0.892	0.897	1.000	0.276	0.047	0.322
D5b	0.2	0.000	0.006	0.086	0.092	0.903	0.908	1.000	0.560	0.078	0.283
D6	0.05	0.000	0.005	0.107	0.113	0.792	0.812	0.850	0.119	0.030	0.337
D6	0.1	0.000	0.005	0.086	0.091	0.776	0.795	1.000	0.234	0.062	0.323
D6	0.2	0.000	0.005	0.087	0.092	0.797	0.813	1.000	0.440	0.089	0.282
D7	0.05	0.000	0.005	0.040	0.045	0.185	0.223	0.950	-0.031	-0.017	0.389
D7	0.1	0.000	0.005	0.028	0.033	0.217	0.244	0.950	-0.071	-0.046	0.421
D7	0.2	0.000	0.003	0.030	0.033	0.221	0.245	1.000	-0.135	-0.068	0.482
