form	modern_lemma	pos	comment
дщерь	дочь	NOUN	церковнослав. форма, лемматизатор оставляет как есть
дщери	дочь	NOUN	косв. падеж формы выше
мнози	многий	ADJ	церковнослав. мн.ч. им.п. "мнозий"
мног	многий	ADJ	краткая форма
руце	рука	NOUN	церковнослав. двойств./мн.ч. "рука"
руки	рука	NOUN	для унификации с руце в индексе
возглаголют	говорить	VERB	возглаголати -> говорить/сказать
возглаголят	говорить	VERB	вариант окончания
возглаголати	говорить	VERB	инфинитив
приидите	прийти	VERB	церковнослав. императив мн.ч.
приидет	прийти	VERB	3 л. ед.ч. будущего
приидох	прийти	VERB	1 л. ед.ч. аорист
прииде	прийти	VERB	3 л. ед.ч. аорист
вельми	очень	ADV	церковнослав. наречие степени
зело	очень	ADV	церковнослав. наречие степени
паче	более	ADV	церковнослав. "тем более", "более чем"
выну	всегда	ADV	церковнослав.
присно	всегда	ADV	церковнослав. (ср. "присно и во веки")
абие	тотчас	ADV	церковнослав.
рекох	сказать	VERB	аорист от "рещи"
рек	сказать	VERB	аорист от "рещи"
рече	сказать	VERB	3 л. ед.ч. аорист от "рещи"
рещи	сказать	VERB	инфинитив
глаголати	говорить	VERB	инфинитив
глаголет	говорить	VERB	3 л. ед.ч.
глаголал	говорить	VERB	прош. время
узрит	увидеть	VERB	будущее от "узреть" (архаично, но частично сохранилось)
узрел	увидеть	VERB	прошедшее
зрит	смотреть	VERB	архаичное наст. время
уста	рот	NOUN	архаично-поэтическое, полисемия: избегать путать с совр. "уста" в идиомах
десница	рука	NOUN	"правая рука" (архаич.)
шуйца	рука	NOUN	"левая рука" (архаич.)
чело	лоб	NOUN	архаично-поэтическое
перст	палец	NOUN	архаично-поэтическое
персты	палец	NOUN	мн.ч.
ланиты	щека	NOUN	архаично-поэтическое
очи	глаз	NOUN	архаично-поэтическое мн.ч. "глаз"
око	глаз	NOUN	ед.ч.
рамена	плечо	NOUN	архаич. мн.ч. "плечо"
живот	жизнь	NOUN	архаич. значение "жизнь" (омоним совр. "живот" = часть тела) — требует контекста, помечать неоднозначным
сей	этот	DET	архаич. указат. местоимение, база парадигмы
сия	этот	DET	ж.р. формы "сей"
сие	этот	DET	ср.р.
сему	этот	DET	дат.п.
сего	этот	DET	род.п.
сим	этот	DET	дат./твор.п. мн.ч. или твор.п. ед.ч.
сих	этот	DET	род./вин.п. мн.ч.
оный	тот	DET	архаич. указат. местоимение
оная	тот	DET	ж.р.
оное	тот	DET	ср.р.
аз	я	PRON	архаич. 1 л. ед.ч.
кой	который	PRON	архаич. относит. местоимение
коего	который	PRON	род.п.
дабы	чтобы	SCONJ	архаич. союз цели
доколе	до каких пор	ADV	архаич. вопрос./относит. наречие
ибо	потому что	SCONJ	архаично-книжное, обычно уже верно в совр. словарях — оставлено для проверки
токмо	только	ADV	архаич.
паки	снова	ADV	архаич. ("паки и паки")
семо	сюда	ADV	архаич.
овамо	туда	ADV	архаич.
егда	когда	SCONJ	архаич.
дондеже	до тех пор как	SCONJ	архаич.
понеже	поскольку	SCONJ	архаич.
убо	итак	PART	архаич. частица
несть	нет	PART	архаич. "не есть"
бе	быть	VERB	архаич. имперфект "был"
бяше	быть	VERB	архаич. имперфект
суть	быть	VERB	архаич. 3 л. мн.ч. наст. времени
еси	быть	VERB	архаич. 2 л. ед.ч. наст. времени
согреших	грешить	VERB	аорист "я согрешил"
воньми	внимать	VERB	императив "внемли"
вонми	внимать	VERB	вариант написания
внемли	внимать	VERB	императив
благоволил	соблаговолить	VERB	архаично-книжное
тварь	творение	NOUN	архаич. значение "создание, существо" (не путать с совр. пейоративным смыслом)
