record_id	has_bridge	bridge_type
R001	0	none
R002	0	none
R003	0	none
R004	0	none
R005	0	none
R006	1	rare
R007	0	none
R008	0	none
R009	0	none
R010	1	rare
R011	1	rare
R012	1	rare
R013	0	none
R014	0	none
R015	1	rare
R016	0	none
R017	0	none
R018	0	none
R019	1	rare
R020	1	rare
R021	1	rare
R022	1	rare
R023	1	rare
R024	0	none
R025	1	rare
R026	1	rare
R027	1	rare
R028	1	rare
R029	1	both
R030	0	none
R031	1	both
R032	1	rare
R033	0	none
R034	1	rare
R035	1	rare
R036	1	rare
R037	1	rare
R038	1	rare
R039	1	rare
R040	1	rare
R041	1	rare
R042	1	rare
R043	1	rare
R044	0	none
R045	0	none
R046	1	rare
R047	0	none
R048	0	none
R049	0	none
R050	0	none
R051	0	none
R052	0	none
R053	0	none
R054	0	none
R055	0	none
R056	0	none
R057	0	none
R058	0	none
R059	1	rare
R060	0	none
R061	0	none
R062	0	none
R063	0	none
R064	0	none
R065	1	rare
R066	1	rare
R067	1	rare
R068	1	rare
R069	0	none
R070	0	none
R071	1	rare
R072	0	none
R073	1	rare
R074	1	rare
R075	1	rare
R076	0	none
R077	1	rare
R078	1	rare
R079	1	rare
R080	0	none
R081	1	rare
R082	1	rare
R083	1	rare
R084	0	none
R085	1	rare
R086	0	none
R087	1	rare
R088	1	rare
R089	1	rare
R090	1	rare
R091	0	none
R092	0	none
R093	1	rare
R094	0	none
R095	0	none
R096	1	rare
R097	1	rare
R098	1	rare
